Authors,Source,Title,Year,Cooling Rate (°C/min),Heating Rate (°C/min),Ni (at.%),composition,Ti (at.%),Zr (at.%)
D. N. Abujudom; M. Y. Kao; P. E. Thoma and D. R. Angst,US5114504,High Transformation Temperature Shape Memory Alloy,1992.0,10.0,10.0,49.0,Ni49.0Ti50.0Zr1.0 %,50.0,1.0
D. N. Abujudom; M. Y. Kao; P. E. Thoma and D. R. Angst,US5114504,High Transformation Temperature Shape Memory Alloy,1992.0,10.0,10.0,49.0,Ni49.0Ti46.0Zr5.0 %,46.0,5.0
D. N. Abujudom; M. Y. Kao; P. E. Thoma and D. R. Angst,US5114504,High Transformation Temperature Shape Memory Alloy,1992.0,10.0,10.0,49.0,Ni49.0Ti43.0Zr8.0 %,43.0,8.0
J. Beyer and J. H. Mulder,Materials Research Society,Recent developments in high temperature shape memory alloys,1994.0,20.0,20.0,49.5,Ni49.5Ti35.5Zr15.0 %,35.5,15.0
J. H. Mulder; J. Beyer; P. Donner and J. Peterseim,Shape Memory and Superelastic Technologies,On the High Temperature Shape Memory Capabilities of Ni-(TiZr) and Ni-(TiHf) Alloys,1994.0,10.0,10.0,48.4,Ni48.4Ti44.9Zr6.7 %,44.9,6.7
J. H. Mulder; J. Beyer; P. Donner and J. Peterseim,Shape Memory and Superelastic Technologies,On the High Temperature Shape Memory Capabilities of Ni-(TiZr) and Ni-(TiHf) Alloys,1994.0,20.0,20.0,48.4,Ni48.4Ti44.9Zr6.7 %,44.9,6.7
J. H. Mulder; J. Beyer; P. Donner and J. Peterseim,Shape Memory and Superelastic Technologies,On the High Temperature Shape Memory Capabilities of Ni-(TiZr) and Ni-(TiHf) Alloys,1994.0,20.0,20.0,48.4,Ni48.4Ti44.9Zr6.7 %,44.9,6.7
J. H. Mulder; J. Beyer; P. Donner and J. Peterseim,Shape Memory and Superelastic Technologies,On the High Temperature Shape Memory Capabilities of Ni-(TiZr) and Ni-(TiHf) Alloys,1994.0,20.0,20.0,48.4,Ni48.4Ti44.9Zr6.7 %,44.9,6.7
J. H. Mulder; J. Beyer; P. Donner and J. Peterseim,Shape Memory and Superelastic Technologies,On the High Temperature Shape Memory Capabilities of Ni-(TiZr) and Ni-(TiHf) Alloys,1994.0,20.0,20.0,48.4,Ni48.4Ti44.9Zr6.7 %,44.9,6.7
J. H. Mulder; J. Beyer; P. Donner and J. Peterseim,Shape Memory and Superelastic Technologies,On the High Temperature Shape Memory Capabilities of Ni-(TiZr) and Ni-(TiHf) Alloys,1994.0,20.0,20.0,48.4,Ni48.4Ti44.9Zr6.7 %,44.9,6.7
J. H. Mulder; J. Beyer; P. Donner and J. Peterseim,Shape Memory and Superelastic Technologies,On the High Temperature Shape Memory Capabilities of Ni-(TiZr) and Ni-(TiHf) Alloys,1994.0,20.0,20.0,48.4,Ni48.4Ti44.9Zr6.7 %,44.9,6.7
J. H. Mulder; J. Beyer; P. Donner and J. Peterseim,Shape Memory and Superelastic Technologies,On the High Temperature Shape Memory Capabilities of Ni-(TiZr) and Ni-(TiHf) Alloys,1994.0,10.0,10.0,49.5,Ni49.5Ti38.0Zr12.5 %,38.0,12.5
J. H. Mulder; J. Beyer; P. Donner and J. Peterseim,Shape Memory and Superelastic Technologies,On the High Temperature Shape Memory Capabilities of Ni-(TiZr) and Ni-(TiHf) Alloys,1994.0,10.0,10.0,48.0,Ni48.0Ti38.0Zr14.0 %,38.0,14.0
J. H. Mulder; J. Beyer; P. Donner and J. Peterseim,Shape Memory and Superelastic Technologies,On the High Temperature Shape Memory Capabilities of Ni-(TiZr) and Ni-(TiHf) Alloys,1994.0,10.0,10.0,49.5,Ni49.5Ti36.25Zr14.25 %,36.25,14.25
J. H. Mulder; J. Beyer; P. Donner and J. Peterseim,Shape Memory and Superelastic Technologies,On the High Temperature Shape Memory Capabilities of Ni-(TiZr) and Ni-(TiHf) Alloys,1994.0,10.0,10.0,49.5,Ni49.5Ti35.5Zr15.0 %,35.5,15.0
J. H. Mulder; J. Beyer; P. Donner and J. Peterseim,Shape Memory and Superelastic Technologies,On the High Temperature Shape Memory Capabilities of Ni-(TiZr) and Ni-(TiHf) Alloys,1994.0,10.0,10.0,43.0,Ni43.0Ti41.0Zr16.0 %,41.0,16.0
J. H. Mulder; J. Beyer; P. Donner and J. Peterseim,Shape Memory and Superelastic Technologies,On the High Temperature Shape Memory Capabilities of Ni-(TiZr) and Ni-(TiHf) Alloys,1994.0,10.0,10.0,48.7,Ni48.7Ti35.3Zr16.0 %,35.3,16.0
J. H. Mulder; J. Beyer; P. Donner and J. Peterseim,Shape Memory and Superelastic Technologies,On the High Temperature Shape Memory Capabilities of Ni-(TiZr) and Ni-(TiHf) Alloys,1994.0,20.0,20.0,48.7,Ni48.7Ti35.3Zr16.0 %,35.3,16.0
J. H. Mulder; J. Beyer; P. Donner and J. Peterseim,Shape Memory and Superelastic Technologies,On the High Temperature Shape Memory Capabilities of Ni-(TiZr) and Ni-(TiHf) Alloys,1994.0,20.0,20.0,48.7,Ni48.7Ti35.3Zr16.0 %,35.3,16.0
J. H. Mulder; J. Beyer; P. Donner and J. Peterseim,Shape Memory and Superelastic Technologies,On the High Temperature Shape Memory Capabilities of Ni-(TiZr) and Ni-(TiHf) Alloys,1994.0,20.0,20.0,48.7,Ni48.7Ti35.3Zr16.0 %,35.3,16.0
J. H. Mulder; J. Beyer; P. Donner and J. Peterseim,Shape Memory and Superelastic Technologies,On the High Temperature Shape Memory Capabilities of Ni-(TiZr) and Ni-(TiHf) Alloys,1994.0,20.0,20.0,48.7,Ni48.7Ti35.3Zr16.0 %,35.3,16.0
J. H. Mulder; J. Beyer; P. Donner and J. Peterseim,Shape Memory and Superelastic Technologies,On the High Temperature Shape Memory Capabilities of Ni-(TiZr) and Ni-(TiHf) Alloys,1994.0,20.0,20.0,48.7,Ni48.7Ti35.3Zr16.0 %,35.3,16.0
J. H. Mulder; J. Beyer; P. Donner and J. Peterseim,Shape Memory and Superelastic Technologies,On the High Temperature Shape Memory Capabilities of Ni-(TiZr) and Ni-(TiHf) Alloys,1994.0,20.0,20.0,48.7,Ni48.7Ti35.3Zr16.0 %,35.3,16.0
J. H. Mulder; J. Beyer; P. Donner and J. Peterseim,Shape Memory and Superelastic Technologies,On the High Temperature Shape Memory Capabilities of Ni-(TiZr) and Ni-(TiHf) Alloys,1994.0,20.0,20.0,48.7,Ni48.7Ti35.3Zr16.0 %,35.3,16.0
J. H. Mulder; J. Beyer; P. Donner and J. Peterseim,Shape Memory and Superelastic Technologies,On the High Temperature Shape Memory Capabilities of Ni-(TiZr) and Ni-(TiHf) Alloys,1994.0,20.0,20.0,48.7,Ni48.7Ti35.3Zr16.0 %,35.3,16.0
J. H. Mulder; J. Beyer; P. Donner and J. Peterseim,Shape Memory and Superelastic Technologies,On the High Temperature Shape Memory Capabilities of Ni-(TiZr) and Ni-(TiHf) Alloys,1994.0,10.0,10.0,48.7,Ni48.7Ti33.8Zr17.5 %,33.8,17.5
J. H. Mulder; J. Beyer; P. Donner and J. Peterseim,Shape Memory and Superelastic Technologies,On the High Temperature Shape Memory Capabilities of Ni-(TiZr) and Ni-(TiHf) Alloys,1994.0,20.0,20.0,48.7,Ni48.7Ti33.8Zr17.5 %,33.8,17.5
J. H. Mulder; J. Beyer; P. Donner and J. Peterseim,Shape Memory and Superelastic Technologies,On the High Temperature Shape Memory Capabilities of Ni-(TiZr) and Ni-(TiHf) Alloys,1994.0,20.0,20.0,48.7,Ni48.7Ti33.8Zr17.5 %,33.8,17.5
J. H. Mulder; J. Beyer; P. Donner and J. Peterseim,Shape Memory and Superelastic Technologies,On the High Temperature Shape Memory Capabilities of Ni-(TiZr) and Ni-(TiHf) Alloys,1994.0,20.0,20.0,48.7,Ni48.7Ti33.8Zr17.5 %,33.8,17.5
J. H. Mulder; J. Beyer; P. Donner and J. Peterseim,Shape Memory and Superelastic Technologies,On the High Temperature Shape Memory Capabilities of Ni-(TiZr) and Ni-(TiHf) Alloys,1994.0,20.0,20.0,48.7,Ni48.7Ti33.8Zr17.5 %,33.8,17.5
J. H. Mulder; J. Beyer; P. Donner and J. Peterseim,Shape Memory and Superelastic Technologies,On the High Temperature Shape Memory Capabilities of Ni-(TiZr) and Ni-(TiHf) Alloys,1994.0,20.0,20.0,48.7,Ni48.7Ti33.8Zr17.5 %,33.8,17.5
J. H. Mulder; J. Beyer; P. Donner and J. Peterseim,Shape Memory and Superelastic Technologies,On the High Temperature Shape Memory Capabilities of Ni-(TiZr) and Ni-(TiHf) Alloys,1994.0,20.0,20.0,48.7,Ni48.7Ti33.8Zr17.5 %,33.8,17.5
J. H. Mulder; J. Beyer; P. Donner and J. Peterseim,Shape Memory and Superelastic Technologies,On the High Temperature Shape Memory Capabilities of Ni-(TiZr) and Ni-(TiHf) Alloys,1994.0,20.0,20.0,48.7,Ni48.7Ti33.8Zr17.5 %,33.8,17.5
J. H. Mulder; J. Beyer; P. Donner and J. Peterseim,Shape Memory and Superelastic Technologies,On the High Temperature Shape Memory Capabilities of Ni-(TiZr) and Ni-(TiHf) Alloys,1994.0,20.0,20.0,48.7,Ni48.7Ti33.8Zr17.5 %,33.8,17.5
J. H. Mulder; J. Beyer; P. Donner and J. Peterseim,Shape Memory and Superelastic Technologies,On the High Temperature Shape Memory Capabilities of Ni-(TiZr) and Ni-(TiHf) Alloys,1994.0,20.0,20.0,48.7,Ni48.7Ti33.8Zr17.5 %,33.8,17.5
S. F. Hsieh and S. K. Wu,Materials Characterization,A Study on Ternary Ti-rich TiNiZr Shape Memory Alloys,1998.0,10.0,10.0,48.5,Ni48.5Ti46.5Zr5.0 %,46.5,5.0
S. F. Hsieh and S. K. Wu,Materials Characterization,A Study on Ternary Ti-rich TiNiZr Shape Memory Alloys,1998.0,10.0,10.0,49.5,Ni49.5Ti45.5Zr5.0 %,45.5,5.0
S. F. Hsieh and S. K. Wu,Materials Characterization,A Study on Ternary Ti-rich TiNiZr Shape Memory Alloys,1998.0,10.0,10.0,48.5,Ni48.5Ti41.5Zr10.0 %,41.5,10.0
S. F. Hsieh and S. K. Wu,Materials Characterization,A Study on Ternary Ti-rich TiNiZr Shape Memory Alloys,1998.0,10.0,10.0,48.5,Ni48.5Ti41.5Zr10.0 %,41.5,10.0
S. F. Hsieh and S. K. Wu,Materials Characterization,A Study on Ternary Ti-rich TiNiZr Shape Memory Alloys,1998.0,10.0,10.0,48.5,Ni48.5Ti41.5Zr10.0 %,41.5,10.0
S. F. Hsieh and S. K. Wu,Materials Characterization,A Study on Ternary Ti-rich TiNiZr Shape Memory Alloys,1998.0,10.0,10.0,48.5,Ni48.5Ti41.5Zr10.0 %,41.5,10.0
S. F. Hsieh and S. K. Wu,Materials Characterization,A Study on Ternary Ti-rich TiNiZr Shape Memory Alloys,1998.0,10.0,10.0,48.5,Ni48.5Ti41.5Zr10.0 %,41.5,10.0
S. F. Hsieh and S. K. Wu,Materials Characterization,A Study on Ternary Ti-rich TiNiZr Shape Memory Alloys,1998.0,10.0,10.0,48.5,Ni48.5Ti41.5Zr10.0 %,41.5,10.0
S. F. Hsieh and S. K. Wu,Materials Characterization,A Study on Ternary Ti-rich TiNiZr Shape Memory Alloys,1998.0,10.0,10.0,48.5,Ni48.5Ti41.5Zr10.0 %,41.5,10.0
S. F. Hsieh and S. K. Wu,Materials Characterization,A Study on Ternary Ti-rich TiNiZr Shape Memory Alloys,1998.0,10.0,10.0,48.5,Ni48.5Ti41.5Zr10.0 %,41.5,10.0
S. F. Hsieh and S. K. Wu,Materials Characterization,A Study on Ternary Ti-rich TiNiZr Shape Memory Alloys,1998.0,10.0,10.0,49.5,Ni49.5Ti40.5Zr10.0 %,40.5,10.0
S. F. Hsieh and S. K. Wu,Materials Characterization,A Study on Ternary Ti-rich TiNiZr Shape Memory Alloys,1998.0,10.0,10.0,49.5,Ni49.5Ti40.5Zr10.0 %,40.5,10.0
S. F. Hsieh and S. K. Wu,Materials Characterization,A Study on Ternary Ti-rich TiNiZr Shape Memory Alloys,1998.0,10.0,10.0,49.5,Ni49.5Ti40.5Zr10.0 %,40.5,10.0
S. F. Hsieh and S. K. Wu,Materials Characterization,A Study on Ternary Ti-rich TiNiZr Shape Memory Alloys,1998.0,10.0,10.0,49.5,Ni49.5Ti40.5Zr10.0 %,40.5,10.0
S. F. Hsieh and S. K. Wu,Materials Characterization,A Study on Ternary Ti-rich TiNiZr Shape Memory Alloys,1998.0,10.0,10.0,49.5,Ni49.5Ti40.5Zr10.0 %,40.5,10.0
S. F. Hsieh and S. K. Wu,Materials Characterization,A Study on Ternary Ti-rich TiNiZr Shape Memory Alloys,1998.0,10.0,10.0,49.5,Ni49.5Ti40.5Zr10.0 %,40.5,10.0
S. F. Hsieh and S. K. Wu,Materials Characterization,A Study on Ternary Ti-rich TiNiZr Shape Memory Alloys,1998.0,10.0,10.0,49.5,Ni49.5Ti40.5Zr10.0 %,40.5,10.0
S. F. Hsieh and S. K. Wu,Materials Characterization,A Study on Ternary Ti-rich TiNiZr Shape Memory Alloys,1998.0,10.0,10.0,49.5,Ni49.5Ti40.5Zr10.0 %,40.5,10.0
S. F. Hsieh and S. K. Wu,Materials Characterization,A Study on Ternary Ti-rich TiNiZr Shape Memory Alloys,1998.0,10.0,10.0,48.5,Ni48.5Ti36.5Zr15.0 %,36.5,15.0
S. F. Hsieh and S. K. Wu,Materials Characterization,A Study on Ternary Ti-rich TiNiZr Shape Memory Alloys,1998.0,10.0,10.0,49.5,Ni49.5Ti35.5Zr15.0 %,35.5,15.0
S. F. Hsieh and S. K. Wu,Materials Characterization,A Study on Ternary Ti-rich TiNiZr Shape Memory Alloys,1998.0,10.0,10.0,48.5,Ni48.5Ti31.5Zr20.0 %,31.5,20.0
S. F. Hsieh and S. K. Wu,Materials Characterization,A Study on Ternary Ti-rich TiNiZr Shape Memory Alloys,1998.0,10.0,10.0,49.5,Ni49.5Ti30.5Zr20.0 %,30.5,20.0
S. F. Hsieh and S. K. Wu,Materials Characterization,A Study on Ternary Ti-rich TiNiZr Shape Memory Alloys,1998.0,10.0,10.0,48.5,Ni48.5Ti26.5Zr25.0 %,26.5,25.0
S. F. Hsieh and S. K. Wu,Materials Characterization,A Study on Ternary Ti-rich TiNiZr Shape Memory Alloys,1998.0,10.0,10.0,48.5,Ni48.5Ti26.5Zr25.0 %,26.5,25.0
S. F. Hsieh and S. K. Wu,Materials Characterization,A Study on Ternary Ti-rich TiNiZr Shape Memory Alloys,1998.0,10.0,10.0,48.5,Ni48.5Ti26.5Zr25.0 %,26.5,25.0
S. F. Hsieh and S. K. Wu,Materials Characterization,A Study on Ternary Ti-rich TiNiZr Shape Memory Alloys,1998.0,10.0,10.0,48.5,Ni48.5Ti26.5Zr25.0 %,26.5,25.0
S. F. Hsieh and S. K. Wu,Materials Characterization,A Study on Ternary Ti-rich TiNiZr Shape Memory Alloys,1998.0,10.0,10.0,48.5,Ni48.5Ti26.5Zr25.0 %,26.5,25.0
S. F. Hsieh and S. K. Wu,Materials Characterization,A Study on Ternary Ti-rich TiNiZr Shape Memory Alloys,1998.0,10.0,10.0,48.5,Ni48.5Ti26.5Zr25.0 %,26.5,25.0
S. F. Hsieh and S. K. Wu,Materials Characterization,A Study on Ternary Ti-rich TiNiZr Shape Memory Alloys,1998.0,10.0,10.0,48.5,Ni48.5Ti26.5Zr25.0 %,26.5,25.0
S. F. Hsieh and S. K. Wu,Materials Characterization,A Study on Ternary Ti-rich TiNiZr Shape Memory Alloys,1998.0,10.0,10.0,48.5,Ni48.5Ti26.5Zr25.0 %,26.5,25.0
S. F. Hsieh and S. K. Wu,Materials Characterization,A Study on Ternary Ti-rich TiNiZr Shape Memory Alloys,1998.0,10.0,10.0,48.5,Ni48.5Ti26.5Zr25.0 %,26.5,25.0
S. F. Hsieh and S. K. Wu,Materials Characterization,A Study on Ternary Ti-rich TiNiZr Shape Memory Alloys,1998.0,10.0,10.0,48.5,Ni48.5Ti26.5Zr25.0 %,26.5,25.0
S. F. Hsieh and S. K. Wu,Materials Characterization,A Study on Ternary Ti-rich TiNiZr Shape Memory Alloys,1998.0,10.0,10.0,48.5,Ni48.5Ti26.5Zr25.0 %,26.5,25.0
S. F. Hsieh and S. K. Wu,Materials Characterization,A Study on Ternary Ti-rich TiNiZr Shape Memory Alloys,1998.0,10.0,10.0,48.5,Ni48.5Ti26.5Zr25.0 %,26.5,25.0
S. F. Hsieh and S. K. Wu,Materials Characterization,A Study on Ternary Ti-rich TiNiZr Shape Memory Alloys,1998.0,10.0,10.0,48.5,Ni48.5Ti26.5Zr25.0 %,26.5,25.0
S. F. Hsieh and S. K. Wu,Materials Characterization,A Study on Ternary Ti-rich TiNiZr Shape Memory Alloys,1998.0,10.0,10.0,48.5,Ni48.5Ti26.5Zr25.0 %,26.5,25.0
S. F. Hsieh and S. K. Wu,Materials Characterization,A Study on Ternary Ti-rich TiNiZr Shape Memory Alloys,1998.0,10.0,10.0,48.5,Ni48.5Ti26.5Zr25.0 %,26.5,25.0
S. F. Hsieh and S. K. Wu,Journal of Alloys and Compounds,Room-temperature phases observed in Ti53−xNi47Zrx high-temperature shape memory alloys,1998.0,10.0,10.0,47.0,Ni47.0Ti48.0Zr5.0 %,48.0,5.0
S. F. Hsieh and S. K. Wu,Journal of Alloys and Compounds,Room-temperature phases observed in Ti53−xNi47Zrx high-temperature shape memory alloys,1998.0,10.0,10.0,47.0,Ni47.0Ti43.0Zr10.0 %,43.0,10.0
S. F. Hsieh and S. K. Wu,Journal of Alloys and Compounds,Room-temperature phases observed in Ti53−xNi47Zrx high-temperature shape memory alloys,1998.0,10.0,10.0,47.0,Ni47.0Ti38.0Zr15.0 %,38.0,15.0
S. F. Hsieh and S. K. Wu,Journal of Alloys and Compounds,Room-temperature phases observed in Ti53−xNi47Zrx high-temperature shape memory alloys,1998.0,10.0,10.0,47.0,Ni47.0Ti33.0Zr20.0 %,33.0,20.0
S. K. Wu and S. F. Hsieh,Journal of Alloys and Compounds,Martensitic transformation of a Ti-rich Ti40.5Ni49.5Zr10 shape memory alloy,2000.0,10.0,10.0,49.5,Ni49.5Ti40.5Zr10.0 %,40.5,10.0
S. K. Wu and S. F. Hsieh,Journal of Alloys and Compounds,Martensitic transformation of a Ti-rich Ti40.5Ni49.5Zr10 shape memory alloy,2000.0,10.0,10.0,49.5,Ni49.5Ti40.5Zr10.0 %,40.5,10.0
S. K. Wu and S. F. Hsieh,Journal of Alloys and Compounds,Martensitic transformation of a Ti-rich Ti40.5Ni49.5Zr10 shape memory alloy,2000.0,10.0,10.0,49.5,Ni49.5Ti40.5Zr10.0 %,40.5,10.0
S. K. Wu and S. F. Hsieh,Journal of Alloys and Compounds,Martensitic transformation of a Ti-rich Ti40.5Ni49.5Zr10 shape memory alloy,2000.0,10.0,10.0,49.5,Ni49.5Ti40.5Zr10.0 %,40.5,10.0
S. K. Wu and S. F. Hsieh,Journal of Alloys and Compounds,Martensitic transformation of a Ti-rich Ti40.5Ni49.5Zr10 shape memory alloy,2000.0,10.0,10.0,49.5,Ni49.5Ti40.5Zr10.0 %,40.5,10.0
S. K. Wu and S. F. Hsieh,Journal of Alloys and Compounds,Martensitic transformation of a Ti-rich Ti40.5Ni49.5Zr10 shape memory alloy,2000.0,10.0,10.0,49.5,Ni49.5Ti40.5Zr10.0 %,40.5,10.0
F. Cuevas; M. Latroche; P. Ochin; A. Dezellus; J. F. Fernández; C. Sánchez and A. Percheron-Guégan,Journal of Alloys and Compounds,Influence of the martensitic transformation on the hydrogenation properties of Ti50−xZrxNi50 alloys,2002.0,10.0,10.0,50.0,Ni50.0Ti44.0Zr6.0 %,44.0,6.0
F. Cuevas; M. Latroche; P. Ochin; A. Dezellus; J. F. Fernández; C. Sánchez and A. Percheron-Guégan,Journal of Alloys and Compounds,Influence of the martensitic transformation on the hydrogenation properties of Ti50−xZrxNi50 alloys,2002.0,10.0,10.0,50.0,Ni50.0Ti44.0Zr6.0 %,44.0,6.0
F. Cuevas; M. Latroche; P. Ochin; A. Dezellus; J. F. Fernández; C. Sánchez and A. Percheron-Guégan,Journal of Alloys and Compounds,Influence of the martensitic transformation on the hydrogenation properties of Ti50−xZrxNi50 alloys,2002.0,10.0,10.0,50.0,Ni50.0Ti38.0Zr12.0 %,38.0,12.0
F. Cuevas; M. Latroche; P. Ochin; A. Dezellus; J. F. Fernández; C. Sánchez and A. Percheron-Guégan,Journal of Alloys and Compounds,Influence of the martensitic transformation on the hydrogenation properties of Ti50−xZrxNi50 alloys,2002.0,10.0,10.0,50.0,Ni50.0Ti32.0Zr18.0 %,32.0,18.0
F. Cuevas; M. Latroche; P. Ochin; A. Dezellus; J. F. Fernández; C. Sánchez and A. Percheron-Guégan,Journal of Alloys and Compounds,Influence of the martensitic transformation on the hydrogenation properties of Ti50−xZrxNi50 alloys,2002.0,10.0,10.0,50.0,Ni50.0Ti26.0Zr24.0 %,26.0,24.0
T. Sawaguchi; M. Sato and A. Ishida,Materials Science Forum,Sputter-Deposited TiZrNi High-Temperature Shape-Memory Thin Films,2002.0,10.0,10.0,49.7,Ni49.7Ti34.9Zr15.4 %,34.9,15.4
T. Sawaguchi; M. Sato and A. Ishida,Materials Science Forum,Sputter-Deposited TiZrNi High-Temperature Shape-Memory Thin Films,2002.0,10.0,10.0,49.7,Ni49.7Ti34.9Zr15.4 %,34.9,15.4
T. Sawaguchi; M. Sato and A. Ishida,Materials Science Forum,Sputter-Deposited TiZrNi High-Temperature Shape-Memory Thin Films,2002.0,10.0,10.0,49.7,Ni49.7Ti34.9Zr15.4 %,34.9,15.4
T. Sawaguchi; M. Sato and A. Ishida,Materials Science Forum,Sputter-Deposited TiZrNi High-Temperature Shape-Memory Thin Films,2002.0,10.0,10.0,49.7,Ni49.7Ti34.9Zr15.4 %,34.9,15.4
T. Sawaguchi; M. Sato and A. Ishida,Materials Science Forum,Sputter-Deposited TiZrNi High-Temperature Shape-Memory Thin Films,2002.0,10.0,10.0,49.7,Ni49.7Ti34.9Zr15.4 %,34.9,15.4
T. Sawaguchi; M. Sato and A. Ishida,Materials Science Forum,Sputter-Deposited TiZrNi High-Temperature Shape-Memory Thin Films,2002.0,10.0,10.0,49.7,Ni49.7Ti34.9Zr15.4 %,34.9,15.4
T. Sawaguchi; M. Sato and A. Ishida,Materials Science Forum,Sputter-Deposited TiZrNi High-Temperature Shape-Memory Thin Films,2002.0,10.0,10.0,49.7,Ni49.7Ti34.9Zr15.4 %,34.9,15.4
T. Sawaguchi; M. Sato and A. Ishida,Materials Science Forum,Sputter-Deposited TiZrNi High-Temperature Shape-Memory Thin Films,2002.0,10.0,10.0,49.7,Ni49.7Ti34.9Zr15.4 %,34.9,15.4
T. Sawaguchi; M. Sato and A. Ishida,Materials Science Forum,Sputter-Deposited TiZrNi High-Temperature Shape-Memory Thin Films,2002.0,10.0,10.0,49.7,Ni49.7Ti34.9Zr15.4 %,34.9,15.4
T. Sawaguchi; M. Sato and A. Ishida,Materials Science Forum,Sputter-Deposited TiZrNi High-Temperature Shape-Memory Thin Films,2002.0,10.0,10.0,49.7,Ni49.7Ti34.9Zr15.4 %,34.9,15.4
T. Sawaguchi; M. Sato and A. Ishida,Materials Science Forum,Sputter-Deposited TiZrNi High-Temperature Shape-Memory Thin Films,2002.0,10.0,10.0,49.7,Ni49.7Ti34.9Zr15.4 %,34.9,15.4
T. Sawaguchi; M. Sato and A. Ishida,Materials Science Forum,Sputter-Deposited TiZrNi High-Temperature Shape-Memory Thin Films,2002.0,10.0,10.0,49.7,Ni49.7Ti34.9Zr15.4 %,34.9,15.4
T. Sawaguchi; M. Sato and A. Ishida,Materials Science Forum,Sputter-Deposited TiZrNi High-Temperature Shape-Memory Thin Films,2002.0,10.0,10.0,49.7,Ni49.7Ti34.9Zr15.4 %,34.9,15.4
T. Sawaguchi; M. Sato and A. Ishida,Materials Science Forum,Sputter-Deposited TiZrNi High-Temperature Shape-Memory Thin Films,2002.0,10.0,10.0,49.7,Ni49.7Ti34.9Zr15.4 %,34.9,15.4
T. Sawaguchi; M. Sato and A. Ishida,Materials Science Forum,Sputter-Deposited TiZrNi High-Temperature Shape-Memory Thin Films,2002.0,10.0,10.0,49.7,Ni49.7Ti34.9Zr15.4 %,34.9,15.4
T. Sawaguchi; M. Sato and A. Ishida,Materials Science Forum,Sputter-Deposited TiZrNi High-Temperature Shape-Memory Thin Films,2002.0,10.0,10.0,49.7,Ni49.7Ti34.9Zr15.4 %,34.9,15.4
T. Sawaguchi; M. Sato and A. Ishida,Materials Science Forum,Sputter-Deposited TiZrNi High-Temperature Shape-Memory Thin Films,2002.0,10.0,10.0,49.7,Ni49.7Ti34.9Zr15.4 %,34.9,15.4
T. Sawaguchi; M. Sato and A. Ishida,Materials Science Forum,Sputter-Deposited TiZrNi High-Temperature Shape-Memory Thin Films,2002.0,10.0,10.0,49.7,Ni49.7Ti34.9Zr15.4 %,34.9,15.4
T. Sawaguchi; M. Sato and A. Ishida,Materials Science Forum,Sputter-Deposited TiZrNi High-Temperature Shape-Memory Thin Films,2002.0,10.0,10.0,49.7,Ni49.7Ti34.9Zr15.4 %,34.9,15.4
T. Sawaguchi; M. Sato and A. Ishida,Materials Science Forum,Sputter-Deposited TiZrNi High-Temperature Shape-Memory Thin Films,2002.0,10.0,10.0,49.7,Ni49.7Ti34.9Zr15.4 %,34.9,15.4
T. Sawaguchi; M. Sato and A. Ishida,Materials Science Forum,Sputter-Deposited TiZrNi High-Temperature Shape-Memory Thin Films,2002.0,10.0,10.0,49.7,Ni49.7Ti34.9Zr15.4 %,34.9,15.4
G. S. Firstov; J. Van Humbeeck and Y. N. Koval,Scripta Materialia,Comparison of high temperature shape memory behaviour for ZrCu-based; Ti–Ni–Zr and Ti–Ni–Hf alloys,2004.0,5.0,5.0,48.79,Ni48.79Ti33.0Zr18.21 %,33.0,18.21
T. Sawaguchi; M. Sato and A. Ishida,Metallurgical and Materials Transactions A,Grain-size effect on shape-memory behavior of Ti35.0Ni49.7Zr15.4 thin films,2004.0,10.0,10.0,49.7,Ni49.7Ti34.9Zr15.4 %,34.9,15.4
T. Sawaguchi; M. Sato and A. Ishida,Metallurgical and Materials Transactions A,Grain-size effect on shape-memory behavior of Ti35.0Ni49.7Zr15.4 thin films,2004.0,10.0,10.0,49.7,Ni49.7Ti34.9Zr15.4 %,34.9,15.4
T. Sawaguchi; M. Sato and A. Ishida,Metallurgical and Materials Transactions A,Grain-size effect on shape-memory behavior of Ti35.0Ni49.7Zr15.4 thin films,2004.0,10.0,10.0,49.7,Ni49.7Ti34.9Zr15.4 %,34.9,15.4
T. Sawaguchi; M. Sato and A. Ishida,Metallurgical and Materials Transactions A,Grain-size effect on shape-memory behavior of Ti35.0Ni49.7Zr15.4 thin films,2004.0,10.0,10.0,49.7,Ni49.7Ti34.9Zr15.4 %,34.9,15.4
T. Sawaguchi; M. Sato and A. Ishida,Metallurgical and Materials Transactions A,Grain-size effect on shape-memory behavior of Ti35.0Ni49.7Zr15.4 thin films,2004.0,10.0,10.0,49.7,Ni49.7Ti34.9Zr15.4 %,34.9,15.4
T. Sawaguchi; M. Sato and A. Ishida,Metallurgical and Materials Transactions A,Grain-size effect on shape-memory behavior of Ti35.0Ni49.7Zr15.4 thin films,2004.0,10.0,10.0,49.7,Ni49.7Ti34.9Zr15.4 %,34.9,15.4
T. Sawaguchi; M. Sato and A. Ishida,Metallurgical and Materials Transactions A,Grain-size effect on shape-memory behavior of Ti35.0Ni49.7Zr15.4 thin films,2004.0,10.0,10.0,49.7,Ni49.7Ti34.9Zr15.4 %,34.9,15.4
T. Sawaguchi; M. Sato and A. Ishida,Transactions Materials Research Society Japan,High Temperature Shape Memory Effects in Ternary Ti-Ni-X (X= Pd; Zr) Thin Films,2004.0,10.0,10.0,49.4,Ni49.4Ti35.7Zr14.9 %,35.7,14.9
T. Sawaguchi; M. Sato and A. Ishida,Transactions Materials Research Society Japan,High Temperature Shape Memory Effects in Ternary Ti-Ni-X (X= Pd; Zr) Thin Films,2004.0,10.0,10.0,49.7,Ni49.7Ti34.9Zr15.4 %,34.9,15.4
T. Sawaguchi; M. Sato and A. Ishida,Transactions Materials Research Society Japan,High Temperature Shape Memory Effects in Ternary Ti-Ni-X (X= Pd; Zr) Thin Films,2004.0,10.0,10.0,49.7,Ni49.7Ti34.9Zr15.4 %,34.9,15.4
T. Sawaguchi; M. Sato and A. Ishida,Transactions Materials Research Society Japan,High Temperature Shape Memory Effects in Ternary Ti-Ni-X (X= Pd; Zr) Thin Films,2004.0,10.0,10.0,49.7,Ni49.7Ti34.9Zr15.4 %,34.9,15.4
S. F. Hsieh and S. K. Wu,Journal of Alloys and Compounds,Damping characteristics of a Ti40.5Ni49.5Zr10 shape memory alloy,2005.0,10.0,10.0,49.5,Ni49.5Ti40.5Zr10.0 %,40.5,10.0
S. F. Hsieh and S. K. Wu,Journal of Alloys and Compounds,Damping characteristics of a Ti40.5Ni49.5Zr10 shape memory alloy,2005.0,10.0,10.0,49.5,Ni49.5Ti40.5Zr10.0 %,40.5,10.0
A. M. Sandu; K. Tsuchiya; S. Yamamoto; Y. Todaka and M. Umemoto,Scripta Materialia,Influence of isothermal ageing on mechanical behaviour in Ni-rich Ti–Zr–Ni shape memory alloy,2006.0,10.0,10.0,52.0,Ni52.0Ti42.0Zr6.0 %,42.0,6.0
A. M. Sandu; K. Tsuchiya; S. Yamamoto; Y. Todaka and M. Umemoto,Scripta Materialia,Influence of isothermal ageing on mechanical behaviour in Ni-rich Ti–Zr–Ni shape memory alloy,2006.0,10.0,10.0,52.0,Ni52.0Ti42.0Zr6.0 %,42.0,6.0
A. M. Sandu; K. Tsuchiya; S. Yamamoto; Y. Todaka and M. Umemoto,Scripta Materialia,Influence of isothermal ageing on mechanical behaviour in Ni-rich Ti–Zr–Ni shape memory alloy,2006.0,10.0,10.0,52.0,Ni52.0Ti42.0Zr6.0 %,42.0,6.0
A. M. Sandu; K. Tsuchiya; S. Yamamoto; Y. Todaka and M. Umemoto,Scripta Materialia,Influence of isothermal ageing on mechanical behaviour in Ni-rich Ti–Zr–Ni shape memory alloy,2006.0,10.0,10.0,52.0,Ni52.0Ti42.0Zr6.0 %,42.0,6.0
A. M. Sandu; K. Tsuchiya; S. Yamamoto; Y. Todaka and M. Umemoto,Scripta Materialia,Influence of isothermal ageing on mechanical behaviour in Ni-rich Ti–Zr–Ni shape memory alloy,2006.0,10.0,10.0,52.0,Ni52.0Ti42.0Zr6.0 %,42.0,6.0
A. M. Sandu; K. Tsuchiya; S. Yamamoto; Y. Todaka and M. Umemoto,Scripta Materialia,Influence of isothermal ageing on mechanical behaviour in Ni-rich Ti–Zr–Ni shape memory alloy,2006.0,10.0,10.0,52.0,Ni52.0Ti42.0Zr6.0 %,42.0,6.0
A. M. Sandu; K. Tsuchiya; S. Yamamoto; Y. Todaka and M. Umemoto,Scripta Materialia,Influence of isothermal ageing on mechanical behaviour in Ni-rich Ti–Zr–Ni shape memory alloy,2006.0,10.0,10.0,52.0,Ni52.0Ti42.0Zr6.0 %,42.0,6.0
A. M. Sandu; K. Tsuchiya; S. Yamamoto; Y. Todaka and M. Umemoto,Scripta Materialia,Influence of isothermal ageing on mechanical behaviour in Ni-rich Ti–Zr–Ni shape memory alloy,2006.0,10.0,10.0,52.0,Ni52.0Ti42.0Zr6.0 %,42.0,6.0
A. M. Sandu; K. Tsuchiya; S. Yamamoto; Y. Todaka and M. Umemoto,Scripta Materialia,Influence of isothermal ageing on mechanical behaviour in Ni-rich Ti–Zr–Ni shape memory alloy,2006.0,10.0,10.0,52.0,Ni52.0Ti42.0Zr6.0 %,42.0,6.0
A. M. Sandu; K. Tsuchiya; S. Yamamoto; Y. Todaka and M. Umemoto,Scripta Materialia,Influence of isothermal ageing on mechanical behaviour in Ni-rich Ti–Zr–Ni shape memory alloy,2006.0,10.0,10.0,52.0,Ni52.0Ti42.0Zr6.0 %,42.0,6.0
A. Sandu; K. Tsuchiya; S. Yamamoto; M. Tabuchi; Y. Todaka and M. Umemoto,Materials Science Forum,Effect of Aging on Microstructure and Martensitic Transformation in Ti-Zr-Ni Shape Memory Alloys ,2007.0,10.0,10.0,52.0,Ni52.0Ti42.0Zr6.0 %,42.0,6.0
A. Sandu; K. Tsuchiya; S. Yamamoto; M. Tabuchi; Y. Todaka and M. Umemoto,Materials Science Forum,Effect of Aging on Microstructure and Martensitic Transformation in Ti-Zr-Ni Shape Memory Alloys ,2007.0,10.0,10.0,52.0,Ni52.0Ti42.0Zr6.0 %,42.0,6.0
A. Sandu; K. Tsuchiya; S. Yamamoto; M. Tabuchi; Y. Todaka and M. Umemoto,Materials Science Forum,Effect of Aging on Microstructure and Martensitic Transformation in Ti-Zr-Ni Shape Memory Alloys ,2007.0,10.0,10.0,52.0,Ni52.0Ti42.0Zr6.0 %,42.0,6.0
A. Sandu; K. Tsuchiya; S. Yamamoto; M. Tabuchi; Y. Todaka and M. Umemoto,Materials Science Forum,Effect of Aging on Microstructure and Martensitic Transformation in Ti-Zr-Ni Shape Memory Alloys ,2007.0,10.0,10.0,52.0,Ni52.0Ti42.0Zr6.0 %,42.0,6.0
A. Sandu; K. Tsuchiya; S. Yamamoto; M. Tabuchi; Y. Todaka and M. Umemoto,Materials Science Forum,Effect of Aging on Microstructure and Martensitic Transformation in Ti-Zr-Ni Shape Memory Alloys ,2007.0,10.0,10.0,52.0,Ni52.0Ti42.0Zr6.0 %,42.0,6.0
A. Sandu; K. Tsuchiya; S. Yamamoto; M. Tabuchi; Y. Todaka and M. Umemoto,Materials Science Forum,Effect of Aging on Microstructure and Martensitic Transformation in Ti-Zr-Ni Shape Memory Alloys ,2007.0,10.0,10.0,52.0,Ni52.0Ti42.0Zr6.0 %,42.0,6.0
A. Sandu; K. Tsuchiya; S. Yamamoto; M. Tabuchi; Y. Todaka and M. Umemoto,Materials Science Forum,Effect of Aging on Microstructure and Martensitic Transformation in Ti-Zr-Ni Shape Memory Alloys ,2007.0,10.0,10.0,52.0,Ni52.0Ti42.0Zr6.0 %,42.0,6.0
A. Sandu; K. Tsuchiya; S. Yamamoto; M. Tabuchi; Y. Todaka and M. Umemoto,Materials Science Forum,Effect of Aging on Microstructure and Martensitic Transformation in Ti-Zr-Ni Shape Memory Alloys ,2007.0,10.0,10.0,52.0,Ni52.0Ti42.0Zr6.0 %,42.0,6.0
A. Sandu; K. Tsuchiya; S. Yamamoto; M. Tabuchi; Y. Todaka and M. Umemoto,Materials Science Forum,Effect of Aging on Microstructure and Martensitic Transformation in Ti-Zr-Ni Shape Memory Alloys ,2007.0,10.0,10.0,52.0,Ni52.0Ti42.0Zr6.0 %,42.0,6.0
A. Sandu; K. Tsuchiya; S. Yamamoto; M. Tabuchi; Y. Todaka and M. Umemoto,Materials Science Forum,Effect of Aging on Microstructure and Martensitic Transformation in Ti-Zr-Ni Shape Memory Alloys ,2007.0,10.0,10.0,52.0,Ni52.0Ti42.0Zr6.0 %,42.0,6.0
A. Sandu; K. Tsuchiya; S. Yamamoto; M. Tabuchi; Y. Todaka and M. Umemoto,Materials Science Forum,Effect of Aging on Microstructure and Martensitic Transformation in Ti-Zr-Ni Shape Memory Alloys ,2007.0,10.0,10.0,52.0,Ni52.0Ti42.0Zr6.0 %,42.0,6.0
A. Sandu; K. Tsuchiya; S. Yamamoto; M. Tabuchi; Y. Todaka and M. Umemoto,Materials Science Forum,Effect of Aging on Microstructure and Martensitic Transformation in Ti-Zr-Ni Shape Memory Alloys ,2007.0,10.0,10.0,52.0,Ni52.0Ti42.0Zr6.0 %,42.0,6.0
A. Sandu; K. Tsuchiya; S. Yamamoto; M. Tabuchi; Y. Todaka and M. Umemoto,Materials Science Forum,Effect of Aging on Microstructure and Martensitic Transformation in Ti-Zr-Ni Shape Memory Alloys ,2007.0,10.0,10.0,52.0,Ni52.0Ti42.0Zr6.0 %,42.0,6.0
A. Sandu; K. Tsuchiya; S. Yamamoto; M. Tabuchi; Y. Todaka and M. Umemoto,Materials Science Forum,Effect of Aging on Microstructure and Martensitic Transformation in Ti-Zr-Ni Shape Memory Alloys ,2007.0,10.0,10.0,52.0,Ni52.0Ti42.0Zr6.0 %,42.0,6.0
A. Sandu; K. Tsuchiya; S. Yamamoto; M. Tabuchi; Y. Todaka and M. Umemoto,Materials Science Forum,Effect of Aging on Microstructure and Martensitic Transformation in Ti-Zr-Ni Shape Memory Alloys ,2007.0,10.0,10.0,52.0,Ni52.0Ti42.0Zr6.0 %,42.0,6.0
A. Sandu; K. Tsuchiya; S. Yamamoto; M. Tabuchi; Y. Todaka and M. Umemoto,Materials Science Forum,Effect of Aging on Microstructure and Martensitic Transformation in Ti-Zr-Ni Shape Memory Alloys ,2007.0,10.0,10.0,52.0,Ni52.0Ti42.0Zr6.0 %,42.0,6.0
A. Sandu; K. Tsuchiya; S. Yamamoto; M. Tabuchi; Y. Todaka and M. Umemoto,Materials Science Forum,Effect of Aging on Microstructure and Martensitic Transformation in Ti-Zr-Ni Shape Memory Alloys ,2007.0,10.0,10.0,52.0,Ni52.0Ti42.0Zr6.0 %,42.0,6.0
A. Sandu; K. Tsuchiya; S. Yamamoto; M. Tabuchi; Y. Todaka and M. Umemoto,Materials Science Forum,Effect of Aging on Microstructure and Martensitic Transformation in Ti-Zr-Ni Shape Memory Alloys ,2007.0,10.0,10.0,52.0,Ni52.0Ti42.0Zr6.0 %,42.0,6.0
A. Sandu; K. Tsuchiya; S. Yamamoto; M. Tabuchi; Y. Todaka and M. Umemoto,Materials Science Forum,Effect of Aging on Microstructure and Martensitic Transformation in Ti-Zr-Ni Shape Memory Alloys ,2007.0,10.0,10.0,52.0,Ni52.0Ti42.0Zr6.0 %,42.0,6.0
A. Sandu; K. Tsuchiya; S. Yamamoto; M. Tabuchi; Y. Todaka and M. Umemoto,Materials Science Forum,Effect of Aging on Microstructure and Martensitic Transformation in Ti-Zr-Ni Shape Memory Alloys ,2007.0,10.0,10.0,52.0,Ni52.0Ti42.0Zr6.0 %,42.0,6.0
A. Sandu; K. Tsuchiya; S. Yamamoto; M. Tabuchi; Y. Todaka and M. Umemoto,Materials Science Forum,Effect of Aging on Microstructure and Martensitic Transformation in Ti-Zr-Ni Shape Memory Alloys ,2007.0,10.0,10.0,52.0,Ni52.0Ti42.0Zr6.0 %,42.0,6.0
A. Sandu; K. Tsuchiya; S. Yamamoto; M. Tabuchi; Y. Todaka and M. Umemoto,Materials Science Forum,Effect of Aging on Microstructure and Martensitic Transformation in Ti-Zr-Ni Shape Memory Alloys ,2007.0,10.0,10.0,52.0,Ni52.0Ti42.0Zr6.0 %,42.0,6.0
A. Sandu; K. Tsuchiya; S. Yamamoto; M. Tabuchi; Y. Todaka and M. Umemoto,Materials Science Forum,Effect of Aging on Microstructure and Martensitic Transformation in Ti-Zr-Ni Shape Memory Alloys ,2007.0,10.0,10.0,52.0,Ni52.0Ti42.0Zr6.0 %,42.0,6.0
S. Inoue; N. Sawada and T. Namazu,Vacuum,Effect of Zr content on mechanical properties of Ti–Ni–Zr shape memory alloy films prepared by dc magnetron sputtering,2009.0,5.0,5.0,47.7,Ni47.7Ti46.7Zr5.6 %,46.7,5.6
S. Inoue; N. Sawada and T. Namazu,Vacuum,Effect of Zr content on mechanical properties of Ti–Ni–Zr shape memory alloy films prepared by dc magnetron sputtering,2009.0,5.0,5.0,47.7,Ni47.7Ti46.7Zr5.6 %,46.7,5.6
S. Inoue; N. Sawada and T. Namazu,Vacuum,Effect of Zr content on mechanical properties of Ti–Ni–Zr shape memory alloy films prepared by dc magnetron sputtering,2009.0,5.0,5.0,47.7,Ni47.7Ti46.7Zr5.6 %,46.7,5.6
S. Inoue; N. Sawada and T. Namazu,Vacuum,Effect of Zr content on mechanical properties of Ti–Ni–Zr shape memory alloy films prepared by dc magnetron sputtering,2009.0,5.0,5.0,47.7,Ni47.7Ti46.7Zr5.6 %,46.7,5.6
S. Inoue; N. Sawada and T. Namazu,Vacuum,Effect of Zr content on mechanical properties of Ti–Ni–Zr shape memory alloy films prepared by dc magnetron sputtering,2009.0,5.0,5.0,47.7,Ni47.7Ti46.7Zr5.6 %,46.7,5.6
S. Inoue; N. Sawada and T. Namazu,Vacuum,Effect of Zr content on mechanical properties of Ti–Ni–Zr shape memory alloy films prepared by dc magnetron sputtering,2009.0,5.0,5.0,47.7,Ni47.7Ti46.7Zr5.6 %,46.7,5.6
S. Inoue; N. Sawada and T. Namazu,Vacuum,Effect of Zr content on mechanical properties of Ti–Ni–Zr shape memory alloy films prepared by dc magnetron sputtering,2009.0,5.0,5.0,47.7,Ni47.7Ti46.7Zr5.6 %,46.7,5.6
S. Inoue; N. Sawada and T. Namazu,Vacuum,Effect of Zr content on mechanical properties of Ti–Ni–Zr shape memory alloy films prepared by dc magnetron sputtering,2009.0,5.0,5.0,47.7,Ni47.7Ti46.7Zr5.6 %,46.7,5.6
S. Inoue; N. Sawada and T. Namazu,Vacuum,Effect of Zr content on mechanical properties of Ti–Ni–Zr shape memory alloy films prepared by dc magnetron sputtering,2009.0,5.0,5.0,47.7,Ni47.7Ti46.7Zr5.6 %,46.7,5.6
S. Inoue; N. Sawada and T. Namazu,Vacuum,Effect of Zr content on mechanical properties of Ti–Ni–Zr shape memory alloy films prepared by dc magnetron sputtering,2009.0,5.0,5.0,47.7,Ni47.7Ti46.7Zr5.6 %,46.7,5.6
S. Inoue; N. Sawada and T. Namazu,Vacuum,Effect of Zr content on mechanical properties of Ti–Ni–Zr shape memory alloy films prepared by dc magnetron sputtering,2009.0,5.0,5.0,47.7,Ni47.7Ti46.7Zr5.6 %,46.7,5.6
S. Inoue; N. Sawada and T. Namazu,Vacuum,Effect of Zr content on mechanical properties of Ti–Ni–Zr shape memory alloy films prepared by dc magnetron sputtering,2009.0,5.0,5.0,47.7,Ni47.7Ti46.7Zr5.6 %,46.7,5.6
S. Inoue; N. Sawada and T. Namazu,Vacuum,Effect of Zr content on mechanical properties of Ti–Ni–Zr shape memory alloy films prepared by dc magnetron sputtering,2009.0,5.0,5.0,48.0,Ni48.0Ti41.6Zr10.4 %,41.6,10.4
S. Inoue; N. Sawada and T. Namazu,Vacuum,Effect of Zr content on mechanical properties of Ti–Ni–Zr shape memory alloy films prepared by dc magnetron sputtering,2009.0,5.0,5.0,48.0,Ni48.0Ti41.6Zr10.4 %,41.6,10.4
S. Inoue; N. Sawada and T. Namazu,Vacuum,Effect of Zr content on mechanical properties of Ti–Ni–Zr shape memory alloy films prepared by dc magnetron sputtering,2009.0,5.0,5.0,48.0,Ni48.0Ti41.6Zr10.4 %,41.6,10.4
S. Inoue; N. Sawada and T. Namazu,Vacuum,Effect of Zr content on mechanical properties of Ti–Ni–Zr shape memory alloy films prepared by dc magnetron sputtering,2009.0,5.0,5.0,48.0,Ni48.0Ti41.6Zr10.4 %,41.6,10.4
S. Inoue; N. Sawada and T. Namazu,Vacuum,Effect of Zr content on mechanical properties of Ti–Ni–Zr shape memory alloy films prepared by dc magnetron sputtering,2009.0,5.0,5.0,48.0,Ni48.0Ti41.6Zr10.4 %,41.6,10.4
S. Inoue; N. Sawada and T. Namazu,Vacuum,Effect of Zr content on mechanical properties of Ti–Ni–Zr shape memory alloy films prepared by dc magnetron sputtering,2009.0,5.0,5.0,48.0,Ni48.0Ti41.6Zr10.4 %,41.6,10.4
S. Inoue; N. Sawada and T. Namazu,Vacuum,Effect of Zr content on mechanical properties of Ti–Ni–Zr shape memory alloy films prepared by dc magnetron sputtering,2009.0,5.0,5.0,48.0,Ni48.0Ti41.6Zr10.4 %,41.6,10.4
S. Inoue; N. Sawada and T. Namazu,Vacuum,Effect of Zr content on mechanical properties of Ti–Ni–Zr shape memory alloy films prepared by dc magnetron sputtering,2009.0,5.0,5.0,48.6,Ni48.6Ti37.4Zr14.0 %,37.4,14.0
S. Inoue; N. Sawada and T. Namazu,Vacuum,Effect of Zr content on mechanical properties of Ti–Ni–Zr shape memory alloy films prepared by dc magnetron sputtering,2009.0,5.0,5.0,48.4,Ni48.4Ti33.1Zr18.5 %,33.1,18.5
S. Inoue; N. Sawada and T. Namazu,Vacuum,Effect of Zr content on mechanical properties of Ti–Ni–Zr shape memory alloy films prepared by dc magnetron sputtering,2009.0,5.0,5.0,48.4,Ni48.4Ti33.1Zr18.5 %,33.1,18.5
S. Inoue; N. Sawada and T. Namazu,Vacuum,Effect of Zr content on mechanical properties of Ti–Ni–Zr shape memory alloy films prepared by dc magnetron sputtering,2009.0,5.0,5.0,48.4,Ni48.4Ti33.1Zr18.5 %,33.1,18.5
S. Inoue; N. Sawada and T. Namazu,Vacuum,Effect of Zr content on mechanical properties of Ti–Ni–Zr shape memory alloy films prepared by dc magnetron sputtering,2009.0,5.0,5.0,48.4,Ni48.4Ti33.1Zr18.5 %,33.1,18.5
S. Inoue; N. Sawada and T. Namazu,Vacuum,Effect of Zr content on mechanical properties of Ti–Ni–Zr shape memory alloy films prepared by dc magnetron sputtering,2009.0,5.0,5.0,48.4,Ni48.4Ti33.1Zr18.5 %,33.1,18.5
S. Inoue; N. Sawada and T. Namazu,Vacuum,Effect of Zr content on mechanical properties of Ti–Ni–Zr shape memory alloy films prepared by dc magnetron sputtering,2009.0,5.0,5.0,48.4,Ni48.4Ti33.1Zr18.5 %,33.1,18.5
S. Inoue; N. Sawada and T. Namazu,Vacuum,Effect of Zr content on mechanical properties of Ti–Ni–Zr shape memory alloy films prepared by dc magnetron sputtering,2009.0,5.0,5.0,48.4,Ni48.4Ti33.1Zr18.5 %,33.1,18.5
S. Inoue; N. Sawada and T. Namazu,Vacuum,Effect of Zr content on mechanical properties of Ti–Ni–Zr shape memory alloy films prepared by dc magnetron sputtering,2009.0,5.0,5.0,48.2,Ni48.2Ti32.3Zr19.5 %,32.3,19.5
H. Y. Kim; M. Mizutani and S. Miyazaki,Acta Materialia,Crystallization process and shape memory properties of Ti–Ni–Zr thin films,2009.0,10.0,10.0,48.7,Ni48.7Ti40.5Zr10.8 %,40.5,10.8
H. Y. Kim; M. Mizutani and S. Miyazaki,Acta Materialia,Crystallization process and shape memory properties of Ti–Ni–Zr thin films,2009.0,10.0,10.0,48.7,Ni48.7Ti40.5Zr10.8 %,40.5,10.8
H. Y. Kim; M. Mizutani and S. Miyazaki,Acta Materialia,Crystallization process and shape memory properties of Ti–Ni–Zr thin films,2009.0,10.0,10.0,48.7,Ni48.7Ti40.5Zr10.8 %,40.5,10.8
H. Y. Kim; M. Mizutani and S. Miyazaki,Acta Materialia,Crystallization process and shape memory properties of Ti–Ni–Zr thin films,2009.0,10.0,10.0,48.7,Ni48.7Ti40.5Zr10.8 %,40.5,10.8
H. Y. Kim; M. Mizutani and S. Miyazaki,Acta Materialia,Crystallization process and shape memory properties of Ti–Ni–Zr thin films,2009.0,10.0,10.0,49.8,Ni49.8Ti34.099999999999994Zr16.1 %,34.1,16.1
H. Y. Kim; M. Mizutani and S. Miyazaki,Acta Materialia,Crystallization process and shape memory properties of Ti–Ni–Zr thin films,2009.0,10.0,10.0,49.8,Ni49.8Ti34.099999999999994Zr16.1 %,34.1,16.1
H. Y. Kim; M. Mizutani and S. Miyazaki,Acta Materialia,Crystallization process and shape memory properties of Ti–Ni–Zr thin films,2009.0,10.0,10.0,49.8,Ni49.8Ti34.099999999999994Zr16.1 %,34.1,16.1
H. Y. Kim; M. Mizutani and S. Miyazaki,Acta Materialia,Crystallization process and shape memory properties of Ti–Ni–Zr thin films,2009.0,10.0,10.0,49.8,Ni49.8Ti34.099999999999994Zr16.1 %,34.1,16.1
H. Y. Kim; M. Mizutani and S. Miyazaki,Acta Materialia,Crystallization process and shape memory properties of Ti–Ni–Zr thin films,2009.0,10.0,10.0,49.5,Ni49.5Ti30.799999999999997Zr19.7 %,30.8,19.7
H. Y. Kim; M. Mizutani and S. Miyazaki,Acta Materialia,Crystallization process and shape memory properties of Ti–Ni–Zr thin films,2009.0,10.0,10.0,49.5,Ni49.5Ti30.799999999999997Zr19.7 %,30.8,19.7
H. Y. Kim; M. Mizutani and S. Miyazaki,Acta Materialia,Crystallization process and shape memory properties of Ti–Ni–Zr thin films,2009.0,10.0,10.0,49.5,Ni49.5Ti30.799999999999997Zr19.7 %,30.8,19.7
H. Y. Kim; M. Mizutani and S. Miyazaki,Acta Materialia,Crystallization process and shape memory properties of Ti–Ni–Zr thin films,2009.0,10.0,10.0,49.5,Ni49.5Ti30.799999999999997Zr19.7 %,30.8,19.7
H. Y. Kim; M. Mizutani and S. Miyazaki,Acta Materialia,Crystallization process and shape memory properties of Ti–Ni–Zr thin films,2009.0,10.0,10.0,47.5,Ni47.5Ti29.400000000000006Zr23.1 %,29.4,23.1
H. Y. Kim; M. Mizutani and S. Miyazaki,Acta Materialia,Crystallization process and shape memory properties of Ti–Ni–Zr thin films,2009.0,10.0,10.0,47.5,Ni47.5Ti29.400000000000006Zr23.1 %,29.4,23.1
H. Y. Kim; M. Mizutani and S. Miyazaki,Acta Materialia,Crystallization process and shape memory properties of Ti–Ni–Zr thin films,2009.0,10.0,10.0,47.5,Ni47.5Ti29.400000000000006Zr23.1 %,29.4,23.1
H. Y. Kim; M. Mizutani and S. Miyazaki,Acta Materialia,Crystallization process and shape memory properties of Ti–Ni–Zr thin films,2009.0,10.0,10.0,47.5,Ni47.5Ti29.400000000000006Zr23.1 %,29.4,23.1
H. Y. Kim; M. Mizutani and S. Miyazaki,Acta Materialia,Crystallization process and shape memory properties of Ti–Ni–Zr thin films,2009.0,10.0,10.0,49.9,Ni49.9Ti20.599999999999994Zr29.5 %,20.6,29.5
H. Y. Kim; M. Mizutani and S. Miyazaki,Acta Materialia,Crystallization process and shape memory properties of Ti–Ni–Zr thin films,2009.0,10.0,10.0,49.9,Ni49.9Ti20.599999999999994Zr29.5 %,20.6,29.5
D. H. D. Hsu; T. T. Sasaki; G. B. Thompson and M. V. Manuel,Metallurgical and Materials Transactions A,The Effect of Aluminum Additions on the Microstructure and Thermomechanical Behavior of NiTiZr Shape-Memory Alloys,2012.0,20.0,20.0,48.5,Ni48.5Ti31.5Zr20.0 %,31.5,20.0
D. H. D. Hsu; T. T. Sasaki; G. B. Thompson and M. V. Manuel,Metallurgical and Materials Transactions A,The Effect of Aluminum Additions on the Microstructure and Thermomechanical Behavior of NiTiZr Shape-Memory Alloys,2012.0,20.0,20.0,48.5,Ni48.5Ti31.5Zr20.0 %,31.5,20.0
D. H. D. Hsu; T. T. Sasaki; G. B. Thompson and M. V. Manuel,Metallurgical and Materials Transactions A,The Effect of Aluminum Additions on the Microstructure and Thermomechanical Behavior of NiTiZr Shape-Memory Alloys,2012.0,20.0,20.0,48.5,Ni48.5Ti31.5Zr20.0 %,31.5,20.0
D. H. D. Hsu; T. T. Sasaki; G. B. Thompson and M. V. Manuel,Metallurgical and Materials Transactions A,The Effect of Aluminum Additions on the Microstructure and Thermomechanical Behavior of NiTiZr Shape-Memory Alloys,2012.0,20.0,20.0,48.5,Ni48.5Ti31.5Zr20.0 %,31.5,20.0
D. H. D. Hsu; T. T. Sasaki; G. B. Thompson and M. V. Manuel,Metallurgical and Materials Transactions A,The Effect of Aluminum Additions on the Microstructure and Thermomechanical Behavior of NiTiZr Shape-Memory Alloys,2012.0,20.0,20.0,48.5,Ni48.5Ti31.5Zr20.0 %,31.5,20.0
D. H. D. Hsu; T. T. Sasaki; G. B. Thompson and M. V. Manuel,Metallurgical and Materials Transactions A,The Effect of Aluminum Additions on the Microstructure and Thermomechanical Behavior of NiTiZr Shape-Memory Alloys,2012.0,20.0,20.0,48.5,Ni48.5Ti31.5Zr20.0 %,31.5,20.0
D. H. D. Hsu; T. T. Sasaki; G. B. Thompson and M. V. Manuel,Metallurgical and Materials Transactions A,The Effect of Aluminum Additions on the Microstructure and Thermomechanical Behavior of NiTiZr Shape-Memory Alloys,2012.0,20.0,20.0,48.5,Ni48.5Ti31.5Zr20.0 %,31.5,20.0
D. H. D. Hsu; T. T. Sasaki; G. B. Thompson and M. V. Manuel,Metallurgical and Materials Transactions A,The Effect of Aluminum Additions on the Microstructure and Thermomechanical Behavior of NiTiZr Shape-Memory Alloys,2012.0,20.0,20.0,48.5,Ni48.5Ti31.5Zr20.0 %,31.5,20.0
D. H. D. Hsu; T. T. Sasaki; G. B. Thompson and M. V. Manuel,Metallurgical and Materials Transactions A,The Effect of Aluminum Additions on the Microstructure and Thermomechanical Behavior of NiTiZr Shape-Memory Alloys,2012.0,20.0,20.0,48.5,Ni48.5Ti31.5Zr20.0 %,31.5,20.0
D. H. D. Hsu; T. T. Sasaki; G. B. Thompson and M. V. Manuel,Metallurgical and Materials Transactions A,The Effect of Aluminum Additions on the Microstructure and Thermomechanical Behavior of NiTiZr Shape-Memory Alloys,2012.0,20.0,20.0,48.5,Ni48.5Ti31.5Zr20.0 %,31.5,20.0
D. H. D. Hsu; T. T. Sasaki; G. B. Thompson and M. V. Manuel,Metallurgical and Materials Transactions A,The Effect of Aluminum Additions on the Microstructure and Thermomechanical Behavior of NiTiZr Shape-Memory Alloys,2012.0,20.0,20.0,48.5,Ni48.5Ti31.5Zr20.0 %,31.5,20.0
D. H. D. Hsu; T. T. Sasaki; G. B. Thompson and M. V. Manuel,Metallurgical and Materials Transactions A,The Effect of Aluminum Additions on the Microstructure and Thermomechanical Behavior of NiTiZr Shape-Memory Alloys,2012.0,20.0,20.0,48.5,Ni48.5Ti31.5Zr20.0 %,31.5,20.0
D. H. D. Hsu; T. T. Sasaki; G. B. Thompson and M. V. Manuel,Metallurgical and Materials Transactions A,The Effect of Aluminum Additions on the Microstructure and Thermomechanical Behavior of NiTiZr Shape-Memory Alloys,2012.0,20.0,20.0,48.5,Ni48.5Ti31.5Zr20.0 %,31.5,20.0
D. H. D. Hsu; T. T. Sasaki; G. B. Thompson and M. V. Manuel,Metallurgical and Materials Transactions A,The Effect of Aluminum Additions on the Microstructure and Thermomechanical Behavior of NiTiZr Shape-Memory Alloys,2012.0,20.0,20.0,48.5,Ni48.5Ti31.5Zr20.0 %,31.5,20.0
D. H. D. Hsu; T. T. Sasaki; G. B. Thompson and M. V. Manuel,Metallurgical and Materials Transactions A,The Effect of Aluminum Additions on the Microstructure and Thermomechanical Behavior of NiTiZr Shape-Memory Alloys,2012.0,20.0,20.0,48.5,Ni48.5Ti31.5Zr20.0 %,31.5,20.0
D. H. D. Hsu; T. T. Sasaki; G. B. Thompson and M. V. Manuel,Metallurgical and Materials Transactions A,The Effect of Aluminum Additions on the Microstructure and Thermomechanical Behavior of NiTiZr Shape-Memory Alloys,2012.0,20.0,20.0,48.5,Ni48.5Ti31.5Zr20.0 %,31.5,20.0
D. H. D. Hsu; T. T. Sasaki; G. B. Thompson and M. V. Manuel,Metallurgical and Materials Transactions A,The Effect of Aluminum Additions on the Microstructure and Thermomechanical Behavior of NiTiZr Shape-Memory Alloys,2012.0,20.0,20.0,48.5,Ni48.5Ti31.5Zr20.0 %,31.5,20.0
D. H. D. Hsu; T. T. Sasaki; G. B. Thompson and M. V. Manuel,Metallurgical and Materials Transactions A,The Effect of Aluminum Additions on the Microstructure and Thermomechanical Behavior of NiTiZr Shape-Memory Alloys,2012.0,20.0,20.0,48.5,Ni48.5Ti31.5Zr20.0 %,31.5,20.0
J. Sakurai and S. Hata,Materials Science and Engineering: A,Search for Ti–Ni–Zr thin film metallic glasses exhibiting a shape memory effect after crystallization,2012.0,20.0,20.0,50.0,Ni50.0Ti39.0Zr11.0 %,39.0,11.0
J. Sakurai and S. Hata,Materials Science and Engineering: A,Search for Ti–Ni–Zr thin film metallic glasses exhibiting a shape memory effect after crystallization,2012.0,20.0,20.0,50.0,Ni50.0Ti39.0Zr11.0 %,39.0,11.0
J. Sakurai and S. Hata,Materials Science and Engineering: A,Search for Ti–Ni–Zr thin film metallic glasses exhibiting a shape memory effect after crystallization,2012.0,20.0,20.0,50.0,Ni50.0Ti39.0Zr11.0 %,39.0,11.0
J. Sakurai and S. Hata,Materials Science and Engineering: A,Search for Ti–Ni–Zr thin film metallic glasses exhibiting a shape memory effect after crystallization,2012.0,20.0,20.0,50.0,Ni50.0Ti39.0Zr11.0 %,39.0,11.0
J. Sakurai and S. Hata,Materials Science and Engineering: A,Search for Ti–Ni–Zr thin film metallic glasses exhibiting a shape memory effect after crystallization,2012.0,20.0,20.0,50.0,Ni50.0Ti39.0Zr11.0 %,39.0,11.0
J. Sakurai and S. Hata,Materials Science and Engineering: A,Search for Ti–Ni–Zr thin film metallic glasses exhibiting a shape memory effect after crystallization,2012.0,20.0,20.0,50.0,Ni50.0Ti39.0Zr11.0 %,39.0,11.0
J. Sakurai and S. Hata,Materials Science and Engineering: A,Search for Ti–Ni–Zr thin film metallic glasses exhibiting a shape memory effect after crystallization,2012.0,20.0,20.0,50.0,Ni50.0Ti39.0Zr11.0 %,39.0,11.0
J. Sakurai and S. Hata,Materials Science and Engineering: A,Search for Ti–Ni–Zr thin film metallic glasses exhibiting a shape memory effect after crystallization,2012.0,20.0,20.0,50.0,Ni50.0Ti39.0Zr11.0 %,39.0,11.0
J. Sakurai and S. Hata,Materials Science and Engineering: A,Search for Ti–Ni–Zr thin film metallic glasses exhibiting a shape memory effect after crystallization,2012.0,20.0,20.0,50.0,Ni50.0Ti35.0Zr15.0 %,35.0,15.0
J. Sakurai and S. Hata,Materials Science and Engineering: A,Search for Ti–Ni–Zr thin film metallic glasses exhibiting a shape memory effect after crystallization,2012.0,20.0,20.0,50.0,Ni50.0Ti35.0Zr15.0 %,35.0,15.0
J. Sakurai and S. Hata,Materials Science and Engineering: A,Search for Ti–Ni–Zr thin film metallic glasses exhibiting a shape memory effect after crystallization,2012.0,20.0,20.0,50.0,Ni50.0Ti35.0Zr15.0 %,35.0,15.0
J. Sakurai and S. Hata,Materials Science and Engineering: A,Search for Ti–Ni–Zr thin film metallic glasses exhibiting a shape memory effect after crystallization,2012.0,20.0,20.0,51.0,Ni51.0Ti32.0Zr17.0 %,32.0,17.0
J. Sakurai and S. Hata,Materials Science and Engineering: A,Search for Ti–Ni–Zr thin film metallic glasses exhibiting a shape memory effect after crystallization,2012.0,20.0,20.0,51.0,Ni51.0Ti32.0Zr17.0 %,32.0,17.0
J. Sakurai and S. Hata,Materials Science and Engineering: A,Search for Ti–Ni–Zr thin film metallic glasses exhibiting a shape memory effect after crystallization,2012.0,20.0,20.0,51.0,Ni51.0Ti32.0Zr17.0 %,32.0,17.0
A. Evirgen; I. Karaman; R. D. Noebe; R. Santamarta and J. Pons,Scripta Materialia,Effect of precipitation on the microstructure and the shape memory response of the Ni50.3Ti29.7Zr20 high temperature shape memory alloy,2013.0,10.0,10.0,50.3,Ni50.3Ti29.7Zr20.0 %,29.7,20.0
A. Evirgen; I. Karaman; R. D. Noebe; R. Santamarta and J. Pons,Scripta Materialia,Effect of precipitation on the microstructure and the shape memory response of the Ni50.3Ti29.7Zr20 high temperature shape memory alloy,2013.0,10.0,10.0,50.3,Ni50.3Ti29.7Zr20.0 %,29.7,20.0
A. Evirgen; I. Karaman; R. D. Noebe; R. Santamarta and J. Pons,Scripta Materialia,Effect of precipitation on the microstructure and the shape memory response of the Ni50.3Ti29.7Zr20 high temperature shape memory alloy,2013.0,10.0,10.0,50.3,Ni50.3Ti29.7Zr20.0 %,29.7,20.0
A. Evirgen; I. Karaman; R. D. Noebe; R. Santamarta and J. Pons,Scripta Materialia,Effect of precipitation on the microstructure and the shape memory response of the Ni50.3Ti29.7Zr20 high temperature shape memory alloy,2013.0,10.0,10.0,50.3,Ni50.3Ti29.7Zr20.0 %,29.7,20.0
A. Evirgen; I. Karaman; R. D. Noebe; R. Santamarta and J. Pons,Scripta Materialia,Effect of precipitation on the microstructure and the shape memory response of the Ni50.3Ti29.7Zr20 high temperature shape memory alloy,2013.0,10.0,10.0,50.3,Ni50.3Ti29.7Zr20.0 %,29.7,20.0
A. Evirgen; I. Karaman; R. D. Noebe; R. Santamarta and J. Pons,Scripta Materialia,Effect of precipitation on the microstructure and the shape memory response of the Ni50.3Ti29.7Zr20 high temperature shape memory alloy,2013.0,10.0,10.0,50.3,Ni50.3Ti29.7Zr20.0 %,29.7,20.0
A. Evirgen; I. Karaman; R. D. Noebe; R. Santamarta and J. Pons,Scripta Materialia,Effect of precipitation on the microstructure and the shape memory response of the Ni50.3Ti29.7Zr20 high temperature shape memory alloy,2013.0,10.0,10.0,50.3,Ni50.3Ti29.7Zr20.0 %,29.7,20.0
A. Evirgen; I. Karaman; R. D. Noebe; R. Santamarta and J. Pons,Scripta Materialia,Effect of precipitation on the microstructure and the shape memory response of the Ni50.3Ti29.7Zr20 high temperature shape memory alloy,2013.0,10.0,10.0,50.3,Ni50.3Ti29.7Zr20.0 %,29.7,20.0
A. Evirgen; I. Karaman; R. D. Noebe; R. Santamarta and J. Pons,Scripta Materialia,Effect of precipitation on the microstructure and the shape memory response of the Ni50.3Ti29.7Zr20 high temperature shape memory alloy,2013.0,10.0,10.0,50.3,Ni50.3Ti29.7Zr20.0 %,29.7,20.0
A. Evirgen; I. Karaman; R. D. Noebe; R. Santamarta and J. Pons,Scripta Materialia,Effect of precipitation on the microstructure and the shape memory response of the Ni50.3Ti29.7Zr20 high temperature shape memory alloy,2013.0,10.0,10.0,50.3,Ni50.3Ti29.7Zr20.0 %,29.7,20.0
M. A. Azeem and D. Dye,Intermetallics,In situ evaluation of the transformation behaviour of NiTi-based high temperature shape memory alloys,2014.0,10.0,10.0,50.0,Ni50.0Ti35.0Zr15.0 %,35.0,15.0
C.-S. Chen; P. Yiu; C.-L. Li; J. P. Chu; C.-H. Shek and C.-H. Hsueh,Materials Science and Engineering: A,Effects of annealing on mechanical behavior of Zr–Ti–Ni thin film metallic glasses,2014.0,40.0,40.0,20.0,Ni20.0Ti30.0Zr50.0 %,30.0,50.0
J. Frenzel; A. Wieczorek; I. Opahle; B. Maaß; R. Drautz and G. Eggeler,Acta Materialia,On the effect of alloy composition on martensite start temperatures and latent heats in Ni–Ti-based shape memory alloys,2015.0,10.0,10.0,49.5,Ni49.5Ti49.5Zr1.0 %,49.5,1.0
J. Frenzel; A. Wieczorek; I. Opahle; B. Maaß; R. Drautz and G. Eggeler,Acta Materialia,On the effect of alloy composition on martensite start temperatures and latent heats in Ni–Ti-based shape memory alloys,2015.0,10.0,10.0,49.5,Ni49.5Ti47.5Zr3.0 %,47.5,3.0
J. Frenzel; A. Wieczorek; I. Opahle; B. Maaß; R. Drautz and G. Eggeler,Acta Materialia,On the effect of alloy composition on martensite start temperatures and latent heats in Ni–Ti-based shape memory alloys,2015.0,10.0,10.0,49.5,Ni49.5Ti45.5Zr5.0 %,45.5,5.0
J. Frenzel; A. Wieczorek; I. Opahle; B. Maaß; R. Drautz and G. Eggeler,Acta Materialia,On the effect of alloy composition on martensite start temperatures and latent heats in Ni–Ti-based shape memory alloys,2015.0,10.0,10.0,49.5,Ni49.5Ti40.5Zr10.0 %,40.5,10.0
J. Frenzel; A. Wieczorek; I. Opahle; B. Maaß; R. Drautz and G. Eggeler,Acta Materialia,On the effect of alloy composition on martensite start temperatures and latent heats in Ni–Ti-based shape memory alloys,2015.0,10.0,10.0,49.5,Ni49.5Ti35.5Zr15.0 %,35.5,15.0
J. Frenzel; A. Wieczorek; I. Opahle; B. Maaß; R. Drautz and G. Eggeler,Acta Materialia,On the effect of alloy composition on martensite start temperatures and latent heats in Ni–Ti-based shape memory alloys,2015.0,10.0,10.0,49.5,Ni49.5Ti30.5Zr20.0 %,30.5,20.0
A. Evirgen; I. Karaman; J. Pons; R. Santamarta and R. D. Noebe,Materials Science and Engineering: A,Role of nano-precipitation on the microstructure and shape memory characteristics of a new Ni50.3Ti34.7Zr15 shape memory alloy,2016.0,10.0,10.0,50.3,Ni50.3Ti34.7Zr15.0 %,34.7,15.0
A. Evirgen; I. Karaman; J. Pons; R. Santamarta and R. D. Noebe,Materials Science and Engineering: A,Role of nano-precipitation on the microstructure and shape memory characteristics of a new Ni50.3Ti34.7Zr15 shape memory alloy,2016.0,10.0,10.0,50.3,Ni50.3Ti34.7Zr15.0 %,34.7,15.0
A. Evirgen; I. Karaman; J. Pons; R. Santamarta and R. D. Noebe,Materials Science and Engineering: A,Role of nano-precipitation on the microstructure and shape memory characteristics of a new Ni50.3Ti34.7Zr15 shape memory alloy,2016.0,10.0,10.0,50.3,Ni50.3Ti34.7Zr15.0 %,34.7,15.0
A. Evirgen; I. Karaman; J. Pons; R. Santamarta and R. D. Noebe,Materials Science and Engineering: A,Role of nano-precipitation on the microstructure and shape memory characteristics of a new Ni50.3Ti34.7Zr15 shape memory alloy,2016.0,10.0,10.0,50.3,Ni50.3Ti34.7Zr15.0 %,34.7,15.0
A. Evirgen; I. Karaman; J. Pons; R. Santamarta and R. D. Noebe,Materials Science and Engineering: A,Role of nano-precipitation on the microstructure and shape memory characteristics of a new Ni50.3Ti34.7Zr15 shape memory alloy,2016.0,10.0,10.0,50.3,Ni50.3Ti34.7Zr15.0 %,34.7,15.0
A. Evirgen; I. Karaman; J. Pons; R. Santamarta and R. D. Noebe,Materials Science and Engineering: A,Role of nano-precipitation on the microstructure and shape memory characteristics of a new Ni50.3Ti34.7Zr15 shape memory alloy,2016.0,10.0,10.0,50.3,Ni50.3Ti34.7Zr15.0 %,34.7,15.0
A. Evirgen; I. Karaman; J. Pons; R. Santamarta and R. D. Noebe,Materials Science and Engineering: A,Role of nano-precipitation on the microstructure and shape memory characteristics of a new Ni50.3Ti34.7Zr15 shape memory alloy,2016.0,10.0,10.0,50.3,Ni50.3Ti34.7Zr15.0 %,34.7,15.0
A. Evirgen; I. Karaman; J. Pons; R. Santamarta and R. D. Noebe,Materials Science and Engineering: A,Role of nano-precipitation on the microstructure and shape memory characteristics of a new Ni50.3Ti34.7Zr15 shape memory alloy,2016.0,10.0,10.0,50.3,Ni50.3Ti34.7Zr15.0 %,34.7,15.0
A. Evirgen; I. Karaman; J. Pons; R. Santamarta and R. D. Noebe,Materials Science and Engineering: A,Role of nano-precipitation on the microstructure and shape memory characteristics of a new Ni50.3Ti34.7Zr15 shape memory alloy,2016.0,10.0,10.0,50.3,Ni50.3Ti34.7Zr15.0 %,34.7,15.0
A. Evirgen; I. Karaman; J. Pons; R. Santamarta and R. D. Noebe,Materials Science and Engineering: A,Role of nano-precipitation on the microstructure and shape memory characteristics of a new Ni50.3Ti34.7Zr15 shape memory alloy,2016.0,10.0,10.0,50.3,Ni50.3Ti34.7Zr15.0 %,34.7,15.0
A. Evirgen; I. Karaman; J. Pons; R. Santamarta and R. D. Noebe,Materials Science and Engineering: A,Role of nano-precipitation on the microstructure and shape memory characteristics of a new Ni50.3Ti34.7Zr15 shape memory alloy,2016.0,10.0,10.0,50.3,Ni50.3Ti34.7Zr15.0 %,34.7,15.0
A. Evirgen; I. Karaman; J. Pons; R. Santamarta and R. D. Noebe,Materials Science and Engineering: A,Role of nano-precipitation on the microstructure and shape memory characteristics of a new Ni50.3Ti34.7Zr15 shape memory alloy,2016.0,10.0,10.0,50.3,Ni50.3Ti34.7Zr15.0 %,34.7,15.0
A. Evirgen; I. Karaman; J. Pons; R. Santamarta and R. D. Noebe,Materials Science and Engineering: A,Role of nano-precipitation on the microstructure and shape memory characteristics of a new Ni50.3Ti34.7Zr15 shape memory alloy,2016.0,10.0,10.0,50.3,Ni50.3Ti34.7Zr15.0 %,34.7,15.0
A. Evirgen; I. Karaman; J. Pons; R. Santamarta and R. D. Noebe,Materials Science and Engineering: A,Role of nano-precipitation on the microstructure and shape memory characteristics of a new Ni50.3Ti34.7Zr15 shape memory alloy,2016.0,10.0,10.0,50.3,Ni50.3Ti34.7Zr15.0 %,34.7,15.0
A. Evirgen; I. Karaman; J. Pons; R. Santamarta and R. D. Noebe,Materials Science and Engineering: A,Role of nano-precipitation on the microstructure and shape memory characteristics of a new Ni50.3Ti34.7Zr15 shape memory alloy,2016.0,10.0,10.0,50.3,Ni50.3Ti34.7Zr15.0 %,34.7,15.0
A. Evirgen; I. Karaman; J. Pons; R. Santamarta and R. D. Noebe,Materials Science and Engineering: A,Role of nano-precipitation on the microstructure and shape memory characteristics of a new Ni50.3Ti34.7Zr15 shape memory alloy,2016.0,10.0,10.0,50.3,Ni50.3Ti34.7Zr15.0 %,34.7,15.0
A. Evirgen; I. Karaman; J. Pons; R. Santamarta and R. D. Noebe,Materials Science and Engineering: A,Role of nano-precipitation on the microstructure and shape memory characteristics of a new Ni50.3Ti34.7Zr15 shape memory alloy,2016.0,10.0,10.0,50.3,Ni50.3Ti34.7Zr15.0 %,34.7,15.0
A. Evirgen; I. Karaman; J. Pons; R. Santamarta and R. D. Noebe,Materials Science and Engineering: A,Role of nano-precipitation on the microstructure and shape memory characteristics of a new Ni50.3Ti34.7Zr15 shape memory alloy,2016.0,10.0,10.0,50.3,Ni50.3Ti34.7Zr15.0 %,34.7,15.0
A. Evirgen; I. Karaman; J. Pons; R. Santamarta and R. D. Noebe,Materials Science and Engineering: A,Role of nano-precipitation on the microstructure and shape memory characteristics of a new Ni50.3Ti34.7Zr15 shape memory alloy,2016.0,10.0,10.0,50.3,Ni50.3Ti34.7Zr15.0 %,34.7,15.0
A. Evirgen; I. Karaman; J. Pons; R. Santamarta and R. D. Noebe,Materials Science and Engineering: A,Role of nano-precipitation on the microstructure and shape memory characteristics of a new Ni50.3Ti34.7Zr15 shape memory alloy,2016.0,10.0,10.0,50.3,Ni50.3Ti34.7Zr15.0 %,34.7,15.0
A. Evirgen; I. Karaman; J. Pons; R. Santamarta and R. D. Noebe,Materials Science and Engineering: A,Role of nano-precipitation on the microstructure and shape memory characteristics of a new Ni50.3Ti34.7Zr15 shape memory alloy,2016.0,10.0,10.0,50.3,Ni50.3Ti34.7Zr15.0 %,34.7,15.0
A. Evirgen; I. Karaman; J. Pons; R. Santamarta and R. D. Noebe,Materials Science and Engineering: A,Role of nano-precipitation on the microstructure and shape memory characteristics of a new Ni50.3Ti34.7Zr15 shape memory alloy,2016.0,10.0,10.0,50.3,Ni50.3Ti34.7Zr15.0 %,34.7,15.0
A. Evirgen; I. Karaman; J. Pons; R. Santamarta and R. D. Noebe,Materials Science and Engineering: A,Role of nano-precipitation on the microstructure and shape memory characteristics of a new Ni50.3Ti34.7Zr15 shape memory alloy,2016.0,10.0,10.0,50.3,Ni50.3Ti34.7Zr15.0 %,34.7,15.0
A. Evirgen; I. Karaman; J. Pons; R. Santamarta and R. D. Noebe,Materials Science and Engineering: A,Role of nano-precipitation on the microstructure and shape memory characteristics of a new Ni50.3Ti34.7Zr15 shape memory alloy,2016.0,10.0,10.0,50.3,Ni50.3Ti34.7Zr15.0 %,34.7,15.0
A. Evirgen; I. Karaman; J. Pons; R. Santamarta and R. D. Noebe,Materials Science and Engineering: A,Role of nano-precipitation on the microstructure and shape memory characteristics of a new Ni50.3Ti34.7Zr15 shape memory alloy,2016.0,10.0,10.0,50.3,Ni50.3Ti34.7Zr15.0 %,34.7,15.0
A. Evirgen; I. Karaman; J. Pons; R. Santamarta and R. D. Noebe,Materials Science and Engineering: A,Role of nano-precipitation on the microstructure and shape memory characteristics of a new Ni50.3Ti34.7Zr15 shape memory alloy,2016.0,10.0,10.0,50.3,Ni50.3Ti34.7Zr15.0 %,34.7,15.0
A. Evirgen; I. Karaman; J. Pons; R. Santamarta and R. D. Noebe,Materials Science and Engineering: A,Role of nano-precipitation on the microstructure and shape memory characteristics of a new Ni50.3Ti34.7Zr15 shape memory alloy,2016.0,10.0,10.0,50.3,Ni50.3Ti34.7Zr15.0 %,34.7,15.0
A. Evirgen; I. Karaman; J. Pons; R. Santamarta and R. D. Noebe,Materials Science and Engineering: A,Role of nano-precipitation on the microstructure and shape memory characteristics of a new Ni50.3Ti34.7Zr15 shape memory alloy,2016.0,10.0,10.0,50.3,Ni50.3Ti34.7Zr15.0 %,34.7,15.0
A. Evirgen; I. Karaman; J. Pons; R. Santamarta and R. D. Noebe,Materials Science and Engineering: A,Role of nano-precipitation on the microstructure and shape memory characteristics of a new Ni50.3Ti34.7Zr15 shape memory alloy,2016.0,10.0,10.0,50.3,Ni50.3Ti34.7Zr15.0 %,34.7,15.0
A. Evirgen; I. Karaman; J. Pons; R. Santamarta and R. D. Noebe,Materials Science and Engineering: A,Role of nano-precipitation on the microstructure and shape memory characteristics of a new Ni50.3Ti34.7Zr15 shape memory alloy,2016.0,10.0,10.0,50.3,Ni50.3Ti34.7Zr15.0 %,34.7,15.0
A. Evirgen; I. Karaman; J. Pons; R. Santamarta and R. D. Noebe,Materials Science and Engineering: A,Role of nano-precipitation on the microstructure and shape memory characteristics of a new Ni50.3Ti34.7Zr15 shape memory alloy,2016.0,10.0,10.0,50.3,Ni50.3Ti34.7Zr15.0 %,34.7,15.0
A. Evirgen; I. Karaman; J. Pons; R. Santamarta and R. D. Noebe,Materials Science and Engineering: A,Role of nano-precipitation on the microstructure and shape memory characteristics of a new Ni50.3Ti34.7Zr15 shape memory alloy,2016.0,10.0,10.0,50.3,Ni50.3Ti34.7Zr15.0 %,34.7,15.0
A. Evirgen; I. Karaman; J. Pons; R. Santamarta and R. D. Noebe,Materials Science and Engineering: A,Role of nano-precipitation on the microstructure and shape memory characteristics of a new Ni50.3Ti34.7Zr15 shape memory alloy,2016.0,10.0,10.0,50.3,Ni50.3Ti34.7Zr15.0 %,34.7,15.0
A. Evirgen; I. Karaman; J. Pons; R. Santamarta and R. D. Noebe,Materials Science and Engineering: A,Role of nano-precipitation on the microstructure and shape memory characteristics of a new Ni50.3Ti34.7Zr15 shape memory alloy,2016.0,10.0,10.0,50.3,Ni50.3Ti34.7Zr15.0 %,34.7,15.0
A. Evirgen; I. Karaman; J. Pons; R. Santamarta and R. D. Noebe,Materials Science and Engineering: A,Role of nano-precipitation on the microstructure and shape memory characteristics of a new Ni50.3Ti34.7Zr15 shape memory alloy,2016.0,10.0,10.0,50.3,Ni50.3Ti34.7Zr15.0 %,34.7,15.0
A. Evirgen; I. Karaman; R. Santamarta; J. Pons; C. Hayrettin and R. D. Noebe,Acta Materialia,Relationship between crystallographic compatibility and thermal hysteresis in Ni-rich NiTiHf and NiTiZr high temperature shape memory alloys,2016.0,10.0,10.0,50.3,Ni50.3Ti29.7Zr20.0 %,29.7,20.0
A. Evirgen; I. Karaman; R. Santamarta; J. Pons; C. Hayrettin and R. D. Noebe,Acta Materialia,Relationship between crystallographic compatibility and thermal hysteresis in Ni-rich NiTiHf and NiTiZr high temperature shape memory alloys,2016.0,10.0,10.0,50.3,Ni50.3Ti29.7Zr20.0 %,29.7,20.0
A. Evirgen; I. Karaman; R. Santamarta; J. Pons; C. Hayrettin and R. D. Noebe,Acta Materialia,Relationship between crystallographic compatibility and thermal hysteresis in Ni-rich NiTiHf and NiTiZr high temperature shape memory alloys,2016.0,10.0,10.0,50.3,Ni50.3Ti29.7Zr20.0 %,29.7,20.0
A. Evirgen; I. Karaman; R. Santamarta; J. Pons; C. Hayrettin and R. D. Noebe,Acta Materialia,Relationship between crystallographic compatibility and thermal hysteresis in Ni-rich NiTiHf and NiTiZr high temperature shape memory alloys,2016.0,10.0,10.0,50.3,Ni50.3Ti29.7Zr20.0 %,29.7,20.0
S. M. Kornegay,,Influence of zirconium additions on nitinol shape memory phase stability; transformation temperatures; and thermo-mechanical properties,2016.0,10.0,10.0,50.3,Ni50.3Ti48.7Zr1.0 %,48.7,1.0
S. M. Kornegay,,Influence of zirconium additions on nitinol shape memory phase stability; transformation temperatures; and thermo-mechanical properties,2016.0,10.0,10.0,50.3,Ni50.3Ti48.7Zr1.0 %,48.7,1.0
S. M. Kornegay,,Influence of zirconium additions on nitinol shape memory phase stability; transformation temperatures; and thermo-mechanical properties,2016.0,10.0,10.0,50.3,Ni50.3Ti48.7Zr1.0 %,48.7,1.0
S. M. Kornegay,,Influence of zirconium additions on nitinol shape memory phase stability; transformation temperatures; and thermo-mechanical properties,2016.0,10.0,10.0,50.3,Ni50.3Ti48.7Zr1.0 %,48.7,1.0
S. M. Kornegay,,Influence of zirconium additions on nitinol shape memory phase stability; transformation temperatures; and thermo-mechanical properties,2016.0,10.0,10.0,50.3,Ni50.3Ti48.7Zr1.0 %,48.7,1.0
S. M. Kornegay,,Influence of zirconium additions on nitinol shape memory phase stability; transformation temperatures; and thermo-mechanical properties,2016.0,10.0,10.0,50.3,Ni50.3Ti48.7Zr1.0 %,48.7,1.0
S. M. Kornegay,,Influence of zirconium additions on nitinol shape memory phase stability; transformation temperatures; and thermo-mechanical properties,2016.0,10.0,10.0,50.3,Ni50.3Ti48.7Zr1.0 %,48.7,1.0
S. M. Kornegay,,Influence of zirconium additions on nitinol shape memory phase stability; transformation temperatures; and thermo-mechanical properties,2016.0,10.0,10.0,50.3,Ni50.3Ti48.7Zr1.0 %,48.7,1.0
S. M. Kornegay,,Influence of zirconium additions on nitinol shape memory phase stability; transformation temperatures; and thermo-mechanical properties,2016.0,10.0,10.0,50.3,Ni50.3Ti42.7Zr7.0 %,42.7,7.0
S. M. Kornegay,,Influence of zirconium additions on nitinol shape memory phase stability; transformation temperatures; and thermo-mechanical properties,2016.0,10.0,10.0,50.3,Ni50.3Ti32.2Zr17.5 %,32.2,17.5
S. M. Kornegay,,Influence of zirconium additions on nitinol shape memory phase stability; transformation temperatures; and thermo-mechanical properties,2016.0,10.0,10.0,50.3,Ni50.3Ti32.2Zr17.5 %,32.2,17.5
S. M. Kornegay,,Influence of zirconium additions on nitinol shape memory phase stability; transformation temperatures; and thermo-mechanical properties,2016.0,10.0,10.0,50.3,Ni50.3Ti32.2Zr17.5 %,32.2,17.5
S. M. Kornegay,,Influence of zirconium additions on nitinol shape memory phase stability; transformation temperatures; and thermo-mechanical properties,2016.0,10.0,10.0,50.3,Ni50.3Ti32.2Zr17.5 %,32.2,17.5
A. M. Pérez-Sierra; J. Pons; R. Santamarta; I. Karaman and R. D. Noebe,Scripta Materialia,Stability of a Ni-rich Ni-Ti-Zr high temperature shape memory alloy upon low temperature aging and thermal cycling,2016.0,10.0,10.0,50.3,Ni50.3Ti29.7Zr20.0 %,29.7,20.0
A. M. Pérez-Sierra; J. Pons; R. Santamarta; I. Karaman and R. D. Noebe,Scripta Materialia,Stability of a Ni-rich Ni-Ti-Zr high temperature shape memory alloy upon low temperature aging and thermal cycling,2016.0,10.0,10.0,50.3,Ni50.3Ti29.7Zr20.0 %,29.7,20.0
A. M. Pérez-Sierra; J. Pons; R. Santamarta; I. Karaman and R. D. Noebe,Scripta Materialia,Stability of a Ni-rich Ni-Ti-Zr high temperature shape memory alloy upon low temperature aging and thermal cycling,2016.0,10.0,10.0,50.3,Ni50.3Ti29.7Zr20.0 %,29.7,20.0
A. M. Pérez-Sierra; J. Pons; R. Santamarta; I. Karaman and R. D. Noebe,Scripta Materialia,Stability of a Ni-rich Ni-Ti-Zr high temperature shape memory alloy upon low temperature aging and thermal cycling,2016.0,10.0,10.0,50.3,Ni50.3Ti29.7Zr20.0 %,29.7,20.0
A. M. Pérez-Sierra; J. Pons; R. Santamarta; I. Karaman and R. D. Noebe,Scripta Materialia,Stability of a Ni-rich Ni-Ti-Zr high temperature shape memory alloy upon low temperature aging and thermal cycling,2016.0,10.0,10.0,50.3,Ni50.3Ti29.7Zr20.0 %,29.7,20.0
A. M. Pérez-Sierra; J. Pons; R. Santamarta; I. Karaman and R. D. Noebe,Scripta Materialia,Stability of a Ni-rich Ni-Ti-Zr high temperature shape memory alloy upon low temperature aging and thermal cycling,2016.0,10.0,10.0,50.3,Ni50.3Ti29.7Zr20.0 %,29.7,20.0
A. M. Pérez-Sierra; J. Pons; R. Santamarta; I. Karaman and R. D. Noebe,Scripta Materialia,Stability of a Ni-rich Ni-Ti-Zr high temperature shape memory alloy upon low temperature aging and thermal cycling,2016.0,10.0,10.0,50.3,Ni50.3Ti29.7Zr20.0 %,29.7,20.0
A. M. Pérez-Sierra; J. Pons; R. Santamarta; I. Karaman and R. D. Noebe,Scripta Materialia,Stability of a Ni-rich Ni-Ti-Zr high temperature shape memory alloy upon low temperature aging and thermal cycling,2016.0,10.0,10.0,50.3,Ni50.3Ti29.7Zr20.0 %,29.7,20.0
A. M. Pérez-Sierra; J. Pons; R. Santamarta; I. Karaman and R. D. Noebe,Scripta Materialia,Stability of a Ni-rich Ni-Ti-Zr high temperature shape memory alloy upon low temperature aging and thermal cycling,2016.0,10.0,10.0,50.3,Ni50.3Ti29.7Zr20.0 %,29.7,20.0
A. M. Pérez-Sierra; J. Pons; R. Santamarta; I. Karaman and R. D. Noebe,Scripta Materialia,Stability of a Ni-rich Ni-Ti-Zr high temperature shape memory alloy upon low temperature aging and thermal cycling,2016.0,10.0,10.0,50.3,Ni50.3Ti29.7Zr20.0 %,29.7,20.0
A. M. Pérez-Sierra; J. Pons; R. Santamarta; I. Karaman and R. D. Noebe,Scripta Materialia,Stability of a Ni-rich Ni-Ti-Zr high temperature shape memory alloy upon low temperature aging and thermal cycling,2016.0,10.0,10.0,50.3,Ni50.3Ti29.7Zr20.0 %,29.7,20.0
A. M. Pérez-Sierra; J. Pons; R. Santamarta; I. Karaman and R. D. Noebe,Scripta Materialia,Stability of a Ni-rich Ni-Ti-Zr high temperature shape memory alloy upon low temperature aging and thermal cycling,2016.0,10.0,10.0,50.3,Ni50.3Ti29.7Zr20.0 %,29.7,20.0
A. M. Pérez-Sierra; J. Pons; R. Santamarta; I. Karaman and R. D. Noebe,Scripta Materialia,Stability of a Ni-rich Ni-Ti-Zr high temperature shape memory alloy upon low temperature aging and thermal cycling,2016.0,10.0,10.0,50.3,Ni50.3Ti29.7Zr20.0 %,29.7,20.0
A. M. Pérez-Sierra; J. Pons; R. Santamarta; I. Karaman and R. D. Noebe,Scripta Materialia,Stability of a Ni-rich Ni-Ti-Zr high temperature shape memory alloy upon low temperature aging and thermal cycling,2016.0,10.0,10.0,50.3,Ni50.3Ti29.7Zr20.0 %,29.7,20.0
A. M. Pérez-Sierra; J. Pons; R. Santamarta; I. Karaman and R. D. Noebe,Scripta Materialia,Stability of a Ni-rich Ni-Ti-Zr high temperature shape memory alloy upon low temperature aging and thermal cycling,2016.0,10.0,10.0,50.3,Ni50.3Ti29.7Zr20.0 %,29.7,20.0
A. M. Pérez-Sierra; J. Pons; R. Santamarta; I. Karaman and R. D. Noebe,Scripta Materialia,Stability of a Ni-rich Ni-Ti-Zr high temperature shape memory alloy upon low temperature aging and thermal cycling,2016.0,10.0,10.0,50.3,Ni50.3Ti29.7Zr20.0 %,29.7,20.0
A. M. Pérez-Sierra; J. Pons; R. Santamarta; I. Karaman and R. D. Noebe,Scripta Materialia,Stability of a Ni-rich Ni-Ti-Zr high temperature shape memory alloy upon low temperature aging and thermal cycling,2016.0,10.0,10.0,50.3,Ni50.3Ti29.7Zr20.0 %,29.7,20.0
A. M. Pérez-Sierra; J. Pons; R. Santamarta; I. Karaman and R. D. Noebe,Scripta Materialia,Stability of a Ni-rich Ni-Ti-Zr high temperature shape memory alloy upon low temperature aging and thermal cycling,2016.0,10.0,10.0,50.3,Ni50.3Ti29.7Zr20.0 %,29.7,20.0
A. M. Pérez-Sierra; J. Pons; R. Santamarta; I. Karaman and R. D. Noebe,Scripta Materialia,Stability of a Ni-rich Ni-Ti-Zr high temperature shape memory alloy upon low temperature aging and thermal cycling,2016.0,10.0,10.0,50.3,Ni50.3Ti29.7Zr20.0 %,29.7,20.0
A. M. Pérez-Sierra; J. Pons; R. Santamarta; I. Karaman and R. D. Noebe,Scripta Materialia,Stability of a Ni-rich Ni-Ti-Zr high temperature shape memory alloy upon low temperature aging and thermal cycling,2016.0,10.0,10.0,50.3,Ni50.3Ti29.7Zr20.0 %,29.7,20.0
A. M. Pérez-Sierra; J. Pons; R. Santamarta; I. Karaman and R. D. Noebe,Scripta Materialia,Stability of a Ni-rich Ni-Ti-Zr high temperature shape memory alloy upon low temperature aging and thermal cycling,2016.0,10.0,10.0,50.3,Ni50.3Ti29.7Zr20.0 %,29.7,20.0
A. M. Pérez-Sierra; J. Pons; R. Santamarta; I. Karaman and R. D. Noebe,Scripta Materialia,Stability of a Ni-rich Ni-Ti-Zr high temperature shape memory alloy upon low temperature aging and thermal cycling,2016.0,10.0,10.0,50.3,Ni50.3Ti29.7Zr20.0 %,29.7,20.0
A. M. Pérez-Sierra; J. Pons; R. Santamarta; I. Karaman and R. D. Noebe,Scripta Materialia,Stability of a Ni-rich Ni-Ti-Zr high temperature shape memory alloy upon low temperature aging and thermal cycling,2016.0,10.0,10.0,50.3,Ni50.3Ti29.7Zr20.0 %,29.7,20.0
