Authors,Source,Title,Year,Thermal transformation span (TSPAN) - (AF-MF) - (°C),Calculated Density (g/cm^3),Ni (at.%),composition,Ti (at.%),Pd (at.%)
H.C. Yi; J.J. Moore; A. Petric,Metallurgical Transactions,Microstructural Study of Ti50Pd50 and Ti50Pd50-xPdx Alloys Produced by Combustion Synthesis,1992.0,60.0,7.42395,27.0,Ni27.0Ti50.0Pd23.0 %,50.0,23.0
H.C. Yi; J.J. Moore; A. Petric,Metallurgical Transactions,Microstructural Study of Ti50Pd50 and Ti50Pd50-xPdx Alloys Produced by Combustion Synthesis,1992.0,72.0,7.642,20.0,Ni20.0Ti50.0Pd30.0 %,50.0,30.0
K.C. Atli; I. Karaman; R.D. Noebe; A. Garg; Y.I. Chumlyakov; I.V. Kireeva,Metallurgical and Materials Transactions,Improvement in the Shape Memory Response of Ti50.5Ni24.5Pd25 High-Temperature Shape Memory Alloy with Scandium Microalloying,2010.0,28.0,7.464245,24.5,Ni24.5Ti50.5Pd25.0 %,50.5,25.0
K.C. Atli; I. Karaman; R.D. Noebe; A. Garg; Y.I. Chumlyakov; I.V. Kireeva,Metallurgical and Materials Transactions,Improvement in the Shape Memory Response of Ti50.5Ni24.5Pd25 High-Temperature Shape Memory Alloy with Scandium Microalloying,2010.0,27.0,7.464245,24.5,Ni24.5Ti50.5Pd25.0 %,50.5,25.0
K.C. Atli; I. Karaman; R.D. Noebe; A. Garg; Y.I. Chumlyakov; I.V. Kireeva,Metallurgical and Materials Transactions,Improvement in the Shape Memory Response of Ti50.5Ni24.5Pd25 High-Temperature Shape Memory Alloy with Scandium Microalloying,2010.0,45.0,7.464245,24.5,Ni24.5Ti50.5Pd25.0 %,50.5,25.0
K.C. Atli; I. Karaman; R.D. Noebe; A. Garg; Y.I. Chumlyakov; I.V. Kireeva,Metallurgical and Materials Transactions,Improvement in the Shape Memory Response of Ti50.5Ni24.5Pd25 High-Temperature Shape Memory Alloy with Scandium Microalloying,2010.0,56.0,7.464245,24.5,Ni24.5Ti50.5Pd25.0 %,50.5,25.0
K.C. Atli; I. Karaman; R.D. Noebe; A. Garg; Y.I. Chumlyakov; I.V. Kireeva,Metallurgical and Materials Transactions,Improvement in the Shape Memory Response of Ti50.5Ni24.5Pd25 High-Temperature Shape Memory Alloy with Scandium Microalloying,2010.0,58.0,7.464245,24.5,Ni24.5Ti50.5Pd25.0 %,50.5,25.0
K.C. Atli; I. Karaman; R.D. Noebe; A. Garg; Y.I. Chumlyakov; I.V. Kireeva,Metallurgical and Materials Transactions,Improvement in the Shape Memory Response of Ti50.5Ni24.5Pd25 High-Temperature Shape Memory Alloy with Scandium Microalloying,2010.0,61.0,7.464245,24.5,Ni24.5Ti50.5Pd25.0 %,50.5,25.0
K.C. Atli; I. Karaman; R.D. Noebe; A. Garg; Y.I. Chumlyakov; I.V. Kireeva,Metallurgical and Materials Transactions,Improvement in the Shape Memory Response of Ti50.5Ni24.5Pd25 High-Temperature Shape Memory Alloy with Scandium Microalloying,2010.0,62.0,7.464245,24.5,Ni24.5Ti50.5Pd25.0 %,50.5,25.0
K.C. Atli; I. Karaman; R.D. Noebe; A. Garg; Y.I. Chumlyakov; I.V. Kireeva,Metallurgical and Materials Transactions,Improvement in the Shape Memory Response of Ti50.5Ni24.5Pd25 High-Temperature Shape Memory Alloy with Scandium Microalloying,2010.0,63.0,7.464245,24.5,Ni24.5Ti50.5Pd25.0 %,50.5,25.0
K.C. Atli; I. Karaman; R.D. Noebe; A. Garg; Y.I. Chumlyakov; I.V. Kireeva,Metallurgical and Materials Transactions,Improvement in the Shape Memory Response of Ti50.5Ni24.5Pd25 High-Temperature Shape Memory Alloy with Scandium Microalloying,2010.0,64.0,7.464245,24.5,Ni24.5Ti50.5Pd25.0 %,50.5,25.0
K.C. Atli; I. Karaman; R.D. Noebe; A. Garg; Y.I. Chumlyakov; I.V. Kireeva,Metallurgical and Materials Transactions,Improvement in the Shape Memory Response of Ti50.5Ni24.5Pd25 High-Temperature Shape Memory Alloy with Scandium Microalloying,2010.0,64.0,7.464245,24.5,Ni24.5Ti50.5Pd25.0 %,50.5,25.0
K.C. Atli; I. Karaman; R.D. Noebe; A. Garg; Y.I. Chumlyakov; I.V. Kireeva,Metallurgical and Materials Transactions,Improvement in the Shape Memory Response of Ti50.5Ni24.5Pd25 High-Temperature Shape Memory Alloy with Scandium Microalloying,2010.0,65.0,7.464245,24.5,Ni24.5Ti50.5Pd25.0 %,50.5,25.0
K.C. Atli; I. Karaman; R.D. Noebe; A. Garg; Y.I. Chumlyakov; I.V. Kireeva,Metallurgical and Materials Transactions,Improvement in the Shape Memory Response of Ti50.5Ni24.5Pd25 High-Temperature Shape Memory Alloy with Scandium Microalloying,2010.0,65.0,7.464245,24.5,Ni24.5Ti50.5Pd25.0 %,50.5,25.0
K.C. Atli; I. Karaman; R.D. Noebe; A. Garg; Y.I. Chumlyakov; I.V. Kireeva,Metallurgical and Materials Transactions,Improvement in the Shape Memory Response of Ti50.5Ni24.5Pd25 High-Temperature Shape Memory Alloy with Scandium Microalloying,2010.0,66.0,7.464245,24.5,Ni24.5Ti50.5Pd25.0 %,50.5,25.0
K.C. Atli; I. Karaman; R.D. Noebe; A. Garg; Y.I. Chumlyakov; I.V. Kireeva,Metallurgical and Materials Transactions,Improvement in the Shape Memory Response of Ti50.5Ni24.5Pd25 High-Temperature Shape Memory Alloy with Scandium Microalloying,2010.0,66.0,7.464245,24.5,Ni24.5Ti50.5Pd25.0 %,50.5,25.0
B. Kockar; K.C. Atli; J. Ma; M. Haouaoui; I. Karaman; M. Nagasako; R. Kainuma,Acta Materialia,Role of severe plastic deformation on the cyclic reversibility of a Ti50.3Ni33.7Pd16 high temperature shape memory alloy,2010.0,28.0,7.192697,33.7,Ni33.7Ti50.3Pd16.0 %,50.3,16.0
B. Kockar; K.C. Atli; J. Ma; M. Haouaoui; I. Karaman; M. Nagasako; R. Kainuma,Acta Materialia,Role of severe plastic deformation on the cyclic reversibility of a Ti50.3Ni33.7Pd16 high temperature shape memory alloy,2010.0,29.0,7.192697,33.7,Ni33.7Ti50.3Pd16.0 %,50.3,16.0
B. Kockar; K.C. Atli; J. Ma; M. Haouaoui; I. Karaman; M. Nagasako; R. Kainuma,Acta Materialia,Role of severe plastic deformation on the cyclic reversibility of a Ti50.3Ni33.7Pd16 high temperature shape memory alloy,2010.0,47.0,7.192697,33.7,Ni33.7Ti50.3Pd16.0 %,50.3,16.0
B. Kockar; K.C. Atli; J. Ma; M. Haouaoui; I. Karaman; M. Nagasako; R. Kainuma,Acta Materialia,Role of severe plastic deformation on the cyclic reversibility of a Ti50.3Ni33.7Pd16 high temperature shape memory alloy,2010.0,48.0,7.192697,33.7,Ni33.7Ti50.3Pd16.0 %,50.3,16.0
B. Kockar; K.C. Atli; J. Ma; M. Haouaoui; I. Karaman; M. Nagasako; R. Kainuma,Acta Materialia,Role of severe plastic deformation on the cyclic reversibility of a Ti50.3Ni33.7Pd16 high temperature shape memory alloy,2010.0,17.0,7.192697,33.7,Ni33.7Ti50.3Pd16.0 %,50.3,16.0
B. Kockar; K.C. Atli; J. Ma; M. Haouaoui; I. Karaman; M. Nagasako; R. Kainuma,Acta Materialia,Role of severe plastic deformation on the cyclic reversibility of a Ti50.3Ni33.7Pd16 high temperature shape memory alloy,2010.0,21.0,7.192697,33.7,Ni33.7Ti50.3Pd16.0 %,50.3,16.0
B. Kockar; K.C. Atli; J. Ma; M. Haouaoui; I. Karaman; M. Nagasako; R. Kainuma,Acta Materialia,Role of severe plastic deformation on the cyclic reversibility of a Ti50.3Ni33.7Pd16 high temperature shape memory alloy,2010.0,25.0,7.192697,33.7,Ni33.7Ti50.3Pd16.0 %,50.3,16.0
B. Kockar; K.C. Atli; J. Ma; M. Haouaoui; I. Karaman; M. Nagasako; R. Kainuma,Acta Materialia,Role of severe plastic deformation on the cyclic reversibility of a Ti50.3Ni33.7Pd16 high temperature shape memory alloy,2010.0,33.0,7.192697,33.7,Ni33.7Ti50.3Pd16.0 %,50.3,16.0
B. Kockar; K.C. Atli; J. Ma; M. Haouaoui; I. Karaman; M. Nagasako; R. Kainuma,Acta Materialia,Role of severe plastic deformation on the cyclic reversibility of a Ti50.3Ni33.7Pd16 high temperature shape memory alloy,2010.0,39.0,7.192697,33.7,Ni33.7Ti50.3Pd16.0 %,50.3,16.0
B. Kockar; K.C. Atli; J. Ma; M. Haouaoui; I. Karaman; M. Nagasako; R. Kainuma,Acta Materialia,Role of severe plastic deformation on the cyclic reversibility of a Ti50.3Ni33.7Pd16 high temperature shape memory alloy,2010.0,60.0,7.192697,33.7,Ni33.7Ti50.3Pd16.0 %,50.3,16.0
B. Kockar; K.C. Atli; J. Ma; M. Haouaoui; I. Karaman; M. Nagasako; R. Kainuma,Acta Materialia,Role of severe plastic deformation on the cyclic reversibility of a Ti50.3Ni33.7Pd16 high temperature shape memory alloy,2010.0,32.0,7.192697,33.7,Ni33.7Ti50.3Pd16.0 %,50.3,16.0
B. Kockar; K.C. Atli; J. Ma; M. Haouaoui; I. Karaman; M. Nagasako; R. Kainuma,Acta Materialia,Role of severe plastic deformation on the cyclic reversibility of a Ti50.3Ni33.7Pd16 high temperature shape memory alloy,2010.0,38.0,7.192697,33.7,Ni33.7Ti50.3Pd16.0 %,50.3,16.0
B. Kockar; K.C. Atli; J. Ma; M. Haouaoui; I. Karaman; M. Nagasako; R. Kainuma,Acta Materialia,Role of severe plastic deformation on the cyclic reversibility of a Ti50.3Ni33.7Pd16 high temperature shape memory alloy,2010.0,39.0,7.192697,33.7,Ni33.7Ti50.3Pd16.0 %,50.3,16.0
B. Kockar; K.C. Atli; J. Ma; M. Haouaoui; I. Karaman; M. Nagasako; R. Kainuma,Acta Materialia,Role of severe plastic deformation on the cyclic reversibility of a Ti50.3Ni33.7Pd16 high temperature shape memory alloy,2010.0,40.0,7.192697,33.7,Ni33.7Ti50.3Pd16.0 %,50.3,16.0
B. Kockar; K.C. Atli; J. Ma; M. Haouaoui; I. Karaman; M. Nagasako; R. Kainuma,Acta Materialia,Role of severe plastic deformation on the cyclic reversibility of a Ti50.3Ni33.7Pd16 high temperature shape memory alloy,2010.0,42.0,7.192697,33.7,Ni33.7Ti50.3Pd16.0 %,50.3,16.0
B. Kockar; K.C. Atli; J. Ma; M. Haouaoui; I. Karaman; M. Nagasako; R. Kainuma,Acta Materialia,Role of severe plastic deformation on the cyclic reversibility of a Ti50.3Ni33.7Pd16 high temperature shape memory alloy,2010.0,48.0,7.192697,33.7,Ni33.7Ti50.3Pd16.0 %,50.3,16.0
B. Kockar; K.C. Atli; J. Ma; M. Haouaoui; I. Karaman; M. Nagasako; R. Kainuma,Acta Materialia,Role of severe plastic deformation on the cyclic reversibility of a Ti50.3Ni33.7Pd16 high temperature shape memory alloy,2010.0,61.0,7.192697,33.7,Ni33.7Ti50.3Pd16.0 %,50.3,16.0
Y. Xu; S. Shimizu; Y. Suzuki; K. Otsuka; T. Ueki; K. Mitose,Acta Materialia,Recovery and Recrystallization Processes in Ti-Pd-Ni High Temperature Shape Memory Alloys,1997.0,338.0,7.3305,30.0,Ni30.0Ti50.0Pd20.0 %,50.0,20.0
Y. Xu; S. Shimizu; Y. Suzuki; K. Otsuka; T. Ueki; K. Mitose,Acta Materialia,Recovery and Recrystallization Processes in Ti-Pd-Ni High Temperature Shape Memory Alloys,1997.0,255.0,7.642,20.0,Ni20.0Ti50.0Pd30.0 %,50.0,30.0
Y. Xu; S. Shimizu; Y. Suzuki; K. Otsuka; T. Ueki; K. Mitose,Acta Materialia,Recovery and Recrystallization Processes in Ti-Pd-Ni High Temperature Shape Memory Alloys,1997.0,205.0,7.79775,15.0,Ni15.0Ti50.0Pd35.0 %,50.0,35.0
Y. Xu; S. Shimizu; Y. Suzuki; K. Otsuka; T. Ueki; K. Mitose,Acta Materialia,Recovery and Recrystallization Processes in Ti-Pd-Ni High Temperature Shape Memory Alloys,1997.0,132.0,7.9535,10.0,Ni10.0Ti50.0Pd40.0 %,50.0,40.0
Y. Xu; S. Shimizu; Y. Suzuki; K. Otsuka; T. Ueki; K. Mitose,Acta Materialia,Recovery and Recrystallization Processes in Ti-Pd-Ni High Temperature Shape Memory Alloys,1997.0,102.0,8.10925,5.0,Ni5.0Ti50.0Pd45.0 %,50.0,45.0
Q. Tian; J. Wu,Scandinavian Journal of Metallurgy ,Dynamic properties of Ti51Pd30Ni19 high-temperature shape memory alloy under different heat treatment conditions,2002.0,54.0,7.59799,19.0,Ni19.0Ti51.0Pd30.0 %,51.0,30.0
Q. Tian; J. Wu,Scandinavian Journal of Metallurgy ,Dynamic properties of Ti51Pd30Ni19 high-temperature shape memory alloy under different heat treatment conditions,2002.0,108.0,7.59799,19.0,Ni19.0Ti51.0Pd30.0 %,51.0,30.0
Q. Tian; J. Wu,Scandinavian Journal of Metallurgy ,Dynamic properties of Ti51Pd30Ni19 high-temperature shape memory alloy under different heat treatment conditions,2002.0,76.0,7.59799,19.0,Ni19.0Ti51.0Pd30.0 %,51.0,30.0
Q. Tian; J. Wu,Scandinavian Journal of Metallurgy ,Dynamic properties of Ti51Pd30Ni19 high-temperature shape memory alloy under different heat treatment conditions,2002.0,61.0,7.59799,19.0,Ni19.0Ti51.0Pd30.0 %,51.0,30.0
Q. Tian; J. Wu,Scandinavian Journal of Metallurgy ,Dynamic properties of Ti51Pd30Ni19 high-temperature shape memory alloy under different heat treatment conditions,2002.0,62.0,7.59799,19.0,Ni19.0Ti51.0Pd30.0 %,51.0,30.0
Q. Tian; J. Wu,Scandinavian Journal of Metallurgy ,Dynamic properties of Ti51Pd30Ni19 high-temperature shape memory alloy under different heat treatment conditions,2002.0,62.0,7.59799,19.0,Ni19.0Ti51.0Pd30.0 %,51.0,30.0
Q. Tian; J. Wu,Scandinavian Journal of Metallurgy ,Dynamic properties of Ti51Pd30Ni19 high-temperature shape memory alloy under different heat treatment conditions,2002.0,62.0,7.59799,19.0,Ni19.0Ti51.0Pd30.0 %,51.0,30.0
Q. Tian; J. Wu,Scandinavian Journal of Metallurgy ,Dynamic properties of Ti51Pd30Ni19 high-temperature shape memory alloy under different heat treatment conditions,2002.0,79.0,7.59799,19.0,Ni19.0Ti51.0Pd30.0 %,51.0,30.0
Q. Tian; J. Wu,Scandinavian Journal of Metallurgy ,Dynamic properties of Ti51Pd30Ni19 high-temperature shape memory alloy under different heat treatment conditions,2002.0,94.0,7.59799,19.0,Ni19.0Ti51.0Pd30.0 %,51.0,30.0
Q. Tian; J. Wu,Scandinavian Journal of Metallurgy ,Dynamic properties of Ti51Pd30Ni19 high-temperature shape memory alloy under different heat treatment conditions,2002.0,61.0,7.59799,19.0,Ni19.0Ti51.0Pd30.0 %,51.0,30.0
Q. Tian; J. Wu,Scandinavian Journal of Metallurgy ,Dynamic properties of Ti51Pd30Ni19 high-temperature shape memory alloy under different heat treatment conditions,2002.0,52.0,7.59799,19.0,Ni19.0Ti51.0Pd30.0 %,51.0,30.0
Y. Suzuki; Y. Xu; S. Morito; K. Otsuka; K. Mitose,Materials Letters,Effects of boron addition on microstructure and mechanical properties of Ti–Td–Ni high-temperature shape memory alloys,1998.0,24.0,7.642,20.0,Ni20.0Ti50.0Pd30.0 %,50.0,30.0
Y. Suzuki; Y. Xu; S. Morito; K. Otsuka; K. Mitose,Materials Letters,Effects of boron addition on microstructure and mechanical properties of Ti–Td–Ni high-temperature shape memory alloys,1998.0,23.0,7.642,20.0,Ni20.0Ti50.0Pd30.0 %,50.0,30.0
Y. Suzuki; Y. Xu; S. Morito; K. Otsuka; K. Mitose,Materials Letters,Effects of boron addition on microstructure and mechanical properties of Ti–Td–Ni high-temperature shape memory alloys,1998.0,28.0,7.642,20.0,Ni20.0Ti50.0Pd30.0 %,50.0,30.0
Y. Suzuki; Y. Xu; S. Morito; K. Otsuka; K. Mitose,Materials Letters,Effects of boron addition on microstructure and mechanical properties of Ti–Td–Ni high-temperature shape memory alloys,1998.0,51.0,7.642,20.0,Ni20.0Ti50.0Pd30.0 %,50.0,30.0
Y. Suzuki; Y. Xu; S. Morito; K. Otsuka; K. Mitose,Materials Letters,Effects of boron addition on microstructure and mechanical properties of Ti–Td–Ni high-temperature shape memory alloys,1998.0,86.0,7.642,20.0,Ni20.0Ti50.0Pd30.0 %,50.0,30.0
S.M. Tuominen; R.J. Biermann ,JOM,Shape-Memory Wires,1988.0,50.0,7.402145,27.7,Ni27.7Ti50.0Pd22.3 %,50.0,22.3
S.M. Tuominen; R.J. Biermann ,JOM,Shape-Memory Wires,1988.0,50.0,7.483135,25.1,Ni25.1Ti50.0Pd24.9 %,50.0,24.9
S.M. Tuominen; R.J. Biermann ,JOM,Shape-Memory Wires,1988.0,53.0,7.551665,22.9,Ni22.9Ti50.0Pd27.1 %,50.0,27.1
H.B. Xu; S.Q. Hu; C. Jiang; S.K. Gong,Journal of Materials Science and Technology,Annealing Effect on Mechanical Properties of Ti51Ni13Pd36 High Temperature Memory Alloy,2000.0,53.0,7.78489,13.0,Ni13.0Ti51.0Pd36.0 %,51.0,36.0
D. Golberg; Y. Xu; Y. Murakami; K. Otsuka; T. Ueki; H. Horikawa,Materials Letters,High-temperature shape memory effect in Ti50Pd50-xNix (x = 10; 15; 20) alloys,1995.0,54.0,7.642,20.0,Ni20.0Ti50.0Pd30.0 %,50.0,30.0
D. Golberg; Y. Xu; Y. Murakami; K. Otsuka; T. Ueki; H. Horikawa,Materials Letters,High-temperature shape memory effect in Ti50Pd50-xNix (x = 10; 15; 20) alloys,1995.0,49.0,7.79775,15.0,Ni15.0Ti50.0Pd35.0 %,50.0,35.0
D. Golberg; Y. Xu; Y. Murakami; K. Otsuka; T. Ueki; H. Horikawa,Materials Letters,High-temperature shape memory effect in Ti50Pd50-xNix (x = 10; 15; 20) alloys,1995.0,62.0,7.9535,10.0,Ni10.0Ti50.0Pd40.0 %,50.0,40.0
D. Golberg; Y. Xu; Y. Murakami; S. Morito; K. Otsuka; T. Ueki; H. Horikawa,Scripta Metallurgica et Materialia,Improvement of a Ti50Pd30Ni20 high temperature shape memory alloy by thermomechanical treatments,1994.0,66.0,7.642,20.0,Ni20.0Ti50.0Pd30.0 %,50.0,30.0
D. Golberg; Y. Xu; Y. Murakami; S. Morito; K. Otsuka; T. Ueki; H. Horikawa,Scripta Metallurgica et Materialia,Improvement of a Ti50Pd30Ni20 high temperature shape memory alloy by thermomechanical treatments,1994.0,66.0,7.642,20.0,Ni20.0Ti50.0Pd30.0 %,50.0,30.0
D. Golberg; Y. Xu; Y. Murakami; S. Morito; K. Otsuka; T. Ueki; H. Horikawa,Scripta Metallurgica et Materialia,Improvement of a Ti50Pd30Ni20 high temperature shape memory alloy by thermomechanical treatments,1994.0,49.0,7.642,20.0,Ni20.0Ti50.0Pd30.0 %,50.0,30.0
S. Shimizu; Y. Xu; E. Okunishi; S. Tanaka; K. Otsuka; K. Mitose,Materials Letters,Improvement of shape memory characteristics by precipitation-hardening of Ti-Pd-Ni alloys,1998.0,31.0,7.615594,19.4,Ni19.4Ti50.6Pd30.0 %,50.6,30.0
S. Shimizu; Y. Xu; E. Okunishi; S. Tanaka; K. Otsuka; K. Mitose,Materials Letters,Improvement of shape memory characteristics by precipitation-hardening of Ti-Pd-Ni alloys,1998.0,34.0,7.615594,19.4,Ni19.4Ti50.6Pd30.0 %,50.6,30.0
S. Shimizu; Y. Xu; E. Okunishi; S. Tanaka; K. Otsuka; K. Mitose,Materials Letters,Improvement of shape memory characteristics by precipitation-hardening of Ti-Pd-Ni alloys,1998.0,34.0,7.615594,19.4,Ni19.4Ti50.6Pd30.0 %,50.6,30.0
S. Shimizu; Y. Xu; E. Okunishi; S. Tanaka; K. Otsuka; K. Mitose,Materials Letters,Improvement of shape memory characteristics by precipitation-hardening of Ti-Pd-Ni alloys,1998.0,32.0,7.615594,19.4,Ni19.4Ti50.6Pd30.0 %,50.6,30.0
S. Shimizu; Y. Xu; E. Okunishi; S. Tanaka; K. Otsuka; K. Mitose,Materials Letters,Improvement of shape memory characteristics by precipitation-hardening of Ti-Pd-Ni alloys,1998.0,29.0,7.615594,19.4,Ni19.4Ti50.6Pd30.0 %,50.6,30.0
S. Shimizu; Y. Xu; E. Okunishi; S. Tanaka; K. Otsuka; K. Mitose,Materials Letters,Improvement of shape memory characteristics by precipitation-hardening of Ti-Pd-Ni alloys,1998.0,22.0,7.615594,19.4,Ni19.4Ti50.6Pd30.0 %,50.6,30.0
S. Shimizu; Y. Xu; E. Okunishi; S. Tanaka; K. Otsuka; K. Mitose,Materials Letters,Improvement of shape memory characteristics by precipitation-hardening of Ti-Pd-Ni alloys,1998.0,35.0,7.624396,19.6,Ni19.6Ti50.4Pd30.0 %,50.4,30.0
S. Shimizu; Y. Xu; E. Okunishi; S. Tanaka; K. Otsuka; K. Mitose,Materials Letters,Improvement of shape memory characteristics by precipitation-hardening of Ti-Pd-Ni alloys,1998.0,39.0,7.633198,19.8,Ni19.8Ti50.2Pd30.0 %,50.2,30.0
S. Shimizu; Y. Xu; E. Okunishi; S. Tanaka; K. Otsuka; K. Mitose,Materials Letters,Improvement of shape memory characteristics by precipitation-hardening of Ti-Pd-Ni alloys,1998.0,38.0,7.642,20.0,Ni20.0Ti50.0Pd30.0 %,50.0,30.0
S. Shimizu; Y. Xu; E. Okunishi; S. Tanaka; K. Otsuka; K. Mitose,Materials Letters,Improvement of shape memory characteristics by precipitation-hardening of Ti-Pd-Ni alloys,1998.0,34.0,7.664005,20.5,Ni20.5Ti49.5Pd30.0 %,49.5,30.0
S. Shimizu; Y. Xu; E. Okunishi; S. Tanaka; K. Otsuka; K. Mitose,Materials Letters,Improvement of shape memory characteristics by precipitation-hardening of Ti-Pd-Ni alloys,1998.0,37.0,7.664005,20.5,Ni20.5Ti49.5Pd30.0 %,49.5,30.0
S. Shimizu; Y. Xu; E. Okunishi; S. Tanaka; K. Otsuka; K. Mitose,Materials Letters,Improvement of shape memory characteristics by precipitation-hardening of Ti-Pd-Ni alloys,1998.0,30.0,7.664005,20.5,Ni20.5Ti49.5Pd30.0 %,49.5,30.0
S. Shimizu; Y. Xu; E. Okunishi; S. Tanaka; K. Otsuka; K. Mitose,Materials Letters,Improvement of shape memory characteristics by precipitation-hardening of Ti-Pd-Ni alloys,1998.0,22.0,7.664005,20.5,Ni20.5Ti49.5Pd30.0 %,49.5,30.0
S. Shimizu; Y. Xu; E. Okunishi; S. Tanaka; K. Otsuka; K. Mitose,Materials Letters,Improvement of shape memory characteristics by precipitation-hardening of Ti-Pd-Ni alloys,1998.0,20.0,7.664005,20.5,Ni20.5Ti49.5Pd30.0 %,49.5,30.0
S. Shimizu; Y. Xu; E. Okunishi; S. Tanaka; K. Otsuka; K. Mitose,Materials Letters,Improvement of shape memory characteristics by precipitation-hardening of Ti-Pd-Ni alloys,1998.0,35.0,7.68601,21.0,Ni21.0Ti49.0Pd30.0 %,49.0,30.0
S. Shimizu; Y. Xu; E. Okunishi; S. Tanaka; K. Otsuka; K. Mitose,Materials Letters,Improvement of shape memory characteristics by precipitation-hardening of Ti-Pd-Ni alloys,1998.0,63.0,7.708015,21.5,Ni21.5Ti48.5Pd30.0 %,48.5,30.0
D. Golberg; Y. Xu; Y. Murakami; S. Morito; K. Otsuka,Intermetallics,Characteristics of Ti50Pd30Ni20 high-temperature shape memory alloy,1995.0,290.0,7.642,20.0,Ni20.0Ti50.0Pd30.0 %,50.0,30.0
D. Golberg; Y. Xu; Y. Murakami; S. Morito; K. Otsuka,Intermetallics,Characteristics of Ti50Pd30Ni20 high-temperature shape memory alloy,1995.0,285.0,7.642,20.0,Ni20.0Ti50.0Pd30.0 %,50.0,30.0
D. Golberg; Y. Xu; Y. Murakami; S. Morito; K. Otsuka,Intermetallics,Characteristics of Ti50Pd30Ni20 high-temperature shape memory alloy,1995.0,84.0,7.642,20.0,Ni20.0Ti50.0Pd30.0 %,50.0,30.0
D. Golberg; Y. Xu; Y. Murakami; S. Morito; K. Otsuka,Intermetallics,Characteristics of Ti50Pd30Ni20 high-temperature shape memory alloy,1995.0,66.0,7.642,20.0,Ni20.0Ti50.0Pd30.0 %,50.0,30.0
D. Golberg; Y. Xu; Y. Murakami; S. Morito; K. Otsuka,Intermetallics,Characteristics of Ti50Pd30Ni20 high-temperature shape memory alloy,1995.0,66.0,7.642,20.0,Ni20.0Ti50.0Pd30.0 %,50.0,30.0
D. Golberg; Y. Xu; Y. Murakami; S. Morito; K. Otsuka,Intermetallics,Characteristics of Ti50Pd30Ni20 high-temperature shape memory alloy,1995.0,60.0,7.642,20.0,Ni20.0Ti50.0Pd30.0 %,50.0,30.0
D. Golberg; Y. Xu; Y. Murakami; S. Morito; K. Otsuka,Intermetallics,Characteristics of Ti50Pd30Ni20 high-temperature shape memory alloy,1995.0,48.0,7.642,20.0,Ni20.0Ti50.0Pd30.0 %,50.0,30.0
D. Golberg; Y. Xu; Y. Murakami; S. Morito; K. Otsuka,Intermetallics,Characteristics of Ti50Pd30Ni20 high-temperature shape memory alloy,1995.0,49.0,7.642,20.0,Ni20.0Ti50.0Pd30.0 %,50.0,30.0
D. Golberg; Y. Xu; Y. Murakami; S. Morito; K. Otsuka,Intermetallics,Characteristics of Ti50Pd30Ni20 high-temperature shape memory alloy,1995.0,54.0,7.642,20.0,Ni20.0Ti50.0Pd30.0 %,50.0,30.0
M. Nagasako; M. Nishida; Y. Murakami; D. Shindo,Materials Science and Engineering A,Martensitic and order–disorder transformations in Ti45Pd45Ni10 alloy,2006.0,126.0,8.3293,10.0,Ni10.0Ti45.0Pd45.0 %,45.0,45.0
Q. Tian; J. Wu,Materials Science and Engineering A,Tensile behavior of Ti50.6Pd30Ni19.4 alloy under different tensile conditions,2002.0,59.0,7.615594,19.4,Ni19.4Ti50.6Pd30.0 %,50.6,30.0
Q. Tian; J. Wu,Intermetallics,Characterisation of phase transformation in Ti50+xPd30Ni20-x alloys,2002.0,53.0,7.59799,19.0,Ni19.0Ti51.0Pd30.0 %,51.0,30.0
Q. Tian; J. Wu,Intermetallics,Characterisation of phase transformation in Ti50+xPd30Ni20-x alloys,2002.0,59.0,7.615594,19.4,Ni19.4Ti50.6Pd30.0 %,50.6,30.0
Q. Tian; J. Wu,Intermetallics,Characterisation of phase transformation in Ti50+xPd30Ni20-x alloys,2002.0,66.0,7.633198,19.8,Ni19.8Ti50.2Pd30.0 %,50.2,30.0
W. Cai; S. Tanaka; K. Otsuka,Materials Science Forum,Thermal cyclic characteristics under load in a Ti50.6Pd30Ni19.4 alloy,2000.0,35.0,7.615594,19.4,Ni19.4Ti50.6Pd30.0 %,50.6,30.0
W. Cai; S. Tanaka; K. Otsuka,Materials Science Forum,Thermal cyclic characteristics under load in a Ti50.6Pd30Ni19.4 alloy,2000.0,45.0,7.615594,19.4,Ni19.4Ti50.6Pd30.0 %,50.6,30.0
W. Cai; S. Tanaka; K. Otsuka,Materials Science Forum,Thermal cyclic characteristics under load in a Ti50.6Pd30Ni19.4 alloy,2000.0,48.0,7.615594,19.4,Ni19.4Ti50.6Pd30.0 %,50.6,30.0
W. Cai; S. Tanaka; K. Otsuka,Materials Science Forum,Thermal cyclic characteristics under load in a Ti50.6Pd30Ni19.4 alloy,2000.0,50.0,7.615594,19.4,Ni19.4Ti50.6Pd30.0 %,50.6,30.0
W. Cai; S. Tanaka; K. Otsuka,Materials Science Forum,Thermal cyclic characteristics under load in a Ti50.6Pd30Ni19.4 alloy,2000.0,50.0,7.615594,19.4,Ni19.4Ti50.6Pd30.0 %,50.6,30.0
W. Cai; S. Tanaka; K. Otsuka,Materials Science Forum,Thermal cyclic characteristics under load in a Ti50.6Pd30Ni19.4 alloy,2000.0,51.0,7.615594,19.4,Ni19.4Ti50.6Pd30.0 %,50.6,30.0
W. Cai; S. Tanaka; K. Otsuka,Materials Science Forum,Thermal cyclic characteristics under load in a Ti50.6Pd30Ni19.4 alloy,2000.0,52.0,7.615594,19.4,Ni19.4Ti50.6Pd30.0 %,50.6,30.0
P.K. Kumar; D.C. Lagoudas,Acta Materialia,Experimental and microstructural characterization of simultaneous creep; plasticity and phase transformation in Ti50Pd40Ni10 high-temperature shape memory alloy,2010.0,51.0,7.9535,10.0,Ni10.0Ti50.0Pd40.0 %,50.0,40.0
P.K. Kumar; D.C. Lagoudas,Acta Materialia,Experimental and microstructural characterization of simultaneous creep; plasticity and phase transformation in Ti50Pd40Ni10 high-temperature shape memory alloy,2010.0,53.0,7.9535,10.0,Ni10.0Ti50.0Pd40.0 %,50.0,40.0
P.K. Kumar; D.C. Lagoudas,Acta Materialia,Experimental and microstructural characterization of simultaneous creep; plasticity and phase transformation in Ti50Pd40Ni10 high-temperature shape memory alloy,2010.0,53.0,7.9535,10.0,Ni10.0Ti50.0Pd40.0 %,50.0,40.0
P.K. Kumar; D.C. Lagoudas,Acta Materialia,Experimental and microstructural characterization of simultaneous creep; plasticity and phase transformation in Ti50Pd40Ni10 high-temperature shape memory alloy,2010.0,53.0,7.9535,10.0,Ni10.0Ti50.0Pd40.0 %,50.0,40.0
P.K. Kumar; D.C. Lagoudas,Acta Materialia,Experimental and microstructural characterization of simultaneous creep; plasticity and phase transformation in Ti50Pd40Ni10 high-temperature shape memory alloy,2010.0,56.0,7.9535,10.0,Ni10.0Ti50.0Pd40.0 %,50.0,40.0
P.K. Kumar; D.C. Lagoudas,Acta Materialia,Experimental and microstructural characterization of simultaneous creep; plasticity and phase transformation in Ti50Pd40Ni10 high-temperature shape memory alloy,2010.0,63.0,7.9535,10.0,Ni10.0Ti50.0Pd40.0 %,50.0,40.0
P.K. Kumar; U. Desai; J.A. Monroe; D.C. Lagoudas; I. Karaman; G.S. Bigelow; R.D. Noebe,Materials Science and Engineering A,Experimental investigation of simultaneous creep; plasticity and transformation of Ti50.5Pd30Ni19.5 high temperature shape memory alloy during cyclic actuation,2011.0,22.0,7.619995,19.5,Ni19.5Ti50.5Pd30.0 %,50.5,30.0
P.K. Kumar; U. Desai; J.A. Monroe; D.C. Lagoudas; I. Karaman; G.S. Bigelow; R.D. Noebe,Materials Science and Engineering A,Experimental investigation of simultaneous creep; plasticity and transformation of Ti50.5Pd30Ni19.5 high temperature shape memory alloy during cyclic actuation,2011.0,21.0,7.619995,19.5,Ni19.5Ti50.5Pd30.0 %,50.5,30.0
P.K. Kumar; U. Desai; J.A. Monroe; D.C. Lagoudas; I. Karaman; G.S. Bigelow; R.D. Noebe,Materials Science and Engineering A,Experimental investigation of simultaneous creep; plasticity and transformation of Ti50.5Pd30Ni19.5 high temperature shape memory alloy during cyclic actuation,2011.0,21.0,7.619995,19.5,Ni19.5Ti50.5Pd30.0 %,50.5,30.0
P.K. Kumar; U. Desai; J.A. Monroe; D.C. Lagoudas; I. Karaman; G.S. Bigelow; R.D. Noebe,Materials Science and Engineering A,Experimental investigation of simultaneous creep; plasticity and transformation of Ti50.5Pd30Ni19.5 high temperature shape memory alloy during cyclic actuation,2011.0,23.0,7.619995,19.5,Ni19.5Ti50.5Pd30.0 %,50.5,30.0
P.K. Kumar; U. Desai; J.A. Monroe; D.C. Lagoudas; I. Karaman; G.S. Bigelow; R.D. Noebe,Materials Science and Engineering A,Experimental investigation of simultaneous creep; plasticity and transformation of Ti50.5Pd30Ni19.5 high temperature shape memory alloy during cyclic actuation,2011.0,26.0,7.619995,19.5,Ni19.5Ti50.5Pd30.0 %,50.5,30.0
P.K. Kumar; U. Desai; J.A. Monroe; D.C. Lagoudas; I. Karaman; G.S. Bigelow; R.D. Noebe,Materials Science and Engineering A,Experimental investigation of simultaneous creep; plasticity and transformation of Ti50.5Pd30Ni19.5 high temperature shape memory alloy during cyclic actuation,2011.0,26.0,7.619995,19.5,Ni19.5Ti50.5Pd30.0 %,50.5,30.0
P.K. Kumar; U. Desai; J.A. Monroe; D.C. Lagoudas; I. Karaman; G.S. Bigelow; R.D. Noebe,Materials Science and Engineering A,Experimental investigation of simultaneous creep; plasticity and transformation of Ti50.5Pd30Ni19.5 high temperature shape memory alloy during cyclic actuation,2011.0,29.0,7.619995,19.5,Ni19.5Ti50.5Pd30.0 %,50.5,30.0
P.K. Kumar; U. Desai; J.A. Monroe; D.C. Lagoudas; I. Karaman; G.S. Bigelow; R.D. Noebe,Materials Science and Engineering A,Experimental investigation of simultaneous creep; plasticity and transformation of Ti50.5Pd30Ni19.5 high temperature shape memory alloy during cyclic actuation,2011.0,38.0,7.619995,19.5,Ni19.5Ti50.5Pd30.0 %,50.5,30.0
P.K. Kumar; U. Desai; J.A. Monroe; D.C. Lagoudas; I. Karaman; G.S. Bigelow; R.D. Noebe,Materials Science and Engineering A,Experimental investigation of simultaneous creep; plasticity and transformation of Ti50.5Pd30Ni19.5 high temperature shape memory alloy during cyclic actuation,2011.0,50.0,7.619995,19.5,Ni19.5Ti50.5Pd30.0 %,50.5,30.0
P.K. Kumar; U. Desai; J.A. Monroe; D.C. Lagoudas; I. Karaman; G.S. Bigelow; R.D. Noebe,Materials Science and Engineering A,Experimental investigation of simultaneous creep; plasticity and transformation of Ti50.5Pd30Ni19.5 high temperature shape memory alloy during cyclic actuation,2011.0,54.0,7.619995,19.5,Ni19.5Ti50.5Pd30.0 %,50.5,30.0
P.K. Kumar; U. Desai; J.A. Monroe; D.C. Lagoudas; I. Karaman; G.S. Bigelow; R.D. Noebe,Materials Science and Engineering A,Experimental investigation of simultaneous creep; plasticity and transformation of Ti50.5Pd30Ni19.5 high temperature shape memory alloy during cyclic actuation,2011.0,64.0,7.619995,19.5,Ni19.5Ti50.5Pd30.0 %,50.5,30.0
P.K. Kumar; U. Desai; J.A. Monroe; D.C. Lagoudas; I. Karaman; G.S. Bigelow; R.D. Noebe,Materials Science and Engineering A,Experimental investigation of simultaneous creep; plasticity and transformation of Ti50.5Pd30Ni19.5 high temperature shape memory alloy during cyclic actuation,2011.0,66.0,7.619995,19.5,Ni19.5Ti50.5Pd30.0 %,50.5,30.0
P.K. Kumar; U. Desai; J.A. Monroe; D.C. Lagoudas; I. Karaman; G.S. Bigelow; R.D. Noebe,Materials Science and Engineering A,Experimental investigation of simultaneous creep; plasticity and transformation of Ti50.5Pd30Ni19.5 high temperature shape memory alloy during cyclic actuation,2011.0,68.0,7.619995,19.5,Ni19.5Ti50.5Pd30.0 %,50.5,30.0
P.K. Kumar; U. Desai; J.A. Monroe; D.C. Lagoudas; I. Karaman; G.S. Bigelow; R.D. Noebe,Materials Science and Engineering A,Experimental investigation of simultaneous creep; plasticity and transformation of Ti50.5Pd30Ni19.5 high temperature shape memory alloy during cyclic actuation,2011.0,77.0,7.619995,19.5,Ni19.5Ti50.5Pd30.0 %,50.5,30.0
P.K. Kumar; U. Desai; J.A. Monroe; D.C. Lagoudas; I. Karaman; G.S. Bigelow; R.D. Noebe,Materials Science and Engineering A,Experimental investigation of simultaneous creep; plasticity and transformation of Ti50.5Pd30Ni19.5 high temperature shape memory alloy during cyclic actuation,2011.0,79.0,7.619995,19.5,Ni19.5Ti50.5Pd30.0 %,50.5,30.0
P.K. Kumar; U. Desai; J.A. Monroe; D.C. Lagoudas; I. Karaman; G.S. Bigelow; R.D. Noebe,Materials Science and Engineering A,Experimental investigation of simultaneous creep; plasticity and transformation of Ti50.5Pd30Ni19.5 high temperature shape memory alloy during cyclic actuation,2011.0,80.0,7.619995,19.5,Ni19.5Ti50.5Pd30.0 %,50.5,30.0
P.K. Kumar; U. Desai; J.A. Monroe; D.C. Lagoudas; I. Karaman; G.S. Bigelow; R.D. Noebe,Materials Science and Engineering A,Experimental investigation of simultaneous creep; plasticity and transformation of Ti50.5Pd30Ni19.5 high temperature shape memory alloy during cyclic actuation,2011.0,89.0,7.619995,19.5,Ni19.5Ti50.5Pd30.0 %,50.5,30.0
P.K. Kumar; U. Desai; J.A. Monroe; D.C. Lagoudas; I. Karaman; G.S. Bigelow; R.D. Noebe,Materials Science and Engineering A,Experimental investigation of simultaneous creep; plasticity and transformation of Ti50.5Pd30Ni19.5 high temperature shape memory alloy during cyclic actuation,2011.0,89.0,7.619995,19.5,Ni19.5Ti50.5Pd30.0 %,50.5,30.0
P.K. Kumar; U. Desai; J.A. Monroe; D.C. Lagoudas; I. Karaman; G.S. Bigelow; R.D. Noebe,Materials Science and Engineering A,Experimental investigation of simultaneous creep; plasticity and transformation of Ti50.5Pd30Ni19.5 high temperature shape memory alloy during cyclic actuation,2011.0,92.0,7.619995,19.5,Ni19.5Ti50.5Pd30.0 %,50.5,30.0
K.C. Atli; I. Karaman; R.D. Noebe; H.J. Maier,Scripta Metallurgica et Materialia,Comparative analysis of the effects of severe plastic deformation and thermomechanical training on the functional stability of Ti50.5Ni24.5Pd25 high-temperature shape memory alloy,2011.0,28.0,7.464245,24.5,Ni24.5Ti50.5Pd25.0 %,50.5,25.0
K.C. Atli; I. Karaman; R.D. Noebe; H.J. Maier,Scripta Metallurgica et Materialia,Comparative analysis of the effects of severe plastic deformation and thermomechanical training on the functional stability of Ti50.5Ni24.5Pd25 high-temperature shape memory alloy,2011.0,31.0,7.464245,24.5,Ni24.5Ti50.5Pd25.0 %,50.5,25.0
K.C. Atli; I. Karaman; R.D. Noebe; H.J. Maier,Scripta Metallurgica et Materialia,Comparative analysis of the effects of severe plastic deformation and thermomechanical training on the functional stability of Ti50.5Ni24.5Pd25 high-temperature shape memory alloy,2011.0,50.0,7.464245,24.5,Ni24.5Ti50.5Pd25.0 %,50.5,25.0
K.V. Ramaiah; C.N. Saikrishna; Gouthama; S.K. Bhamik,Journal of Alloys and Compounds,Microstructure and transformation behaviour of Ni75−XTiXPd25 high temperature shape memory alloys,2013.0,18.0,7.473047,24.7,Ni24.7Ti50.3Pd25.0 %,50.3,25.0
K.V. Ramaiah; C.N. Saikrishna; Gouthama; S.K. Bhamik,Journal of Alloys and Compounds,Microstructure and transformation behaviour of Ni75−XTiXPd25 high temperature shape memory alloys,2013.0,22.0,7.473047,24.7,Ni24.7Ti50.3Pd25.0 %,50.3,25.0
K.V. Ramaiah; C.N. Saikrishna; Gouthama; S.K. Bhamik,Journal of Alloys and Compounds,Microstructure and transformation behaviour of Ni75−XTiXPd25 high temperature shape memory alloys,2013.0,19.0,7.48625,25.0,Ni25.0Ti50.0Pd25.0 %,50.0,25.0
K.V. Ramaiah; C.N. Saikrishna; Gouthama; S.K. Bhamik,Journal of Alloys and Compounds,Microstructure and transformation behaviour of Ni75−XTiXPd25 high temperature shape memory alloys,2013.0,163.0,7.48625,25.0,Ni25.0Ti50.0Pd25.0 %,50.0,25.0
K.V. Ramaiah; C.N. Saikrishna; Gouthama; S.K. Bhamik,Journal of Alloys and Compounds,Microstructure and transformation behaviour of Ni75−XTiXPd25 high temperature shape memory alloys,2013.0,24.0,7.499453,25.3,Ni25.3Ti49.7Pd25.0 %,49.7,25.0
K.V. Ramaiah; C.N. Saikrishna; Gouthama; S.K. Bhamik,Journal of Alloys and Compounds,Microstructure and transformation behaviour of Ni75−XTiXPd25 high temperature shape memory alloys,2013.0,26.0,7.499453,25.3,Ni25.3Ti49.7Pd25.0 %,49.7,25.0
K.V. Ramaiah; C.N. Saikrishna; J. Bhagyaraj; Gouthama; S.K. Bhamik,Intermetallics,Influence of Sc addition on microstructure and transformation behaviour of Ni24.7Ti50.3Pd25.0 high temperature shape memory alloy,2013.0,21.0,7.473047,24.7,Ni24.7Ti50.3Pd25.0 %,50.3,25.0
K.V. Ramaiah; C.N. Saikrishna; J. Bhagyaraj; Gouthama; S.K. Bhamik,Intermetallics,Influence of Sc addition on microstructure and transformation behaviour of Ni24.7Ti50.3Pd25.0 high temperature shape memory alloy,2013.0,23.0,7.473047,24.7,Ni24.7Ti50.3Pd25.0 %,50.3,25.0
K.C. Atli; I. Karaman; R.D. Noebe; D. Gaydosh ,Materials Science and Engineering A,The effect of training on two-way shape memory effect of binary NiTi and NiTi based ternary high temperature shape memory alloys,2013.0,44.0,7.339645,28.5,Ni28.5Ti50.5Pd21.0 %,50.5,21.0
K.C. Atli; I. Karaman; R.D. Noebe; D. Gaydosh ,Materials Science and Engineering A,The effect of training on two-way shape memory effect of binary NiTi and NiTi based ternary high temperature shape memory alloys,2013.0,44.0,7.339645,28.5,Ni28.5Ti50.5Pd21.0 %,50.5,21.0
K.C. Atli; I. Karaman; R.D. Noebe; D. Gaydosh ,Materials Science and Engineering A,The effect of training on two-way shape memory effect of binary NiTi and NiTi based ternary high temperature shape memory alloys,2013.0,31.0,7.464245,24.5,Ni24.5Ti50.5Pd25.0 %,50.5,25.0
K.C. Atli; I. Karaman; R.D. Noebe; D. Gaydosh ,Materials Science and Engineering A,The effect of training on two-way shape memory effect of binary NiTi and NiTi based ternary high temperature shape memory alloys,2013.0,41.0,7.464245,24.5,Ni24.5Ti50.5Pd25.0 %,50.5,25.0
K.C. Atli; I. Karaman; R.D. Noebe; D. Gaydosh ,Materials Science and Engineering A,The effect of training on two-way shape memory effect of binary NiTi and NiTi based ternary high temperature shape memory alloys,2013.0,44.0,7.464245,24.5,Ni24.5Ti50.5Pd25.0 %,50.5,25.0
K.C. Atli; I. Karaman; R.D. Noebe; D. Gaydosh ,Materials Science and Engineering A,The effect of training on two-way shape memory effect of binary NiTi and NiTi based ternary high temperature shape memory alloys,2013.0,47.0,7.464245,24.5,Ni24.5Ti50.5Pd25.0 %,50.5,25.0
K.C. Atli; I. Karaman; R.D. Noebe; D. Gaydosh ,Materials Science and Engineering A,The effect of training on two-way shape memory effect of binary NiTi and NiTi based ternary high temperature shape memory alloys,2013.0,60.0,7.464245,24.5,Ni24.5Ti50.5Pd25.0 %,50.5,25.0
K.C. Atli; I. Karaman; R.D. Noebe; D. Gaydosh ,Materials Science and Engineering A,The effect of training on two-way shape memory effect of binary NiTi and NiTi based ternary high temperature shape memory alloys,2013.0,63.0,7.464245,24.5,Ni24.5Ti50.5Pd25.0 %,50.5,25.0
K.V. Ramaiah; C.N. Saikrishna; Gouthama; S.K. Bhaumik,Materials and Design ,Ni24.7Ti50.3Pd25.0 high temperature shape memory alloy with narrow thermal hysteresis and high thermal stability,2014.0,15.0,7.473047,24.7,Ni24.7Ti50.3Pd25.0 %,50.3,25.0
K.V. Ramaiah; C.N. Saikrishna; Gouthama; S.K. Bhaumik,Materials and Design ,Ni24.7Ti50.3Pd25.0 high temperature shape memory alloy with narrow thermal hysteresis and high thermal stability,2014.0,16.0,7.473047,24.7,Ni24.7Ti50.3Pd25.0 %,50.3,25.0
K.V. Ramaiah; C.N. Saikrishna; Gouthama; S.K. Bhaumik,Materials and Design ,Ni24.7Ti50.3Pd25.0 high temperature shape memory alloy with narrow thermal hysteresis and high thermal stability,2014.0,17.0,7.473047,24.7,Ni24.7Ti50.3Pd25.0 %,50.3,25.0
K.V. Ramaiah; C.N. Saikrishna; Gouthama; S.K. Bhaumik,Materials and Design ,Ni24.7Ti50.3Pd25.0 high temperature shape memory alloy with narrow thermal hysteresis and high thermal stability,2014.0,17.0,7.473047,24.7,Ni24.7Ti50.3Pd25.0 %,50.3,25.0
K.V. Ramaiah; C.N. Saikrishna; Gouthama; S.K. Bhaumik,Materials and Design ,Ni24.7Ti50.3Pd25.0 high temperature shape memory alloy with narrow thermal hysteresis and high thermal stability,2014.0,19.0,7.473047,24.7,Ni24.7Ti50.3Pd25.0 %,50.3,25.0
K.V. Ramaiah; C.N. Saikrishna; Gouthama; S.K. Bhaumik,Materials and Design ,Ni24.7Ti50.3Pd25.0 high temperature shape memory alloy with narrow thermal hysteresis and high thermal stability,2014.0,20.0,7.473047,24.7,Ni24.7Ti50.3Pd25.0 %,50.3,25.0
K.V. Ramaiah; C.N. Saikrishna; Gouthama; S.K. Bhaumik,Materials and Design ,Ni24.7Ti50.3Pd25.0 high temperature shape memory alloy with narrow thermal hysteresis and high thermal stability,2014.0,21.0,7.473047,24.7,Ni24.7Ti50.3Pd25.0 %,50.3,25.0
K.V. Ramaiah; C.N. Saikrishna; Gouthama; S.K. Bhaumik,Materials and Design ,Ni24.7Ti50.3Pd25.0 high temperature shape memory alloy with narrow thermal hysteresis and high thermal stability,2014.0,21.0,7.473047,24.7,Ni24.7Ti50.3Pd25.0 %,50.3,25.0
K.V. Ramaiah; C.N. Saikrishna;  Gouthama; S.K. Bhaumik,Materials Characterization ,Microstructure and transformation behavior of NiTiPd high temperature shape-memory alloy with Sc micro-addition,2015.0,20.0,7.473047,24.7,Ni24.7Ti50.3Pd25.0 %,50.3,25.0
M.I. Khan; H.Y. Kim; T. Nam; S. Miyazaki,Acta Materialia,Formation of nanoscaled precipitates and their effects on the high-temperature shape-memory characteristics of a Ti50Ni15Pd25Cu10 alloy,2012.0,77.0,7.48625,25.0,Ni25.0Ti50.0Pd25.0 %,50.0,25.0
M.I. Khan; H.Y. Kim; T. Nam; S. Miyazaki,Acta Materialia,Formation of nanoscaled precipitates and their effects on the high-temperature shape-memory characteristics of a Ti50Ni15Pd25Cu10 alloy,2012.0,67.0,7.48625,25.0,Ni25.0Ti50.0Pd25.0 %,50.0,25.0
M.I. Khan; H.Y. Kim; T. Nam; S. Miyazaki,Acta Materialia,Formation of nanoscaled precipitates and their effects on the high-temperature shape-memory characteristics of a Ti50Ni15Pd25Cu10 alloy,2012.0,40.0,7.48625,25.0,Ni25.0Ti50.0Pd25.0 %,50.0,25.0
M.I. Khan; H.Y. Kim; T. Nam; S. Miyazaki,Acta Materialia,Formation of nanoscaled precipitates and their effects on the high-temperature shape-memory characteristics of a Ti50Ni15Pd25Cu10 alloy,2012.0,39.0,7.48625,25.0,Ni25.0Ti50.0Pd25.0 %,50.0,25.0
M.I. Khan; H.Y. Kim; T. Nam; S. Miyazaki,Acta Materialia,Formation of nanoscaled precipitates and their effects on the high-temperature shape-memory characteristics of a Ti50Ni15Pd25Cu10 alloy,2012.0,31.0,7.48625,25.0,Ni25.0Ti50.0Pd25.0 %,50.0,25.0
M.I. Khan; H.Y. Kim; T. Nam; S. Miyazaki,Acta Materialia,Formation of nanoscaled precipitates and their effects on the high-temperature shape-memory characteristics of a Ti50Ni15Pd25Cu10 alloy,2012.0,30.0,7.48625,25.0,Ni25.0Ti50.0Pd25.0 %,50.0,25.0
M.I. Khan; H.Y. Kim; T. Nam; S. Miyazaki,Acta Materialia,Formation of nanoscaled precipitates and their effects on the high-temperature shape-memory characteristics of a Ti50Ni15Pd25Cu10 alloy,2012.0,29.0,7.48625,25.0,Ni25.0Ti50.0Pd25.0 %,50.0,25.0
M.I. Khan; H.Y. Kim; T. Nam; S. Miyazaki,Acta Materialia,Formation of nanoscaled precipitates and their effects on the high-temperature shape-memory characteristics of a Ti50Ni15Pd25Cu10 alloy,2012.0,34.0,7.48625,25.0,Ni25.0Ti50.0Pd25.0 %,50.0,25.0
M.I. Khan; H.Y. Kim; T. Nam; S. Miyazaki,Acta Materialia,Formation of nanoscaled precipitates and their effects on the high-temperature shape-memory characteristics of a Ti50Ni15Pd25Cu10 alloy,2012.0,45.0,7.48625,25.0,Ni25.0Ti50.0Pd25.0 %,50.0,25.0
M.I. Khan; H.Y. Kim; T. Nam; S. Miyazaki,Acta Materialia,Formation of nanoscaled precipitates and their effects on the high-temperature shape-memory characteristics of a Ti50Ni15Pd25Cu10 alloy,2012.0,62.0,7.48625,25.0,Ni25.0Ti50.0Pd25.0 %,50.0,25.0
M.I. Khan; H.Y. Kim; T. Nam; S. Miyazaki,Acta Materialia,Formation of nanoscaled precipitates and their effects on the high-temperature shape-memory characteristics of a Ti50Ni15Pd25Cu10 alloy,2012.0,85.0,7.48625,25.0,Ni25.0Ti50.0Pd25.0 %,50.0,25.0
M.I. Khan; H.Y. Kim; T. Nam; S. Miyazaki,Acta Materialia,Formation of nanoscaled precipitates and their effects on the high-temperature shape-memory characteristics of a Ti50Ni15Pd25Cu10 alloy,2012.0,90.0,7.48625,25.0,Ni25.0Ti50.0Pd25.0 %,50.0,25.0
M.I. Khan; H.Y. Kim; T. Nam; S. Miyazaki,Acta Materialia,Formation of nanoscaled precipitates and their effects on the high-temperature shape-memory characteristics of a Ti50Ni15Pd25Cu10 alloy,2012.0,95.0,7.48625,25.0,Ni25.0Ti50.0Pd25.0 %,50.0,25.0
M.I. Khan; H.Y. Kim; T. Nam; S. Miyazaki,Acta Materialia,Formation of nanoscaled precipitates and their effects on the high-temperature shape-memory characteristics of a Ti50Ni15Pd25Cu10 alloy,2012.0,126.0,7.48625,25.0,Ni25.0Ti50.0Pd25.0 %,50.0,25.0
M.I. Khan; H.Y. Kim; T. Nam; S. Miyazaki,Acta Materialia,Formation of nanoscaled precipitates and their effects on the high-temperature shape-memory characteristics of a Ti50Ni15Pd25Cu10 alloy,2012.0,40.0,7.48625,25.0,Ni25.0Ti50.0Pd25.0 %,50.0,25.0
M.I. Khan; H.Y. Kim; T. Nam; S. Miyazaki,Acta Materialia,Formation of nanoscaled precipitates and their effects on the high-temperature shape-memory characteristics of a Ti50Ni15Pd25Cu10 alloy,2012.0,54.0,7.48625,25.0,Ni25.0Ti50.0Pd25.0 %,50.0,25.0
M.I. Khan; H.Y. Kim; T. Nam; S. Miyazaki,Acta Materialia,Formation of nanoscaled precipitates and their effects on the high-temperature shape-memory characteristics of a Ti50Ni15Pd25Cu10 alloy,2012.0,71.0,7.48625,25.0,Ni25.0Ti50.0Pd25.0 %,50.0,25.0
M.I. Khan; H.Y. Kim; T. Nam; S. Miyazaki,Acta Materialia,Formation of nanoscaled precipitates and their effects on the high-temperature shape-memory characteristics of a Ti50Ni15Pd25Cu10 alloy,2012.0,82.0,7.48625,25.0,Ni25.0Ti50.0Pd25.0 %,50.0,25.0
M.I. Khan; H.Y. Kim; T. Nam; S. Miyazaki,Acta Materialia,Formation of nanoscaled precipitates and their effects on the high-temperature shape-memory characteristics of a Ti50Ni15Pd25Cu10 alloy,2012.0,104.0,7.48625,25.0,Ni25.0Ti50.0Pd25.0 %,50.0,25.0
M.I. Khan; H.Y. Kim; T. Nam; S. Miyazaki,Acta Materialia,Formation of nanoscaled precipitates and their effects on the high-temperature shape-memory characteristics of a Ti50Ni15Pd25Cu10 alloy,2012.0,105.0,7.48625,25.0,Ni25.0Ti50.0Pd25.0 %,50.0,25.0
M.I. Khan; H.Y. Kim; T. Nam; S. Miyazaki,Journal of Alloys and Compounds,Effect of Cu addition on the high temperature shape memory properties of Ti50Ni25Pd25 alloy,2013.0,85.0,7.48625,25.0,Ni25.0Ti50.0Pd25.0 %,50.0,25.0
M.I. Khan; H.Y. Kim; T. Nam; S. Miyazaki,Journal of Alloys and Compounds,Effect of Cu addition on the high temperature shape memory properties of Ti50Ni25Pd25 alloy,2013.0,47.0,7.48625,25.0,Ni25.0Ti50.0Pd25.0 %,50.0,25.0
M.I. Khan; H.Y. Kim; T. Nam; S. Miyazaki,Journal of Alloys and Compounds,Effect of Cu addition on the high temperature shape memory properties of Ti50Ni25Pd25 alloy,2013.0,74.0,7.48625,25.0,Ni25.0Ti50.0Pd25.0 %,50.0,25.0
M.I. Khan; H.Y. Kim; T. Nam; S. Miyazaki,Journal of Alloys and Compounds,Effect of Cu addition on the high temperature shape memory properties of Ti50Ni25Pd25 alloy,2013.0,94.0,7.48625,25.0,Ni25.0Ti50.0Pd25.0 %,50.0,25.0
M.I. Khan; H.Y. Kim; T. Nam; S. Miyazaki,Journal of Alloys and Compounds,Effect of Cu addition on the high temperature shape memory properties of Ti50Ni25Pd25 alloy,2013.0,100.0,7.48625,25.0,Ni25.0Ti50.0Pd25.0 %,50.0,25.0
M.I. Khan; H.Y. Kim; T. Nam; S. Miyazaki,Journal of Alloys and Compounds,Effect of Cu addition on the high temperature shape memory properties of Ti50Ni25Pd25 alloy,2013.0,104.0,7.48625,25.0,Ni25.0Ti50.0Pd25.0 %,50.0,25.0
M.I. Khan; H.Y. Kim; T. Nam; S. Miyazaki,Journal of Alloys and Compounds,Effect of Cu addition on the high temperature shape memory properties of Ti50Ni25Pd25 alloy,2013.0,105.0,7.48625,25.0,Ni25.0Ti50.0Pd25.0 %,50.0,25.0
M.I. Khan; H.Y. Kim; T. Nam; S. Miyazaki,Journal of Alloys and Compounds,Effect of Cu addition on the high temperature shape memory properties of Ti50Ni25Pd25 alloy,2013.0,106.0,7.48625,25.0,Ni25.0Ti50.0Pd25.0 %,50.0,25.0
M.I. Khan; H.Y. Kim; T. Nam; S. Miyazaki,Journal of Alloys and Compounds,Effect of Cu addition on the high temperature shape memory properties of Ti50Ni25Pd25 alloy,2013.0,106.0,7.48625,25.0,Ni25.0Ti50.0Pd25.0 %,50.0,25.0
M.I. Khan; H.Y. Kim; T. Nam; S. Miyazaki,Journal of Alloys and Compounds,Effect of Cu addition on the high temperature shape memory properties of Ti50Ni25Pd25 alloy,2013.0,109.0,7.48625,25.0,Ni25.0Ti50.0Pd25.0 %,50.0,25.0
K.C. Atli; I. Karaman; R.D. Noebe,Materials Science and Engineering A,Influence of tantalum additions on the microstructure and shape memory response of Ti50.5Ni24.5Pd25 high-temperature shape memory alloy,2014.0,28.0,7.464245,24.5,Ni24.5Ti50.5Pd25.0 %,50.5,25.0
K.C. Atli; I. Karaman; R.D. Noebe,Materials Science and Engineering A,Influence of tantalum additions on the microstructure and shape memory response of Ti50.5Ni24.5Pd25 high-temperature shape memory alloy,2014.0,21.0,7.464245,24.5,Ni24.5Ti50.5Pd25.0 %,50.5,25.0
K.C. Atli; I. Karaman; R.D. Noebe,Materials Science and Engineering A,Influence of tantalum additions on the microstructure and shape memory response of Ti50.5Ni24.5Pd25 high-temperature shape memory alloy,2014.0,28.0,7.464245,24.5,Ni24.5Ti50.5Pd25.0 %,50.5,25.0
K.C. Atli; I. Karaman; R.D. Noebe,Materials Science and Engineering A,Influence of tantalum additions on the microstructure and shape memory response of Ti50.5Ni24.5Pd25 high-temperature shape memory alloy,2014.0,36.0,7.464245,24.5,Ni24.5Ti50.5Pd25.0 %,50.5,25.0
K.C. Atli; I. Karaman; R.D. Noebe,Materials Science and Engineering A,Influence of tantalum additions on the microstructure and shape memory response of Ti50.5Ni24.5Pd25 high-temperature shape memory alloy,2014.0,47.0,7.464245,24.5,Ni24.5Ti50.5Pd25.0 %,50.5,25.0
K.C. Atli; I. Karaman; R.D. Noebe,Materials Science and Engineering A,Influence of tantalum additions on the microstructure and shape memory response of Ti50.5Ni24.5Pd25 high-temperature shape memory alloy,2014.0,52.0,7.464245,24.5,Ni24.5Ti50.5Pd25.0 %,50.5,25.0
K.C. Atli; I. Karaman; R.D. Noebe,Materials Science and Engineering A,Influence of tantalum additions on the microstructure and shape memory response of Ti50.5Ni24.5Pd25 high-temperature shape memory alloy,2014.0,62.0,7.464245,24.5,Ni24.5Ti50.5Pd25.0 %,50.5,25.0
J. Frenzel; A. Wieczorek; I. Opahle; B. Maaß; R. Drautz; G. Eggeler,Acta Materialia,On the effect of alloy composition on martensite start temperatures and latent heats in Ni–Ti-based shape memory alloys,2015.0,47.0,6.86325,45.0,Ni45.0Ti50.0Pd5.0 %,50.0,5.0
J. Frenzel; A. Wieczorek; I. Opahle; B. Maaß; R. Drautz; G. Eggeler,Acta Materialia,On the effect of alloy composition on martensite start temperatures and latent heats in Ni–Ti-based shape memory alloys,2015.0,45.0,6.92555,43.0,Ni43.0Ti50.0Pd7.0 %,50.0,7.0
J. Frenzel; A. Wieczorek; I. Opahle; B. Maaß; R. Drautz; G. Eggeler,Acta Materialia,On the effect of alloy composition on martensite start temperatures and latent heats in Ni–Ti-based shape memory alloys,2015.0,19.0,6.98785,41.0,Ni41.0Ti50.0Pd9.0 %,50.0,9.0
J. Frenzel; A. Wieczorek; I. Opahle; B. Maaß; R. Drautz; G. Eggeler,Acta Materialia,On the effect of alloy composition on martensite start temperatures and latent heats in Ni–Ti-based shape memory alloys,2015.0,30.0,7.05015,39.0,Ni39.0Ti50.0Pd11.0 %,50.0,11.0
J. Frenzel; A. Wieczorek; I. Opahle; B. Maaß; R. Drautz; G. Eggeler,Acta Materialia,On the effect of alloy composition on martensite start temperatures and latent heats in Ni–Ti-based shape memory alloys,2015.0,33.0,7.11245,37.0,Ni37.0Ti50.0Pd13.0 %,50.0,13.0
J. Frenzel; A. Wieczorek; I. Opahle; B. Maaß; R. Drautz; G. Eggeler,Acta Materialia,On the effect of alloy composition on martensite start temperatures and latent heats in Ni–Ti-based shape memory alloys,2015.0,27.0,7.17475,35.0,Ni35.0Ti50.0Pd15.0 %,50.0,15.0
J. Frenzel; A. Wieczorek; I. Opahle; B. Maaß; R. Drautz; G. Eggeler,Acta Materialia,On the effect of alloy composition on martensite start temperatures and latent heats in Ni–Ti-based shape memory alloys,2015.0,31.0,7.23705,33.0,Ni33.0Ti50.0Pd17.0 %,50.0,17.0
J. Frenzel; A. Wieczorek; I. Opahle; B. Maaß; R. Drautz; G. Eggeler,Acta Materialia,On the effect of alloy composition on martensite start temperatures and latent heats in Ni–Ti-based shape memory alloys,2015.0,34.0,7.36165,29.0,Ni29.0Ti50.0Pd21.0 %,50.0,21.0
J. Frenzel; A. Wieczorek; I. Opahle; B. Maaß; R. Drautz; G. Eggeler,Acta Materialia,On the effect of alloy composition on martensite start temperatures and latent heats in Ni–Ti-based shape memory alloys,2015.0,32.0,7.642,20.0,Ni20.0Ti50.0Pd30.0 %,50.0,30.0
S. Rehman; M. Khan; A.N. Khan; S.H.I. Jaffery; L. Ali; A. Mubashar,Advances in Materials Science and Engineering,Improvement in the Mechanical Properties of High Temperature Shape Memory Alloy (Ti50Ni25Pd25) by Copper Addition,2015.0,48.0,7.48625,25.0,Ni25.0Ti50.0Pd25.0 %,50.0,25.0
K.C. Atli; I. Karaman; R.D. Noebe,Scripta Metallurgica et Materialia,Work output of the two-way shape memory effect in Ti50.5Ni24.5Pd25 high-temperature shape memory alloy,2011.0,44.0,7.464245,24.5,Ni24.5Ti50.5Pd25.0 %,50.5,25.0
K.C. Atli; I. Karaman; R.D. Noebe,Scripta Metallurgica et Materialia,Work output of the two-way shape memory effect in Ti50.5Ni24.5Pd25 high-temperature shape memory alloy,2011.0,57.0,7.464245,24.5,Ni24.5Ti50.5Pd25.0 %,50.5,25.0
K.C. Atli; I. Karaman; R.D. Noebe,Scripta Metallurgica et Materialia,Work output of the two-way shape memory effect in Ti50.5Ni24.5Pd25 high-temperature shape memory alloy,2011.0,33.0,7.464245,24.5,Ni24.5Ti50.5Pd25.0 %,50.5,25.0
K.C. Atli; I. Karaman; R.D. Noebe,Scripta Metallurgica et Materialia,Work output of the two-way shape memory effect in Ti50.5Ni24.5Pd25 high-temperature shape memory alloy,2011.0,34.0,7.464245,24.5,Ni24.5Ti50.5Pd25.0 %,50.5,25.0
K.C. Atli; I. Karaman; R.D. Noebe,Scripta Metallurgica et Materialia,Work output of the two-way shape memory effect in Ti50.5Ni24.5Pd25 high-temperature shape memory alloy,2011.0,35.0,7.464245,24.5,Ni24.5Ti50.5Pd25.0 %,50.5,25.0
K.C. Atli; I. Karaman; R.D. Noebe,Scripta Metallurgica et Materialia,Work output of the two-way shape memory effect in Ti50.5Ni24.5Pd25 high-temperature shape memory alloy,2011.0,37.0,7.464245,24.5,Ni24.5Ti50.5Pd25.0 %,50.5,25.0
K.C. Atli; I. Karaman; R.D. Noebe,Scripta Metallurgica et Materialia,Work output of the two-way shape memory effect in Ti50.5Ni24.5Pd25 high-temperature shape memory alloy,2011.0,48.0,7.464245,24.5,Ni24.5Ti50.5Pd25.0 %,50.5,25.0
K.C. Atli; I. Karaman; R.D. Noebe,Scripta Metallurgica et Materialia,Work output of the two-way shape memory effect in Ti50.5Ni24.5Pd25 high-temperature shape memory alloy,2011.0,57.0,7.464245,24.5,Ni24.5Ti50.5Pd25.0 %,50.5,25.0
K.C. Atli; I. Karaman; R.D. Noebe,Scripta Metallurgica et Materialia,Work output of the two-way shape memory effect in Ti50.5Ni24.5Pd25 high-temperature shape memory alloy,2011.0,39.0,7.464245,24.5,Ni24.5Ti50.5Pd25.0 %,50.5,25.0
K.C. Atli; I. Karaman; R.D. Noebe,Scripta Metallurgica et Materialia,Work output of the two-way shape memory effect in Ti50.5Ni24.5Pd25 high-temperature shape memory alloy,2011.0,34.0,7.464245,24.5,Ni24.5Ti50.5Pd25.0 %,50.5,25.0
K.C. Atli; I. Karaman; R.D. Noebe,Scripta Metallurgica et Materialia,Work output of the two-way shape memory effect in Ti50.5Ni24.5Pd25 high-temperature shape memory alloy,2011.0,38.0,7.464245,24.5,Ni24.5Ti50.5Pd25.0 %,50.5,25.0
K.C. Atli; I. Karaman; R.D. Noebe,Scripta Metallurgica et Materialia,Work output of the two-way shape memory effect in Ti50.5Ni24.5Pd25 high-temperature shape memory alloy,2011.0,42.0,7.464245,24.5,Ni24.5Ti50.5Pd25.0 %,50.5,25.0
Y. Chemisky; G. Chatzigeorgiou; P.K. Kumar; D.C. Lagoudas  ,Mechanics of Materials,A constitutive model for cyclic actuation of high-temperature shape memory alloys,2014.0,22.0,7.619995,19.5,Ni19.5Ti50.5Pd30.0 %,50.5,30.0
Y. Chemisky; G. Chatzigeorgiou; P.K. Kumar; D.C. Lagoudas  ,Mechanics of Materials,A constitutive model for cyclic actuation of high-temperature shape memory alloys,2014.0,185.0,7.619995,19.5,Ni19.5Ti50.5Pd30.0 %,50.5,30.0
Y. Chemisky; G. Chatzigeorgiou; P.K. Kumar; D.C. Lagoudas  ,Mechanics of Materials,A constitutive model for cyclic actuation of high-temperature shape memory alloys,2014.0,198.0,7.619995,19.5,Ni19.5Ti50.5Pd30.0 %,50.5,30.0
Y. Chemisky; G. Chatzigeorgiou; P.K. Kumar; D.C. Lagoudas  ,Mechanics of Materials,A constitutive model for cyclic actuation of high-temperature shape memory alloys,2014.0,203.0,7.619995,19.5,Ni19.5Ti50.5Pd30.0 %,50.5,30.0
Y. Chemisky; G. Chatzigeorgiou; P.K. Kumar; D.C. Lagoudas  ,Mechanics of Materials,A constitutive model for cyclic actuation of high-temperature shape memory alloys,2014.0,207.0,7.619995,19.5,Ni19.5Ti50.5Pd30.0 %,50.5,30.0
Y. Chemisky; G. Chatzigeorgiou; P.K. Kumar; D.C. Lagoudas  ,Mechanics of Materials,A constitutive model for cyclic actuation of high-temperature shape memory alloys,2014.0,211.0,7.619995,19.5,Ni19.5Ti50.5Pd30.0 %,50.5,30.0
O. Rios,,Advanced high-temperature shape-memory alloy development and thermomechanical characterization of platinum and palladium modified NiTi based SMAs,2006.0,27.0,7.619995,19.5,Ni19.5Ti50.5Pd30.0 %,50.5,30.0
O. Rios,,Advanced high-temperature shape-memory alloy development and thermomechanical characterization of platinum and palladium modified NiTi based SMAs,2006.0,38.0,7.619995,19.5,Ni19.5Ti50.5Pd30.0 %,50.5,30.0
O. Rios,,Advanced high-temperature shape-memory alloy development and thermomechanical characterization of platinum and palladium modified NiTi based SMAs,2006.0,51.0,7.619995,19.5,Ni19.5Ti50.5Pd30.0 %,50.5,30.0
O. Rios,,Advanced high-temperature shape-memory alloy development and thermomechanical characterization of platinum and palladium modified NiTi based SMAs,2006.0,54.0,7.619995,19.5,Ni19.5Ti50.5Pd30.0 %,50.5,30.0
T.T. Sasaki; B.C. Hornbuckle; R.D. Noebe; G.S. Bigelow; M.L. Weaver; G.B. Thompson,Metallurgical and Materials Transactions A,Effect of Aging on Microstructure and Shape Memory Properties of a Ni-48Ti-25Pd (At. Pct) Alloy,2013.0,62.0,7.57427,27.0,Ni27.0Ti48.0Pd25.0 %,48.0,25.0
T.T. Sasaki; B.C. Hornbuckle; R.D. Noebe; G.S. Bigelow; M.L. Weaver; G.B. Thompson,Metallurgical and Materials Transactions A,Effect of Aging on Microstructure and Shape Memory Properties of a Ni-48Ti-25Pd (At. Pct) Alloy,2013.0,52.0,7.57427,27.0,Ni27.0Ti48.0Pd25.0 %,48.0,25.0
T.T. Sasaki; B.C. Hornbuckle; R.D. Noebe; G.S. Bigelow; M.L. Weaver; G.B. Thompson,Metallurgical and Materials Transactions A,Effect of Aging on Microstructure and Shape Memory Properties of a Ni-48Ti-25Pd (At. Pct) Alloy,2013.0,40.0,7.57427,27.0,Ni27.0Ti48.0Pd25.0 %,48.0,25.0
T.T. Sasaki; B.C. Hornbuckle; R.D. Noebe; G.S. Bigelow; M.L. Weaver; G.B. Thompson,Metallurgical and Materials Transactions A,Effect of Aging on Microstructure and Shape Memory Properties of a Ni-48Ti-25Pd (At. Pct) Alloy,2013.0,41.0,7.57427,27.0,Ni27.0Ti48.0Pd25.0 %,48.0,25.0
T.T. Sasaki; B.C. Hornbuckle; R.D. Noebe; G.S. Bigelow; M.L. Weaver; G.B. Thompson,Metallurgical and Materials Transactions A,Effect of Aging on Microstructure and Shape Memory Properties of a Ni-48Ti-25Pd (At. Pct) Alloy,2013.0,42.0,7.57427,27.0,Ni27.0Ti48.0Pd25.0 %,48.0,25.0
T.T. Sasaki; B.C. Hornbuckle; R.D. Noebe; G.S. Bigelow; M.L. Weaver; G.B. Thompson,Metallurgical and Materials Transactions A,Effect of Aging on Microstructure and Shape Memory Properties of a Ni-48Ti-25Pd (At. Pct) Alloy,2013.0,45.0,7.57427,27.0,Ni27.0Ti48.0Pd25.0 %,48.0,25.0
T.T. Sasaki; B.C. Hornbuckle; R.D. Noebe; G.S. Bigelow; M.L. Weaver; G.B. Thompson,Metallurgical and Materials Transactions A,Effect of Aging on Microstructure and Shape Memory Properties of a Ni-48Ti-25Pd (At. Pct) Alloy,2013.0,42.0,7.57427,27.0,Ni27.0Ti48.0Pd25.0 %,48.0,25.0
T.T. Sasaki; B.C. Hornbuckle; R.D. Noebe; G.S. Bigelow; M.L. Weaver; G.B. Thompson,Metallurgical and Materials Transactions A,Effect of Aging on Microstructure and Shape Memory Properties of a Ni-48Ti-25Pd (At. Pct) Alloy,2013.0,44.0,7.57427,27.0,Ni27.0Ti48.0Pd25.0 %,48.0,25.0
T.T. Sasaki; B.C. Hornbuckle; R.D. Noebe; G.S. Bigelow; M.L. Weaver; G.B. Thompson,Metallurgical and Materials Transactions A,Effect of Aging on Microstructure and Shape Memory Properties of a Ni-48Ti-25Pd (At. Pct) Alloy,2013.0,45.0,7.57427,27.0,Ni27.0Ti48.0Pd25.0 %,48.0,25.0
T.T. Sasaki; B.C. Hornbuckle; R.D. Noebe; G.S. Bigelow; M.L. Weaver; G.B. Thompson,Metallurgical and Materials Transactions A,Effect of Aging on Microstructure and Shape Memory Properties of a Ni-48Ti-25Pd (At. Pct) Alloy,2013.0,45.0,7.57427,27.0,Ni27.0Ti48.0Pd25.0 %,48.0,25.0
J. Wu; Q. Tian,Intermetallics,The superelasticity of TiPdNi high temperature shape memory alloy,2003.0,51.0,7.59799,19.0,Ni19.0Ti51.0Pd30.0 %,51.0,30.0
J. Wu; Q. Tian,Intermetallics,The superelasticity of TiPdNi high temperature shape memory alloy,2003.0,67.0,7.59799,19.0,Ni19.0Ti51.0Pd30.0 %,51.0,30.0
J. Wu; Q. Tian,Intermetallics,The superelasticity of TiPdNi high temperature shape memory alloy,2003.0,68.0,7.59799,19.0,Ni19.0Ti51.0Pd30.0 %,51.0,30.0
J. Wu; Q. Tian,Intermetallics,The superelasticity of TiPdNi high temperature shape memory alloy,2003.0,74.0,7.59799,19.0,Ni19.0Ti51.0Pd30.0 %,51.0,30.0
J. Wu; Q. Tian,Intermetallics,The superelasticity of TiPdNi high temperature shape memory alloy,2003.0,93.0,7.59799,19.0,Ni19.0Ti51.0Pd30.0 %,51.0,30.0
J. Wu; Q. Tian,Intermetallics,The superelasticity of TiPdNi high temperature shape memory alloy,2003.0,53.0,7.59799,19.0,Ni19.0Ti51.0Pd30.0 %,51.0,30.0
J. Wu; Q. Tian,Intermetallics,The superelasticity of TiPdNi high temperature shape memory alloy,2003.0,57.0,7.59799,19.0,Ni19.0Ti51.0Pd30.0 %,51.0,30.0
J. Wu; Q. Tian,Intermetallics,The superelasticity of TiPdNi high temperature shape memory alloy,2003.0,65.0,7.59799,19.0,Ni19.0Ti51.0Pd30.0 %,51.0,30.0
C. Zhang; C. Yang; D. Ding; S. Qian; J. Wu,Materials Characterization,Characteristics of Ti–Ni–Pd shape memory alloy thin films,2005.0,78.0,7.307352,26.4,Ni26.4Ti51.8Pd21.8 %,51.8,21.8
S. Gong; S. Hu; H. Xu,Materials Science Forum,Recrystallization of Ti51Ni13Pd36 high temperature shape memory alloys,2000.0,53.0,7.78489,13.0,Ni13.0Ti51.0Pd36.0 %,51.0,36.0
P.G. Lindquist,PhD Thesis,Structure and transformation behavior of martensitic Ti - (Ni;Pd) and Ti - (Ni;Pt) alloys,1988.0,38.0,6.86325,45.0,Ni45.0Ti50.0Pd5.0 %,50.0,5.0
P.G. Lindquist,PhD Thesis,Structure and transformation behavior of martensitic Ti - (Ni;Pd) and Ti - (Ni;Pt) alloys,1988.0,32.0,7.019,40.0,Ni40.0Ti50.0Pd10.0 %,50.0,10.0
P.G. Lindquist,PhD Thesis,Structure and transformation behavior of martensitic Ti - (Ni;Pd) and Ti - (Ni;Pt) alloys,1988.0,42.0,7.3305,30.0,Ni30.0Ti50.0Pd20.0 %,50.0,20.0
P.G. Lindquist,PhD Thesis,Structure and transformation behavior of martensitic Ti - (Ni;Pd) and Ti - (Ni;Pt) alloys,1988.0,33.0,7.642,20.0,Ni20.0Ti50.0Pd30.0 %,50.0,30.0
P.G. Lindquist,PhD Thesis,Structure and transformation behavior of martensitic Ti - (Ni;Pd) and Ti - (Ni;Pt) alloys,1988.0,40.0,7.9535,10.0,Ni10.0Ti50.0Pd40.0 %,50.0,40.0
P.G. Lindquist,PhD Thesis,Structure and transformation behavior of martensitic Ti - (Ni;Pd) and Ti - (Ni;Pt) alloys,1988.0,42.0,8.10925,5.0,Ni5.0Ti50.0Pd45.0 %,50.0,45.0
J.A. Monroe; I. Karaman; D.C. Lagoudas; G.S. Bigelow; R.D. Noebe; S.A. Padula II,Scripta Metallurgica et Materialia,Determining recoverable and irrecoverable contributions to accumulated strain in a NiTiPd high-temperature shape memory alloy during thermomechanical cycling,2011.0,44.0,7.619995,19.5,Ni19.5Ti50.5Pd30.0 %,50.5,30.0
J.A. Monroe; I. Karaman; D.C. Lagoudas; G.S. Bigelow; R.D. Noebe; S.A. Padula II,Scripta Metallurgica et Materialia,Determining recoverable and irrecoverable contributions to accumulated strain in a NiTiPd high-temperature shape memory alloy during thermomechanical cycling,2011.0,47.0,7.619995,19.5,Ni19.5Ti50.5Pd30.0 %,50.5,30.0
J.A. Monroe; I. Karaman; D.C. Lagoudas; G.S. Bigelow; R.D. Noebe; S.A. Padula II,Scripta Metallurgica et Materialia,Determining recoverable and irrecoverable contributions to accumulated strain in a NiTiPd high-temperature shape memory alloy during thermomechanical cycling,2011.0,56.0,7.619995,19.5,Ni19.5Ti50.5Pd30.0 %,50.5,30.0
J.A. Monroe; I. Karaman; D.C. Lagoudas; G.S. Bigelow; R.D. Noebe; S.A. Padula II,Scripta Metallurgica et Materialia,Determining recoverable and irrecoverable contributions to accumulated strain in a NiTiPd high-temperature shape memory alloy during thermomechanical cycling,2011.0,59.0,7.619995,19.5,Ni19.5Ti50.5Pd30.0 %,50.5,30.0
P. Li; H. E. Karaca and Y.-T. Cheng,Journal of Alloys and Compounds,Spherical indentation of NiTi-based shape memory alloys,2015.0,77.0,6.711901,50.1,Ni50.1Ti49.9Pd0.0 %,49.9,0.0
P. Li; H. E. Karaca and Y.-T. Cheng,Journal of Alloys and Compounds,Spherical indentation of NiTi-based shape memory alloys,2015.0,44.0,6.742708,50.8,Ni50.8Ti49.2Pd0.0 %,49.2,0.0
T. Sawaguchi; M. Sato; A. Ishida,Journal de Physique,Ti-Pd-Ni high temperature shape memory thin films formed with carousel type magnetron sputtering apparatus,2001.0,37.0,7.495738,21.8,Ni21.8Ti51.2Pd27.0 %,51.2,27.0
T. Sawaguchi; M. Sato; A. Ishida,Journal de Physique,Ti-Pd-Ni high temperature shape memory thin films formed with carousel type magnetron sputtering apparatus,2001.0,38.0,7.495738,21.8,Ni21.8Ti51.2Pd27.0 %,51.2,27.0
T. Sawaguchi; M. Sato; A. Ishida,Journal de Physique,Ti-Pd-Ni high temperature shape memory thin films formed with carousel type magnetron sputtering apparatus,2001.0,40.0,7.495738,21.8,Ni21.8Ti51.2Pd27.0 %,51.2,27.0
T. Sawaguchi; M. Sato; A. Ishida,Journal de Physique,Ti-Pd-Ni high temperature shape memory thin films formed with carousel type magnetron sputtering apparatus,2001.0,26.0,7.61728,22.0,Ni22.0Ti49.5Pd28.5 %,49.5,28.5
T. Sawaguchi; M. Sato; A. Ishida,Journal de Physique,Ti-Pd-Ni high temperature shape memory thin films formed with carousel type magnetron sputtering apparatus,2001.0,31.0,7.61728,22.0,Ni22.0Ti49.5Pd28.5 %,49.5,28.5
T. Sawaguchi; M. Sato; A. Ishida,Journal de Physique,Ti-Pd-Ni high temperature shape memory thin films formed with carousel type magnetron sputtering apparatus,2001.0,41.0,7.61728,22.0,Ni22.0Ti49.5Pd28.5 %,49.5,28.5
T. Sawaguchi; M. Sato; A. Ishida,Journal de Physique,Ti-Pd-Ni high temperature shape memory thin films formed with carousel type magnetron sputtering apparatus,2001.0,60.0,7.728191,22.3,Ni22.3Ti47.9Pd29.8 %,47.9,29.8
T. Sawaguchi; M. Sato; A. Ishida,Journal de Physique,Ti-Pd-Ni high temperature shape memory thin films formed with carousel type magnetron sputtering apparatus,2001.0,60.0,7.728191,22.3,Ni22.3Ti47.9Pd29.8 %,47.9,29.8
T. Sawaguchi; M. Sato; A. Ishida,Journal de Physique,Ti-Pd-Ni high temperature shape memory thin films formed with carousel type magnetron sputtering apparatus,2001.0,65.0,7.728191,22.3,Ni22.3Ti47.9Pd29.8 %,47.9,29.8
T. Sawaguchi; M. Sato; A. Ishida,Materials Science and Engineering: A,Microstructure and shape memory behavior of Ti51.2(Pd27.0Ni21.8) and Ti49.5(Pd28.5Ni22.0) thin films,2002.0,72.0,7.495738,21.8,Ni21.8Ti51.2Pd27.0 %,51.2,27.0
T. Sawaguchi; M. Sato; A. Ishida,Materials Science and Engineering: A,Microstructure and shape memory behavior of Ti51.2(Pd27.0Ni21.8) and Ti49.5(Pd28.5Ni22.0) thin films,2002.0,73.0,7.495738,21.8,Ni21.8Ti51.2Pd27.0 %,51.2,27.0
T. Sawaguchi; M. Sato; A. Ishida,Materials Science and Engineering: A,Microstructure and shape memory behavior of Ti51.2(Pd27.0Ni21.8) and Ti49.5(Pd28.5Ni22.0) thin films,2002.0,75.0,7.495738,21.8,Ni21.8Ti51.2Pd27.0 %,51.2,27.0
T. Sawaguchi; M. Sato; A. Ishida,Materials Science and Engineering: A,Microstructure and shape memory behavior of Ti51.2(Pd27.0Ni21.8) and Ti49.5(Pd28.5Ni22.0) thin films,2002.0,76.0,7.495738,21.8,Ni21.8Ti51.2Pd27.0 %,51.2,27.0
T. Sawaguchi; M. Sato; A. Ishida,Materials Science and Engineering: A,Microstructure and shape memory behavior of Ti51.2(Pd27.0Ni21.8) and Ti49.5(Pd28.5Ni22.0) thin films,2002.0,77.0,7.495738,21.8,Ni21.8Ti51.2Pd27.0 %,51.2,27.0
T. Sawaguchi; M. Sato; A. Ishida,Materials Science and Engineering: A,Microstructure and shape memory behavior of Ti51.2(Pd27.0Ni21.8) and Ti49.5(Pd28.5Ni22.0) thin films,2002.0,43.0,7.495738,21.8,Ni21.8Ti51.2Pd27.0 %,51.2,27.0
T. Sawaguchi; M. Sato; A. Ishida,Materials Science and Engineering: A,Microstructure and shape memory behavior of Ti51.2(Pd27.0Ni21.8) and Ti49.5(Pd28.5Ni22.0) thin films,2002.0,45.0,7.495738,21.8,Ni21.8Ti51.2Pd27.0 %,51.2,27.0
T. Sawaguchi; M. Sato; A. Ishida,Materials Science and Engineering: A,Microstructure and shape memory behavior of Ti51.2(Pd27.0Ni21.8) and Ti49.5(Pd28.5Ni22.0) thin films,2002.0,52.0,7.495738,21.8,Ni21.8Ti51.2Pd27.0 %,51.2,27.0
T. Sawaguchi; M. Sato; A. Ishida,Materials Science and Engineering: A,Microstructure and shape memory behavior of Ti51.2(Pd27.0Ni21.8) and Ti49.5(Pd28.5Ni22.0) thin films,2002.0,62.0,7.495738,21.8,Ni21.8Ti51.2Pd27.0 %,51.2,27.0
T. Sawaguchi; M. Sato; A. Ishida,Materials Science and Engineering: A,Microstructure and shape memory behavior of Ti51.2(Pd27.0Ni21.8) and Ti49.5(Pd28.5Ni22.0) thin films,2002.0,74.0,7.495738,21.8,Ni21.8Ti51.2Pd27.0 %,51.2,27.0
T. Sawaguchi; M. Sato; A. Ishida,Materials Science and Engineering: A,Microstructure and shape memory behavior of Ti51.2(Pd27.0Ni21.8) and Ti49.5(Pd28.5Ni22.0) thin films,2002.0,35.0,7.495738,21.8,Ni21.8Ti51.2Pd27.0 %,51.2,27.0
T. Sawaguchi; M. Sato; A. Ishida,Materials Science and Engineering: A,Microstructure and shape memory behavior of Ti51.2(Pd27.0Ni21.8) and Ti49.5(Pd28.5Ni22.0) thin films,2002.0,37.0,7.495738,21.8,Ni21.8Ti51.2Pd27.0 %,51.2,27.0
T. Sawaguchi; M. Sato; A. Ishida,Materials Science and Engineering: A,Microstructure and shape memory behavior of Ti51.2(Pd27.0Ni21.8) and Ti49.5(Pd28.5Ni22.0) thin films,2002.0,45.0,7.495738,21.8,Ni21.8Ti51.2Pd27.0 %,51.2,27.0
T. Sawaguchi; M. Sato; A. Ishida,Materials Science and Engineering: A,Microstructure and shape memory behavior of Ti51.2(Pd27.0Ni21.8) and Ti49.5(Pd28.5Ni22.0) thin films,2002.0,60.0,7.495738,21.8,Ni21.8Ti51.2Pd27.0 %,51.2,27.0
T. Sawaguchi; M. Sato; A. Ishida,Materials Science and Engineering: A,Microstructure and shape memory behavior of Ti51.2(Pd27.0Ni21.8) and Ti49.5(Pd28.5Ni22.0) thin films,2002.0,78.0,7.495738,21.8,Ni21.8Ti51.2Pd27.0 %,51.2,27.0
T. Sawaguchi; M. Sato; A. Ishida,Materials Science and Engineering: A,Microstructure and shape memory behavior of Ti51.2(Pd27.0Ni21.8) and Ti49.5(Pd28.5Ni22.0) thin films,2002.0,31.0,7.61728,22.0,Ni22.0Ti49.5Pd28.5 %,49.5,28.5
T. Sawaguchi; M. Sato; A. Ishida,Materials Science and Engineering: A,Microstructure and shape memory behavior of Ti51.2(Pd27.0Ni21.8) and Ti49.5(Pd28.5Ni22.0) thin films,2002.0,40.0,7.61728,22.0,Ni22.0Ti49.5Pd28.5 %,49.5,28.5
T. Sawaguchi; M. Sato; A. Ishida,Materials Science and Engineering: A,Microstructure and shape memory behavior of Ti51.2(Pd27.0Ni21.8) and Ti49.5(Pd28.5Ni22.0) thin films,2002.0,52.0,7.61728,22.0,Ni22.0Ti49.5Pd28.5 %,49.5,28.5
T. Sawaguchi; M. Sato; A. Ishida,Materials Science and Engineering: A,Microstructure and shape memory behavior of Ti51.2(Pd27.0Ni21.8) and Ti49.5(Pd28.5Ni22.0) thin films,2002.0,64.0,7.61728,22.0,Ni22.0Ti49.5Pd28.5 %,49.5,28.5
T. Sawaguchi; M. Sato; A. Ishida,Materials Science and Engineering: A,Microstructure and shape memory behavior of Ti51.2(Pd27.0Ni21.8) and Ti49.5(Pd28.5Ni22.0) thin films,2002.0,67.0,7.61728,22.0,Ni22.0Ti49.5Pd28.5 %,49.5,28.5
M. Kohl; D. Dittmann; E. Quandt; B. Winzek,Sensors and Actuators,Thin film shape memory microvalves with adjustable operation temperature,2000.0,74.0,7.49168,20.0,Ni20.0Ti52.0Pd28.0 %,52.0,28.0
S. Miyazaki; A. Ishida  ,Materials Science and Engineering: A,Martensitic transformation and shape memory behavior in sputter-deposited TiNi-base thin films,1999.0,41.0,7.307352,26.4,Ni26.4Ti51.8Pd21.8 %,51.8,21.8
S. Miyazaki; A. Ishida  ,Materials Science and Engineering: A,Martensitic transformation and shape memory behavior in sputter-deposited TiNi-base thin films,1999.0,41.0,7.307352,26.4,Ni26.4Ti51.8Pd21.8 %,51.8,21.8
S. Miyazaki; A. Ishida  ,Materials Science and Engineering: A,Martensitic transformation and shape memory behavior in sputter-deposited TiNi-base thin films,1999.0,42.0,7.307352,26.4,Ni26.4Ti51.8Pd21.8 %,51.8,21.8
S. Miyazaki; A. Ishida  ,Materials Science and Engineering: A,Martensitic transformation and shape memory behavior in sputter-deposited TiNi-base thin films,1999.0,43.0,7.307352,26.4,Ni26.4Ti51.8Pd21.8 %,51.8,21.8
S. Miyazaki; A. Ishida  ,Materials Science and Engineering: A,Martensitic transformation and shape memory behavior in sputter-deposited TiNi-base thin films,1999.0,43.0,7.307352,26.4,Ni26.4Ti51.8Pd21.8 %,51.8,21.8
B. Kockar,Doctoral Thesis,Shape memory behaviors of ultrafine grained nickel-titanium and titanium-nickel-palladium shape memory alloys,2007.0,33.0,7.192697,33.7,Ni33.7Ti50.3Pd16.0 %,50.3,16.0
B. Kockar,Doctoral Thesis,Shape memory behaviors of ultrafine grained nickel-titanium and titanium-nickel-palladium shape memory alloys,2007.0,45.0,7.192697,33.7,Ni33.7Ti50.3Pd16.0 %,50.3,16.0
B. Kockar,Doctoral Thesis,Shape memory behaviors of ultrafine grained nickel-titanium and titanium-nickel-palladium shape memory alloys,2007.0,34.0,7.192697,33.7,Ni33.7Ti50.3Pd16.0 %,50.3,16.0
B. Kockar,Doctoral Thesis,Shape memory behaviors of ultrafine grained nickel-titanium and titanium-nickel-palladium shape memory alloys,2007.0,22.0,7.192697,33.7,Ni33.7Ti50.3Pd16.0 %,50.3,16.0
B. Kockar,Doctoral Thesis,Shape memory behaviors of ultrafine grained nickel-titanium and titanium-nickel-palladium shape memory alloys,2007.0,28.0,7.192697,33.7,Ni33.7Ti50.3Pd16.0 %,50.3,16.0
B. Kockar,Doctoral Thesis,Shape memory behaviors of ultrafine grained nickel-titanium and titanium-nickel-palladium shape memory alloys,2007.0,33.0,7.192697,33.7,Ni33.7Ti50.3Pd16.0 %,50.3,16.0
B. Kockar,Doctoral Thesis,Shape memory behaviors of ultrafine grained nickel-titanium and titanium-nickel-palladium shape memory alloys,2007.0,41.0,7.192697,33.7,Ni33.7Ti50.3Pd16.0 %,50.3,16.0
B. Kockar,Doctoral Thesis,Shape memory behaviors of ultrafine grained nickel-titanium and titanium-nickel-palladium shape memory alloys,2007.0,51.0,7.192697,33.7,Ni33.7Ti50.3Pd16.0 %,50.3,16.0
B. Kockar,Doctoral Thesis,Shape memory behaviors of ultrafine grained nickel-titanium and titanium-nickel-palladium shape memory alloys,2007.0,39.0,7.192697,33.7,Ni33.7Ti50.3Pd16.0 %,50.3,16.0
B. Kockar,Doctoral Thesis,Shape memory behaviors of ultrafine grained nickel-titanium and titanium-nickel-palladium shape memory alloys,2007.0,40.0,7.192697,33.7,Ni33.7Ti50.3Pd16.0 %,50.3,16.0
B. Kockar,Doctoral Thesis,Shape memory behaviors of ultrafine grained nickel-titanium and titanium-nickel-palladium shape memory alloys,2007.0,47.0,7.192697,33.7,Ni33.7Ti50.3Pd16.0 %,50.3,16.0
B. Kockar,Doctoral Thesis,Shape memory behaviors of ultrafine grained nickel-titanium and titanium-nickel-palladium shape memory alloys,2007.0,47.0,7.192697,33.7,Ni33.7Ti50.3Pd16.0 %,50.3,16.0
B. Kockar,Doctoral Thesis,Shape memory behaviors of ultrafine grained nickel-titanium and titanium-nickel-palladium shape memory alloys,2007.0,53.0,7.192697,33.7,Ni33.7Ti50.3Pd16.0 %,50.3,16.0
B. Kockar,Doctoral Thesis,Shape memory behaviors of ultrafine grained nickel-titanium and titanium-nickel-palladium shape memory alloys,2007.0,64.0,7.192697,33.7,Ni33.7Ti50.3Pd16.0 %,50.3,16.0
B. Kockar,Doctoral Thesis,Shape memory behaviors of ultrafine grained nickel-titanium and titanium-nickel-palladium shape memory alloys,2007.0,31.0,7.192697,33.7,Ni33.7Ti50.3Pd16.0 %,50.3,16.0
B. Kockar,Doctoral Thesis,Shape memory behaviors of ultrafine grained nickel-titanium and titanium-nickel-palladium shape memory alloys,2007.0,31.0,7.192697,33.7,Ni33.7Ti50.3Pd16.0 %,50.3,16.0
B. Kockar,Doctoral Thesis,Shape memory behaviors of ultrafine grained nickel-titanium and titanium-nickel-palladium shape memory alloys,2007.0,34.0,7.192697,33.7,Ni33.7Ti50.3Pd16.0 %,50.3,16.0
B. Kockar,Doctoral Thesis,Shape memory behaviors of ultrafine grained nickel-titanium and titanium-nickel-palladium shape memory alloys,2007.0,37.0,7.192697,33.7,Ni33.7Ti50.3Pd16.0 %,50.3,16.0
B. Kockar,Doctoral Thesis,Shape memory behaviors of ultrafine grained nickel-titanium and titanium-nickel-palladium shape memory alloys,2007.0,40.0,7.192697,33.7,Ni33.7Ti50.3Pd16.0 %,50.3,16.0
B. Kockar,Doctoral Thesis,Shape memory behaviors of ultrafine grained nickel-titanium and titanium-nickel-palladium shape memory alloys,2007.0,44.0,7.192697,33.7,Ni33.7Ti50.3Pd16.0 %,50.3,16.0
B. Kockar,Doctoral Thesis,Shape memory behaviors of ultrafine grained nickel-titanium and titanium-nickel-palladium shape memory alloys,2007.0,48.0,7.192697,33.7,Ni33.7Ti50.3Pd16.0 %,50.3,16.0
B. Kockar,Doctoral Thesis,Shape memory behaviors of ultrafine grained nickel-titanium and titanium-nickel-palladium shape memory alloys,2007.0,24.0,7.3305,30.0,Ni30.0Ti50.0Pd20.0 %,50.0,20.0
B. Kockar,Doctoral Thesis,Shape memory behaviors of ultrafine grained nickel-titanium and titanium-nickel-palladium shape memory alloys,2007.0,44.0,7.3305,30.0,Ni30.0Ti50.0Pd20.0 %,50.0,20.0
B. Kockar,Doctoral Thesis,Shape memory behaviors of ultrafine grained nickel-titanium and titanium-nickel-palladium shape memory alloys,2007.0,44.0,7.3305,30.0,Ni30.0Ti50.0Pd20.0 %,50.0,20.0
B. Kockar,Doctoral Thesis,Shape memory behaviors of ultrafine grained nickel-titanium and titanium-nickel-palladium shape memory alloys,2007.0,45.0,7.3305,30.0,Ni30.0Ti50.0Pd20.0 %,50.0,20.0
B. Kockar,Doctoral Thesis,Shape memory behaviors of ultrafine grained nickel-titanium and titanium-nickel-palladium shape memory alloys,2007.0,12.0,7.3305,30.0,Ni30.0Ti50.0Pd20.0 %,50.0,20.0
B. Kockar,Doctoral Thesis,Shape memory behaviors of ultrafine grained nickel-titanium and titanium-nickel-palladium shape memory alloys,2007.0,17.0,7.3305,30.0,Ni30.0Ti50.0Pd20.0 %,50.0,20.0
B. Kockar,Doctoral Thesis,Shape memory behaviors of ultrafine grained nickel-titanium and titanium-nickel-palladium shape memory alloys,2007.0,28.0,7.3305,30.0,Ni30.0Ti50.0Pd20.0 %,50.0,20.0
B. Kockar,Doctoral Thesis,Shape memory behaviors of ultrafine grained nickel-titanium and titanium-nickel-palladium shape memory alloys,2007.0,36.0,7.3305,30.0,Ni30.0Ti50.0Pd20.0 %,50.0,20.0
B. Kockar,Doctoral Thesis,Shape memory behaviors of ultrafine grained nickel-titanium and titanium-nickel-palladium shape memory alloys,2007.0,28.0,7.3305,30.0,Ni30.0Ti50.0Pd20.0 %,50.0,20.0
B. Kockar,Doctoral Thesis,Shape memory behaviors of ultrafine grained nickel-titanium and titanium-nickel-palladium shape memory alloys,2007.0,30.0,7.3305,30.0,Ni30.0Ti50.0Pd20.0 %,50.0,20.0
B. Kockar,Doctoral Thesis,Shape memory behaviors of ultrafine grained nickel-titanium and titanium-nickel-palladium shape memory alloys,2007.0,35.0,7.3305,30.0,Ni30.0Ti50.0Pd20.0 %,50.0,20.0
B. Kockar,Doctoral Thesis,Shape memory behaviors of ultrafine grained nickel-titanium and titanium-nickel-palladium shape memory alloys,2007.0,43.0,7.3305,30.0,Ni30.0Ti50.0Pd20.0 %,50.0,20.0
B. Kockar,Doctoral Thesis,Shape memory behaviors of ultrafine grained nickel-titanium and titanium-nickel-palladium shape memory alloys,2007.0,48.0,7.3305,30.0,Ni30.0Ti50.0Pd20.0 %,50.0,20.0
B. Kockar,Doctoral Thesis,Shape memory behaviors of ultrafine grained nickel-titanium and titanium-nickel-palladium shape memory alloys,2007.0,53.0,7.3305,30.0,Ni30.0Ti50.0Pd20.0 %,50.0,20.0
B. Kockar,Doctoral Thesis,Shape memory behaviors of ultrafine grained nickel-titanium and titanium-nickel-palladium shape memory alloys,2007.0,25.0,7.3305,30.0,Ni30.0Ti50.0Pd20.0 %,50.0,20.0
B. Kockar,Doctoral Thesis,Shape memory behaviors of ultrafine grained nickel-titanium and titanium-nickel-palladium shape memory alloys,2007.0,26.0,7.3305,30.0,Ni30.0Ti50.0Pd20.0 %,50.0,20.0
B. Kockar,Doctoral Thesis,Shape memory behaviors of ultrafine grained nickel-titanium and titanium-nickel-palladium shape memory alloys,2007.0,30.0,7.3305,30.0,Ni30.0Ti50.0Pd20.0 %,50.0,20.0
B. Kockar,Doctoral Thesis,Shape memory behaviors of ultrafine grained nickel-titanium and titanium-nickel-palladium shape memory alloys,2007.0,35.0,7.3305,30.0,Ni30.0Ti50.0Pd20.0 %,50.0,20.0
B. Kockar,Doctoral Thesis,Shape memory behaviors of ultrafine grained nickel-titanium and titanium-nickel-palladium shape memory alloys,2007.0,39.0,7.3305,30.0,Ni30.0Ti50.0Pd20.0 %,50.0,20.0
B. Kockar,Doctoral Thesis,Shape memory behaviors of ultrafine grained nickel-titanium and titanium-nickel-palladium shape memory alloys,2007.0,43.0,7.3305,30.0,Ni30.0Ti50.0Pd20.0 %,50.0,20.0
B. Kockar,Doctoral Thesis,Shape memory behaviors of ultrafine grained nickel-titanium and titanium-nickel-palladium shape memory alloys,2007.0,51.0,7.3305,30.0,Ni30.0Ti50.0Pd20.0 %,50.0,20.0
B. Kockar,Doctoral Thesis,Shape memory behaviors of ultrafine grained nickel-titanium and titanium-nickel-palladium shape memory alloys,2007.0,28.0,7.3305,30.0,Ni30.0Ti50.0Pd20.0 %,50.0,20.0
B. Kockar,Doctoral Thesis,Shape memory behaviors of ultrafine grained nickel-titanium and titanium-nickel-palladium shape memory alloys,2007.0,31.0,7.3305,30.0,Ni30.0Ti50.0Pd20.0 %,50.0,20.0
B. Kockar,Doctoral Thesis,Shape memory behaviors of ultrafine grained nickel-titanium and titanium-nickel-palladium shape memory alloys,2007.0,33.0,7.3305,30.0,Ni30.0Ti50.0Pd20.0 %,50.0,20.0
B. Kockar,Doctoral Thesis,Shape memory behaviors of ultrafine grained nickel-titanium and titanium-nickel-palladium shape memory alloys,2007.0,38.0,7.3305,30.0,Ni30.0Ti50.0Pd20.0 %,50.0,20.0
B. Kockar,Doctoral Thesis,Shape memory behaviors of ultrafine grained nickel-titanium and titanium-nickel-palladium shape memory alloys,2007.0,42.0,7.3305,30.0,Ni30.0Ti50.0Pd20.0 %,50.0,20.0
M. I. Khan; H. Y. Kim; Y. Namigata; T.-h. Nam and S. Miyazaki,Acta Materialia,Combined effects of work hardening and precipitation strengthening on the cyclic stability of TiNiPdCu-based high-temperature shape memory alloys,2013.0,37.0,7.48625,25.0,Ni25.0Ti50.0Pd25.0 %,50.0,25.0
M. I. Khan; H. Y. Kim; Y. Namigata; T.-h. Nam and S. Miyazaki,Acta Materialia,Combined effects of work hardening and precipitation strengthening on the cyclic stability of TiNiPdCu-based high-temperature shape memory alloys,2013.0,54.0,7.48625,25.0,Ni25.0Ti50.0Pd25.0 %,50.0,25.0
M. I. Khan; H. Y. Kim; Y. Namigata; T.-h. Nam and S. Miyazaki,Acta Materialia,Combined effects of work hardening and precipitation strengthening on the cyclic stability of TiNiPdCu-based high-temperature shape memory alloys,2013.0,22.0,7.48625,25.0,Ni25.0Ti50.0Pd25.0 %,50.0,25.0
M. I. Khan; H. Y. Kim; Y. Namigata; T.-h. Nam and S. Miyazaki,Acta Materialia,Combined effects of work hardening and precipitation strengthening on the cyclic stability of TiNiPdCu-based high-temperature shape memory alloys,2013.0,29.0,7.48625,25.0,Ni25.0Ti50.0Pd25.0 %,50.0,25.0
B. Winzek and E. Quandt,Zeitschrift für Metallkunde,Shape-memory Ti-Ni-X-films (X = Cu;Pd) under constraint,1999.0,34.0,6.953728,39.2,Ni39.2Ti51.2Pd9.6 %,51.2,9.6
M. I. Khan; H. Y. Kim; Y. Namigata; T.-h. Nam and S. Miyazaki,Acta Materialia,Combined effects of work hardening and precipitation strengthening on the cyclic stability of TiNiPdCu-based high-temperature shape memory alloys,2013.0,37.0,7.48625,25.0,Ni25.0Ti50.0Pd25.0 %,50.0,25.0
M. I. Khan; H. Y. Kim; Y. Namigata; T.-h. Nam and S. Miyazaki,Acta Materialia,Combined effects of work hardening and precipitation strengthening on the cyclic stability of TiNiPdCu-based high-temperature shape memory alloys,2013.0,54.0,7.48625,25.0,Ni25.0Ti50.0Pd25.0 %,50.0,25.0
M. I. Khan; H. Y. Kim; Y. Namigata; T.-h. Nam and S. Miyazaki,Acta Materialia,Combined effects of work hardening and precipitation strengthening on the cyclic stability of TiNiPdCu-based high-temperature shape memory alloys,2013.0,22.0,7.48625,25.0,Ni25.0Ti50.0Pd25.0 %,50.0,25.0
M. I. Khan; H. Y. Kim; Y. Namigata; T.-h. Nam and S. Miyazaki,Acta Materialia,Combined effects of work hardening and precipitation strengthening on the cyclic stability of TiNiPdCu-based high-temperature shape memory alloys,2013.0,29.0,7.48625,25.0,Ni25.0Ti50.0Pd25.0 %,50.0,25.0
