Authors,Source,Title,Year,Martensite Start Temperature - MS - (°C),Austenite Start Temperature - AS - (°C),Ni (at.%),composition,Ti (at.%),Pd (at.%)
H.C. Yi; J.J. Moore; A. Petric,Metallurgical Transactions,Microstructural Study of Ti50Pd50 and Ti50Pd50-xPdx Alloys Produced by Combustion Synthesis,1992.0,50.0,45.0,27.0,Ni27.0Ti50.0Pd23.0 %,50.0,23.0
H.C. Yi; J.J. Moore; A. Petric,Metallurgical Transactions,Microstructural Study of Ti50Pd50 and Ti50Pd50-xPdx Alloys Produced by Combustion Synthesis,1992.0,108.0,109.0,20.0,Ni20.0Ti50.0Pd30.0 %,50.0,30.0
K.C. Atli; I. Karaman; R.D. Noebe; A. Garg; Y.I. Chumlyakov; I.V. Kireeva,Metallurgical and Materials Transactions,Improvement in the Shape Memory Response of Ti50.5Ni24.5Pd25 High-Temperature Shape Memory Alloy with Scandium Microalloying,2010.0,179.0,184.0,24.5,Ni24.5Ti50.5Pd25.0 %,50.5,25.0
K.C. Atli; I. Karaman; R.D. Noebe; A. Garg; Y.I. Chumlyakov; I.V. Kireeva,Metallurgical and Materials Transactions,Improvement in the Shape Memory Response of Ti50.5Ni24.5Pd25 High-Temperature Shape Memory Alloy with Scandium Microalloying,2010.0,181.0,196.0,24.5,Ni24.5Ti50.5Pd25.0 %,50.5,25.0
K.C. Atli; I. Karaman; R.D. Noebe; A. Garg; Y.I. Chumlyakov; I.V. Kireeva,Metallurgical and Materials Transactions,Improvement in the Shape Memory Response of Ti50.5Ni24.5Pd25 High-Temperature Shape Memory Alloy with Scandium Microalloying,2010.0,194.0,202.0,24.5,Ni24.5Ti50.5Pd25.0 %,50.5,25.0
K.C. Atli; I. Karaman; R.D. Noebe; A. Garg; Y.I. Chumlyakov; I.V. Kireeva,Metallurgical and Materials Transactions,Improvement in the Shape Memory Response of Ti50.5Ni24.5Pd25 High-Temperature Shape Memory Alloy with Scandium Microalloying,2010.0,211.0,212.0,24.5,Ni24.5Ti50.5Pd25.0 %,50.5,25.0
K.C. Atli; I. Karaman; R.D. Noebe; A. Garg; Y.I. Chumlyakov; I.V. Kireeva,Metallurgical and Materials Transactions,Improvement in the Shape Memory Response of Ti50.5Ni24.5Pd25 High-Temperature Shape Memory Alloy with Scandium Microalloying,2010.0,192.0,187.0,24.5,Ni24.5Ti50.5Pd25.0 %,50.5,25.0
K.C. Atli; I. Karaman; R.D. Noebe; A. Garg; Y.I. Chumlyakov; I.V. Kireeva,Metallurgical and Materials Transactions,Improvement in the Shape Memory Response of Ti50.5Ni24.5Pd25 High-Temperature Shape Memory Alloy with Scandium Microalloying,2010.0,205.0,192.0,24.5,Ni24.5Ti50.5Pd25.0 %,50.5,25.0
K.C. Atli; I. Karaman; R.D. Noebe; A. Garg; Y.I. Chumlyakov; I.V. Kireeva,Metallurgical and Materials Transactions,Improvement in the Shape Memory Response of Ti50.5Ni24.5Pd25 High-Temperature Shape Memory Alloy with Scandium Microalloying,2010.0,202.0,189.0,24.5,Ni24.5Ti50.5Pd25.0 %,50.5,25.0
K.C. Atli; I. Karaman; R.D. Noebe; A. Garg; Y.I. Chumlyakov; I.V. Kireeva,Metallurgical and Materials Transactions,Improvement in the Shape Memory Response of Ti50.5Ni24.5Pd25 High-Temperature Shape Memory Alloy with Scandium Microalloying,2010.0,208.0,192.0,24.5,Ni24.5Ti50.5Pd25.0 %,50.5,25.0
K.C. Atli; I. Karaman; R.D. Noebe; A. Garg; Y.I. Chumlyakov; I.V. Kireeva,Metallurgical and Materials Transactions,Improvement in the Shape Memory Response of Ti50.5Ni24.5Pd25 High-Temperature Shape Memory Alloy with Scandium Microalloying,2010.0,210.0,191.0,24.5,Ni24.5Ti50.5Pd25.0 %,50.5,25.0
K.C. Atli; I. Karaman; R.D. Noebe; A. Garg; Y.I. Chumlyakov; I.V. Kireeva,Metallurgical and Materials Transactions,Improvement in the Shape Memory Response of Ti50.5Ni24.5Pd25 High-Temperature Shape Memory Alloy with Scandium Microalloying,2010.0,209.0,191.0,24.5,Ni24.5Ti50.5Pd25.0 %,50.5,25.0
K.C. Atli; I. Karaman; R.D. Noebe; A. Garg; Y.I. Chumlyakov; I.V. Kireeva,Metallurgical and Materials Transactions,Improvement in the Shape Memory Response of Ti50.5Ni24.5Pd25 High-Temperature Shape Memory Alloy with Scandium Microalloying,2010.0,210.0,190.0,24.5,Ni24.5Ti50.5Pd25.0 %,50.5,25.0
K.C. Atli; I. Karaman; R.D. Noebe; A. Garg; Y.I. Chumlyakov; I.V. Kireeva,Metallurgical and Materials Transactions,Improvement in the Shape Memory Response of Ti50.5Ni24.5Pd25 High-Temperature Shape Memory Alloy with Scandium Microalloying,2010.0,209.0,190.0,24.5,Ni24.5Ti50.5Pd25.0 %,50.5,25.0
K.C. Atli; I. Karaman; R.D. Noebe; A. Garg; Y.I. Chumlyakov; I.V. Kireeva,Metallurgical and Materials Transactions,Improvement in the Shape Memory Response of Ti50.5Ni24.5Pd25 High-Temperature Shape Memory Alloy with Scandium Microalloying,2010.0,210.0,192.0,24.5,Ni24.5Ti50.5Pd25.0 %,50.5,25.0
K.C. Atli; I. Karaman; R.D. Noebe; A. Garg; Y.I. Chumlyakov; I.V. Kireeva,Metallurgical and Materials Transactions,Improvement in the Shape Memory Response of Ti50.5Ni24.5Pd25 High-Temperature Shape Memory Alloy with Scandium Microalloying,2010.0,207.0,191.0,24.5,Ni24.5Ti50.5Pd25.0 %,50.5,25.0
B. Kockar; K.C. Atli; J. Ma; M. Haouaoui; I. Karaman; M. Nagasako; R. Kainuma,Acta Materialia,Role of severe plastic deformation on the cyclic reversibility of a Ti50.3Ni33.7Pd16 high temperature shape memory alloy,2010.0,93.0,99.0,33.7,Ni33.7Ti50.3Pd16.0 %,50.3,16.0
B. Kockar; K.C. Atli; J. Ma; M. Haouaoui; I. Karaman; M. Nagasako; R. Kainuma,Acta Materialia,Role of severe plastic deformation on the cyclic reversibility of a Ti50.3Ni33.7Pd16 high temperature shape memory alloy,2010.0,93.0,100.0,33.7,Ni33.7Ti50.3Pd16.0 %,50.3,16.0
B. Kockar; K.C. Atli; J. Ma; M. Haouaoui; I. Karaman; M. Nagasako; R. Kainuma,Acta Materialia,Role of severe plastic deformation on the cyclic reversibility of a Ti50.3Ni33.7Pd16 high temperature shape memory alloy,2010.0,73.0,62.0,33.7,Ni33.7Ti50.3Pd16.0 %,50.3,16.0
B. Kockar; K.C. Atli; J. Ma; M. Haouaoui; I. Karaman; M. Nagasako; R. Kainuma,Acta Materialia,Role of severe plastic deformation on the cyclic reversibility of a Ti50.3Ni33.7Pd16 high temperature shape memory alloy,2010.0,71.0,58.0,33.7,Ni33.7Ti50.3Pd16.0 %,50.3,16.0
B. Kockar; K.C. Atli; J. Ma; M. Haouaoui; I. Karaman; M. Nagasako; R. Kainuma,Acta Materialia,Role of severe plastic deformation on the cyclic reversibility of a Ti50.3Ni33.7Pd16 high temperature shape memory alloy,2010.0,96.0,104.0,33.7,Ni33.7Ti50.3Pd16.0 %,50.3,16.0
B. Kockar; K.C. Atli; J. Ma; M. Haouaoui; I. Karaman; M. Nagasako; R. Kainuma,Acta Materialia,Role of severe plastic deformation on the cyclic reversibility of a Ti50.3Ni33.7Pd16 high temperature shape memory alloy,2010.0,102.0,108.0,33.7,Ni33.7Ti50.3Pd16.0 %,50.3,16.0
B. Kockar; K.C. Atli; J. Ma; M. Haouaoui; I. Karaman; M. Nagasako; R. Kainuma,Acta Materialia,Role of severe plastic deformation on the cyclic reversibility of a Ti50.3Ni33.7Pd16 high temperature shape memory alloy,2010.0,108.0,114.0,33.7,Ni33.7Ti50.3Pd16.0 %,50.3,16.0
B. Kockar; K.C. Atli; J. Ma; M. Haouaoui; I. Karaman; M. Nagasako; R. Kainuma,Acta Materialia,Role of severe plastic deformation on the cyclic reversibility of a Ti50.3Ni33.7Pd16 high temperature shape memory alloy,2010.0,114.0,117.0,33.7,Ni33.7Ti50.3Pd16.0 %,50.3,16.0
B. Kockar; K.C. Atli; J. Ma; M. Haouaoui; I. Karaman; M. Nagasako; R. Kainuma,Acta Materialia,Role of severe plastic deformation on the cyclic reversibility of a Ti50.3Ni33.7Pd16 high temperature shape memory alloy,2010.0,124.0,120.0,33.7,Ni33.7Ti50.3Pd16.0 %,50.3,16.0
B. Kockar; K.C. Atli; J. Ma; M. Haouaoui; I. Karaman; M. Nagasako; R. Kainuma,Acta Materialia,Role of severe plastic deformation on the cyclic reversibility of a Ti50.3Ni33.7Pd16 high temperature shape memory alloy,2010.0,130.0,131.0,33.7,Ni33.7Ti50.3Pd16.0 %,50.3,16.0
B. Kockar; K.C. Atli; J. Ma; M. Haouaoui; I. Karaman; M. Nagasako; R. Kainuma,Acta Materialia,Role of severe plastic deformation on the cyclic reversibility of a Ti50.3Ni33.7Pd16 high temperature shape memory alloy,2010.0,68.0,76.0,33.7,Ni33.7Ti50.3Pd16.0 %,50.3,16.0
B. Kockar; K.C. Atli; J. Ma; M. Haouaoui; I. Karaman; M. Nagasako; R. Kainuma,Acta Materialia,Role of severe plastic deformation on the cyclic reversibility of a Ti50.3Ni33.7Pd16 high temperature shape memory alloy,2010.0,73.0,80.0,33.7,Ni33.7Ti50.3Pd16.0 %,50.3,16.0
B. Kockar; K.C. Atli; J. Ma; M. Haouaoui; I. Karaman; M. Nagasako; R. Kainuma,Acta Materialia,Role of severe plastic deformation on the cyclic reversibility of a Ti50.3Ni33.7Pd16 high temperature shape memory alloy,2010.0,79.0,85.0,33.7,Ni33.7Ti50.3Pd16.0 %,50.3,16.0
B. Kockar; K.C. Atli; J. Ma; M. Haouaoui; I. Karaman; M. Nagasako; R. Kainuma,Acta Materialia,Role of severe plastic deformation on the cyclic reversibility of a Ti50.3Ni33.7Pd16 high temperature shape memory alloy,2010.0,85.0,90.0,33.7,Ni33.7Ti50.3Pd16.0 %,50.3,16.0
B. Kockar; K.C. Atli; J. Ma; M. Haouaoui; I. Karaman; M. Nagasako; R. Kainuma,Acta Materialia,Role of severe plastic deformation on the cyclic reversibility of a Ti50.3Ni33.7Pd16 high temperature shape memory alloy,2010.0,92.0,97.0,33.7,Ni33.7Ti50.3Pd16.0 %,50.3,16.0
B. Kockar; K.C. Atli; J. Ma; M. Haouaoui; I. Karaman; M. Nagasako; R. Kainuma,Acta Materialia,Role of severe plastic deformation on the cyclic reversibility of a Ti50.3Ni33.7Pd16 high temperature shape memory alloy,2010.0,100.0,102.0,33.7,Ni33.7Ti50.3Pd16.0 %,50.3,16.0
B. Kockar; K.C. Atli; J. Ma; M. Haouaoui; I. Karaman; M. Nagasako; R. Kainuma,Acta Materialia,Role of severe plastic deformation on the cyclic reversibility of a Ti50.3Ni33.7Pd16 high temperature shape memory alloy,2010.0,103.0,107.0,33.7,Ni33.7Ti50.3Pd16.0 %,50.3,16.0
Y. Xu; S. Shimizu; Y. Suzuki; K. Otsuka; T. Ueki; K. Mitose,Acta Materialia,Recovery and Recrystallization Processes in Ti-Pd-Ni High Temperature Shape Memory Alloys,1997.0,107.0,230.0,30.0,Ni30.0Ti50.0Pd20.0 %,50.0,20.0
Y. Xu; S. Shimizu; Y. Suzuki; K. Otsuka; T. Ueki; K. Mitose,Acta Materialia,Recovery and Recrystallization Processes in Ti-Pd-Ni High Temperature Shape Memory Alloys,1997.0,237.0,308.0,20.0,Ni20.0Ti50.0Pd30.0 %,50.0,30.0
Y. Xu; S. Shimizu; Y. Suzuki; K. Otsuka; T. Ueki; K. Mitose,Acta Materialia,Recovery and Recrystallization Processes in Ti-Pd-Ni High Temperature Shape Memory Alloys,1997.0,331.0,378.0,15.0,Ni15.0Ti50.0Pd35.0 %,50.0,35.0
Y. Xu; S. Shimizu; Y. Suzuki; K. Otsuka; T. Ueki; K. Mitose,Acta Materialia,Recovery and Recrystallization Processes in Ti-Pd-Ni High Temperature Shape Memory Alloys,1997.0,383.0,449.0,10.0,Ni10.0Ti50.0Pd40.0 %,50.0,40.0
Y. Xu; S. Shimizu; Y. Suzuki; K. Otsuka; T. Ueki; K. Mitose,Acta Materialia,Recovery and Recrystallization Processes in Ti-Pd-Ni High Temperature Shape Memory Alloys,1997.0,457.0,518.0,5.0,Ni5.0Ti50.0Pd45.0 %,50.0,45.0
Q. Tian; J. Wu,Scandinavian Journal of Metallurgy ,Dynamic properties of Ti51Pd30Ni19 high-temperature shape memory alloy under different heat treatment conditions,2002.0,260.0,231.0,19.0,Ni19.0Ti51.0Pd30.0 %,51.0,30.0
Q. Tian; J. Wu,Scandinavian Journal of Metallurgy ,Dynamic properties of Ti51Pd30Ni19 high-temperature shape memory alloy under different heat treatment conditions,2002.0,257.0,205.0,19.0,Ni19.0Ti51.0Pd30.0 %,51.0,30.0
Q. Tian; J. Wu,Scandinavian Journal of Metallurgy ,Dynamic properties of Ti51Pd30Ni19 high-temperature shape memory alloy under different heat treatment conditions,2002.0,257.0,229.0,19.0,Ni19.0Ti51.0Pd30.0 %,51.0,30.0
Q. Tian; J. Wu,Scandinavian Journal of Metallurgy ,Dynamic properties of Ti51Pd30Ni19 high-temperature shape memory alloy under different heat treatment conditions,2002.0,256.0,222.0,19.0,Ni19.0Ti51.0Pd30.0 %,51.0,30.0
Q. Tian; J. Wu,Scandinavian Journal of Metallurgy ,Dynamic properties of Ti51Pd30Ni19 high-temperature shape memory alloy under different heat treatment conditions,2002.0,257.0,223.0,19.0,Ni19.0Ti51.0Pd30.0 %,51.0,30.0
Q. Tian; J. Wu,Scandinavian Journal of Metallurgy ,Dynamic properties of Ti51Pd30Ni19 high-temperature shape memory alloy under different heat treatment conditions,2002.0,256.0,221.0,19.0,Ni19.0Ti51.0Pd30.0 %,51.0,30.0
Q. Tian; J. Wu,Scandinavian Journal of Metallurgy ,Dynamic properties of Ti51Pd30Ni19 high-temperature shape memory alloy under different heat treatment conditions,2002.0,256.0,224.0,19.0,Ni19.0Ti51.0Pd30.0 %,51.0,30.0
Q. Tian; J. Wu,Scandinavian Journal of Metallurgy ,Dynamic properties of Ti51Pd30Ni19 high-temperature shape memory alloy under different heat treatment conditions,2002.0,257.0,239.0,19.0,Ni19.0Ti51.0Pd30.0 %,51.0,30.0
Q. Tian; J. Wu,Scandinavian Journal of Metallurgy ,Dynamic properties of Ti51Pd30Ni19 high-temperature shape memory alloy under different heat treatment conditions,2002.0,255.0,239.0,19.0,Ni19.0Ti51.0Pd30.0 %,51.0,30.0
Q. Tian; J. Wu,Scandinavian Journal of Metallurgy ,Dynamic properties of Ti51Pd30Ni19 high-temperature shape memory alloy under different heat treatment conditions,2002.0,216.0,208.0,19.0,Ni19.0Ti51.0Pd30.0 %,51.0,30.0
Q. Tian; J. Wu,Scandinavian Journal of Metallurgy ,Dynamic properties of Ti51Pd30Ni19 high-temperature shape memory alloy under different heat treatment conditions,2002.0,233.0,235.0,19.0,Ni19.0Ti51.0Pd30.0 %,51.0,30.0
Y. Suzuki; Y. Xu; S. Morito; K. Otsuka; K. Mitose,Materials Letters,Effects of boron addition on microstructure and mechanical properties of Ti–Td–Ni high-temperature shape memory alloys,1998.0,216.0,221.0,20.0,Ni20.0Ti50.0Pd30.0 %,50.0,30.0
Y. Suzuki; Y. Xu; S. Morito; K. Otsuka; K. Mitose,Materials Letters,Effects of boron addition on microstructure and mechanical properties of Ti–Td–Ni high-temperature shape memory alloys,1998.0,217.0,227.0,20.0,Ni20.0Ti50.0Pd30.0 %,50.0,30.0
Y. Suzuki; Y. Xu; S. Morito; K. Otsuka; K. Mitose,Materials Letters,Effects of boron addition on microstructure and mechanical properties of Ti–Td–Ni high-temperature shape memory alloys,1998.0,220.0,227.0,20.0,Ni20.0Ti50.0Pd30.0 %,50.0,30.0
Y. Suzuki; Y. Xu; S. Morito; K. Otsuka; K. Mitose,Materials Letters,Effects of boron addition on microstructure and mechanical properties of Ti–Td–Ni high-temperature shape memory alloys,1998.0,231.0,232.0,20.0,Ni20.0Ti50.0Pd30.0 %,50.0,30.0
Y. Suzuki; Y. Xu; S. Morito; K. Otsuka; K. Mitose,Materials Letters,Effects of boron addition on microstructure and mechanical properties of Ti–Td–Ni high-temperature shape memory alloys,1998.0,254.0,236.0,20.0,Ni20.0Ti50.0Pd30.0 %,50.0,30.0
S.M. Tuominen; R.J. Biermann ,JOM,Shape-Memory Wires,1988.0,128.0,131.0,27.7,Ni27.7Ti50.0Pd22.3 %,50.0,22.3
S.M. Tuominen; R.J. Biermann ,JOM,Shape-Memory Wires,1988.0,183.0,186.0,25.1,Ni25.1Ti50.0Pd24.9 %,50.0,24.9
S.M. Tuominen; R.J. Biermann ,JOM,Shape-Memory Wires,1988.0,201.0,203.0,22.9,Ni22.9Ti50.0Pd27.1 %,50.0,27.1
H.B. Xu; S.Q. Hu; C. Jiang; S.K. Gong,Journal of Materials Science and Technology,Annealing Effect on Mechanical Properties of Ti51Ni13Pd36 High Temperature Memory Alloy,2000.0,329.0,348.0,13.0,Ni13.0Ti51.0Pd36.0 %,51.0,36.0
D. Golberg; Y. Xu; Y. Murakami; K. Otsuka; T. Ueki; H. Horikawa,Materials Letters,High-temperature shape memory effect in Ti50Pd50-xNix (x = 10; 15; 20) alloys,1995.0,242.0,253.0,20.0,Ni20.0Ti50.0Pd30.0 %,50.0,30.0
D. Golberg; Y. Xu; Y. Murakami; K. Otsuka; T. Ueki; H. Horikawa,Materials Letters,High-temperature shape memory effect in Ti50Pd50-xNix (x = 10; 15; 20) alloys,1995.0,318.0,336.0,15.0,Ni15.0Ti50.0Pd35.0 %,50.0,35.0
D. Golberg; Y. Xu; Y. Murakami; K. Otsuka; T. Ueki; H. Horikawa,Materials Letters,High-temperature shape memory effect in Ti50Pd50-xNix (x = 10; 15; 20) alloys,1995.0,399.0,414.0,10.0,Ni10.0Ti50.0Pd40.0 %,50.0,40.0
D. Golberg; Y. Xu; Y. Murakami; S. Morito; K. Otsuka; T. Ueki; H. Horikawa,Scripta Metallurgica et Materialia,Improvement of a Ti50Pd30Ni20 high temperature shape memory alloy by thermomechanical treatments,1994.0,232.0,222.0,20.0,Ni20.0Ti50.0Pd30.0 %,50.0,30.0
D. Golberg; Y. Xu; Y. Murakami; S. Morito; K. Otsuka; T. Ueki; H. Horikawa,Scripta Metallurgica et Materialia,Improvement of a Ti50Pd30Ni20 high temperature shape memory alloy by thermomechanical treatments,1994.0,225.0,217.0,20.0,Ni20.0Ti50.0Pd30.0 %,50.0,30.0
D. Golberg; Y. Xu; Y. Murakami; S. Morito; K. Otsuka; T. Ueki; H. Horikawa,Scripta Metallurgica et Materialia,Improvement of a Ti50Pd30Ni20 high temperature shape memory alloy by thermomechanical treatments,1994.0,245.0,244.0,20.0,Ni20.0Ti50.0Pd30.0 %,50.0,30.0
S. Shimizu; Y. Xu; E. Okunishi; S. Tanaka; K. Otsuka; K. Mitose,Materials Letters,Improvement of shape memory characteristics by precipitation-hardening of Ti-Pd-Ni alloys,1998.0,245.0,243.0,19.4,Ni19.4Ti50.6Pd30.0 %,50.6,30.0
S. Shimizu; Y. Xu; E. Okunishi; S. Tanaka; K. Otsuka; K. Mitose,Materials Letters,Improvement of shape memory characteristics by precipitation-hardening of Ti-Pd-Ni alloys,1998.0,246.0,240.0,19.4,Ni19.4Ti50.6Pd30.0 %,50.6,30.0
S. Shimizu; Y. Xu; E. Okunishi; S. Tanaka; K. Otsuka; K. Mitose,Materials Letters,Improvement of shape memory characteristics by precipitation-hardening of Ti-Pd-Ni alloys,1998.0,237.0,232.0,19.4,Ni19.4Ti50.6Pd30.0 %,50.6,30.0
S. Shimizu; Y. Xu; E. Okunishi; S. Tanaka; K. Otsuka; K. Mitose,Materials Letters,Improvement of shape memory characteristics by precipitation-hardening of Ti-Pd-Ni alloys,1998.0,237.0,231.0,19.4,Ni19.4Ti50.6Pd30.0 %,50.6,30.0
S. Shimizu; Y. Xu; E. Okunishi; S. Tanaka; K. Otsuka; K. Mitose,Materials Letters,Improvement of shape memory characteristics by precipitation-hardening of Ti-Pd-Ni alloys,1998.0,242.0,244.0,19.4,Ni19.4Ti50.6Pd30.0 %,50.6,30.0
S. Shimizu; Y. Xu; E. Okunishi; S. Tanaka; K. Otsuka; K. Mitose,Materials Letters,Improvement of shape memory characteristics by precipitation-hardening of Ti-Pd-Ni alloys,1998.0,246.0,248.0,19.4,Ni19.4Ti50.6Pd30.0 %,50.6,30.0
S. Shimizu; Y. Xu; E. Okunishi; S. Tanaka; K. Otsuka; K. Mitose,Materials Letters,Improvement of shape memory characteristics by precipitation-hardening of Ti-Pd-Ni alloys,1998.0,251.0,249.0,19.6,Ni19.6Ti50.4Pd30.0 %,50.4,30.0
S. Shimizu; Y. Xu; E. Okunishi; S. Tanaka; K. Otsuka; K. Mitose,Materials Letters,Improvement of shape memory characteristics by precipitation-hardening of Ti-Pd-Ni alloys,1998.0,256.0,252.0,19.8,Ni19.8Ti50.2Pd30.0 %,50.2,30.0
S. Shimizu; Y. Xu; E. Okunishi; S. Tanaka; K. Otsuka; K. Mitose,Materials Letters,Improvement of shape memory characteristics by precipitation-hardening of Ti-Pd-Ni alloys,1998.0,223.0,224.0,20.0,Ni20.0Ti50.0Pd30.0 %,50.0,30.0
S. Shimizu; Y. Xu; E. Okunishi; S. Tanaka; K. Otsuka; K. Mitose,Materials Letters,Improvement of shape memory characteristics by precipitation-hardening of Ti-Pd-Ni alloys,1998.0,183.0,183.0,20.5,Ni20.5Ti49.5Pd30.0 %,49.5,30.0
S. Shimizu; Y. Xu; E. Okunishi; S. Tanaka; K. Otsuka; K. Mitose,Materials Letters,Improvement of shape memory characteristics by precipitation-hardening of Ti-Pd-Ni alloys,1998.0,188.0,182.0,20.5,Ni20.5Ti49.5Pd30.0 %,49.5,30.0
S. Shimizu; Y. Xu; E. Okunishi; S. Tanaka; K. Otsuka; K. Mitose,Materials Letters,Improvement of shape memory characteristics by precipitation-hardening of Ti-Pd-Ni alloys,1998.0,183.0,186.0,20.5,Ni20.5Ti49.5Pd30.0 %,49.5,30.0
S. Shimizu; Y. Xu; E. Okunishi; S. Tanaka; K. Otsuka; K. Mitose,Materials Letters,Improvement of shape memory characteristics by precipitation-hardening of Ti-Pd-Ni alloys,1998.0,183.0,188.0,20.5,Ni20.5Ti49.5Pd30.0 %,49.5,30.0
S. Shimizu; Y. Xu; E. Okunishi; S. Tanaka; K. Otsuka; K. Mitose,Materials Letters,Improvement of shape memory characteristics by precipitation-hardening of Ti-Pd-Ni alloys,1998.0,187.0,191.0,20.5,Ni20.5Ti49.5Pd30.0 %,49.5,30.0
S. Shimizu; Y. Xu; E. Okunishi; S. Tanaka; K. Otsuka; K. Mitose,Materials Letters,Improvement of shape memory characteristics by precipitation-hardening of Ti-Pd-Ni alloys,1998.0,111.0,113.0,21.0,Ni21.0Ti49.0Pd30.0 %,49.0,30.0
S. Shimizu; Y. Xu; E. Okunishi; S. Tanaka; K. Otsuka; K. Mitose,Materials Letters,Improvement of shape memory characteristics by precipitation-hardening of Ti-Pd-Ni alloys,1998.0,41.0,37.0,21.5,Ni21.5Ti48.5Pd30.0 %,48.5,30.0
D. Golberg; Y. Xu; Y. Murakami; S. Morito; K. Otsuka,Intermetallics,Characteristics of Ti50Pd30Ni20 high-temperature shape memory alloy,1995.0,222.0,280.0,20.0,Ni20.0Ti50.0Pd30.0 %,50.0,30.0
D. Golberg; Y. Xu; Y. Murakami; S. Morito; K. Otsuka,Intermetallics,Characteristics of Ti50Pd30Ni20 high-temperature shape memory alloy,1995.0,219.0,315.0,20.0,Ni20.0Ti50.0Pd30.0 %,50.0,30.0
D. Golberg; Y. Xu; Y. Murakami; S. Morito; K. Otsuka,Intermetallics,Characteristics of Ti50Pd30Ni20 high-temperature shape memory alloy,1995.0,226.0,215.0,20.0,Ni20.0Ti50.0Pd30.0 %,50.0,30.0
D. Golberg; Y. Xu; Y. Murakami; S. Morito; K. Otsuka,Intermetallics,Characteristics of Ti50Pd30Ni20 high-temperature shape memory alloy,1995.0,225.0,217.0,20.0,Ni20.0Ti50.0Pd30.0 %,50.0,30.0
D. Golberg; Y. Xu; Y. Murakami; S. Morito; K. Otsuka,Intermetallics,Characteristics of Ti50Pd30Ni20 high-temperature shape memory alloy,1995.0,232.0,222.0,20.0,Ni20.0Ti50.0Pd30.0 %,50.0,30.0
D. Golberg; Y. Xu; Y. Murakami; S. Morito; K. Otsuka,Intermetallics,Characteristics of Ti50Pd30Ni20 high-temperature shape memory alloy,1995.0,224.0,232.0,20.0,Ni20.0Ti50.0Pd30.0 %,50.0,30.0
D. Golberg; Y. Xu; Y. Murakami; S. Morito; K. Otsuka,Intermetallics,Characteristics of Ti50Pd30Ni20 high-temperature shape memory alloy,1995.0,238.0,247.0,20.0,Ni20.0Ti50.0Pd30.0 %,50.0,30.0
D. Golberg; Y. Xu; Y. Murakami; S. Morito; K. Otsuka,Intermetallics,Characteristics of Ti50Pd30Ni20 high-temperature shape memory alloy,1995.0,245.0,244.0,20.0,Ni20.0Ti50.0Pd30.0 %,50.0,30.0
D. Golberg; Y. Xu; Y. Murakami; S. Morito; K. Otsuka,Intermetallics,Characteristics of Ti50Pd30Ni20 high-temperature shape memory alloy,1995.0,242.0,253.0,20.0,Ni20.0Ti50.0Pd30.0 %,50.0,30.0
M. Nagasako; M. Nishida; Y. Murakami; D. Shindo,Materials Science and Engineering A,Martensitic and order–disorder transformations in Ti45Pd45Ni10 alloy,2006.0,35.0,36.0,10.0,Ni10.0Ti45.0Pd45.0 %,45.0,45.0
Q. Tian; J. Wu,Materials Science and Engineering A,Tensile behavior of Ti50.6Pd30Ni19.4 alloy under different tensile conditions,2002.0,230.0,218.0,19.4,Ni19.4Ti50.6Pd30.0 %,50.6,30.0
Q. Tian; J. Wu,Intermetallics,Characterisation of phase transformation in Ti50+xPd30Ni20-x alloys,2002.0,246.0,236.0,19.0,Ni19.0Ti51.0Pd30.0 %,51.0,30.0
Q. Tian; J. Wu,Intermetallics,Characterisation of phase transformation in Ti50+xPd30Ni20-x alloys,2002.0,231.0,219.0,19.4,Ni19.4Ti50.6Pd30.0 %,50.6,30.0
Q. Tian; J. Wu,Intermetallics,Characterisation of phase transformation in Ti50+xPd30Ni20-x alloys,2002.0,214.0,198.0,19.8,Ni19.8Ti50.2Pd30.0 %,50.2,30.0
W. Cai; S. Tanaka; K. Otsuka,Materials Science Forum,Thermal cyclic characteristics under load in a Ti50.6Pd30Ni19.4 alloy,2000.0,238.0,237.0,19.4,Ni19.4Ti50.6Pd30.0 %,50.6,30.0
W. Cai; S. Tanaka; K. Otsuka,Materials Science Forum,Thermal cyclic characteristics under load in a Ti50.6Pd30Ni19.4 alloy,2000.0,253.0,254.0,19.4,Ni19.4Ti50.6Pd30.0 %,50.6,30.0
W. Cai; S. Tanaka; K. Otsuka,Materials Science Forum,Thermal cyclic characteristics under load in a Ti50.6Pd30Ni19.4 alloy,2000.0,257.0,262.0,19.4,Ni19.4Ti50.6Pd30.0 %,50.6,30.0
W. Cai; S. Tanaka; K. Otsuka,Materials Science Forum,Thermal cyclic characteristics under load in a Ti50.6Pd30Ni19.4 alloy,2000.0,257.0,257.0,19.4,Ni19.4Ti50.6Pd30.0 %,50.6,30.0
W. Cai; S. Tanaka; K. Otsuka,Materials Science Forum,Thermal cyclic characteristics under load in a Ti50.6Pd30Ni19.4 alloy,2000.0,255.0,259.0,19.4,Ni19.4Ti50.6Pd30.0 %,50.6,30.0
W. Cai; S. Tanaka; K. Otsuka,Materials Science Forum,Thermal cyclic characteristics under load in a Ti50.6Pd30Ni19.4 alloy,2000.0,257.0,265.0,19.4,Ni19.4Ti50.6Pd30.0 %,50.6,30.0
W. Cai; S. Tanaka; K. Otsuka,Materials Science Forum,Thermal cyclic characteristics under load in a Ti50.6Pd30Ni19.4 alloy,2000.0,258.0,260.0,19.4,Ni19.4Ti50.6Pd30.0 %,50.6,30.0
P.K. Kumar; D.C. Lagoudas,Acta Materialia,Experimental and microstructural characterization of simultaneous creep; plasticity and phase transformation in Ti50Pd40Ni10 high-temperature shape memory alloy,2010.0,388.0,392.0,10.0,Ni10.0Ti50.0Pd40.0 %,50.0,40.0
P.K. Kumar; D.C. Lagoudas,Acta Materialia,Experimental and microstructural characterization of simultaneous creep; plasticity and phase transformation in Ti50Pd40Ni10 high-temperature shape memory alloy,2010.0,398.0,397.0,10.0,Ni10.0Ti50.0Pd40.0 %,50.0,40.0
P.K. Kumar; D.C. Lagoudas,Acta Materialia,Experimental and microstructural characterization of simultaneous creep; plasticity and phase transformation in Ti50Pd40Ni10 high-temperature shape memory alloy,2010.0,402.0,411.0,10.0,Ni10.0Ti50.0Pd40.0 %,50.0,40.0
P.K. Kumar; D.C. Lagoudas,Acta Materialia,Experimental and microstructural characterization of simultaneous creep; plasticity and phase transformation in Ti50Pd40Ni10 high-temperature shape memory alloy,2010.0,401.0,411.0,10.0,Ni10.0Ti50.0Pd40.0 %,50.0,40.0
P.K. Kumar; D.C. Lagoudas,Acta Materialia,Experimental and microstructural characterization of simultaneous creep; plasticity and phase transformation in Ti50Pd40Ni10 high-temperature shape memory alloy,2010.0,403.0,405.0,10.0,Ni10.0Ti50.0Pd40.0 %,50.0,40.0
P.K. Kumar; D.C. Lagoudas,Acta Materialia,Experimental and microstructural characterization of simultaneous creep; plasticity and phase transformation in Ti50Pd40Ni10 high-temperature shape memory alloy,2010.0,408.0,406.0,10.0,Ni10.0Ti50.0Pd40.0 %,50.0,40.0
P.K. Kumar; U. Desai; J.A. Monroe; D.C. Lagoudas; I. Karaman; G.S. Bigelow; R.D. Noebe,Materials Science and Engineering A,Experimental investigation of simultaneous creep; plasticity and transformation of Ti50.5Pd30Ni19.5 high temperature shape memory alloy during cyclic actuation,2011.0,234.0,235.0,19.5,Ni19.5Ti50.5Pd30.0 %,50.5,30.0
P.K. Kumar; U. Desai; J.A. Monroe; D.C. Lagoudas; I. Karaman; G.S. Bigelow; R.D. Noebe,Materials Science and Engineering A,Experimental investigation of simultaneous creep; plasticity and transformation of Ti50.5Pd30Ni19.5 high temperature shape memory alloy during cyclic actuation,2011.0,240.0,244.0,19.5,Ni19.5Ti50.5Pd30.0 %,50.5,30.0
P.K. Kumar; U. Desai; J.A. Monroe; D.C. Lagoudas; I. Karaman; G.S. Bigelow; R.D. Noebe,Materials Science and Engineering A,Experimental investigation of simultaneous creep; plasticity and transformation of Ti50.5Pd30Ni19.5 high temperature shape memory alloy during cyclic actuation,2011.0,240.0,244.0,19.5,Ni19.5Ti50.5Pd30.0 %,50.5,30.0
P.K. Kumar; U. Desai; J.A. Monroe; D.C. Lagoudas; I. Karaman; G.S. Bigelow; R.D. Noebe,Materials Science and Engineering A,Experimental investigation of simultaneous creep; plasticity and transformation of Ti50.5Pd30Ni19.5 high temperature shape memory alloy during cyclic actuation,2011.0,240.0,244.0,19.5,Ni19.5Ti50.5Pd30.0 %,50.5,30.0
P.K. Kumar; U. Desai; J.A. Monroe; D.C. Lagoudas; I. Karaman; G.S. Bigelow; R.D. Noebe,Materials Science and Engineering A,Experimental investigation of simultaneous creep; plasticity and transformation of Ti50.5Pd30Ni19.5 high temperature shape memory alloy during cyclic actuation,2011.0,244.0,250.0,19.5,Ni19.5Ti50.5Pd30.0 %,50.5,30.0
P.K. Kumar; U. Desai; J.A. Monroe; D.C. Lagoudas; I. Karaman; G.S. Bigelow; R.D. Noebe,Materials Science and Engineering A,Experimental investigation of simultaneous creep; plasticity and transformation of Ti50.5Pd30Ni19.5 high temperature shape memory alloy during cyclic actuation,2011.0,244.0,252.0,19.5,Ni19.5Ti50.5Pd30.0 %,50.5,30.0
P.K. Kumar; U. Desai; J.A. Monroe; D.C. Lagoudas; I. Karaman; G.S. Bigelow; R.D. Noebe,Materials Science and Engineering A,Experimental investigation of simultaneous creep; plasticity and transformation of Ti50.5Pd30Ni19.5 high temperature shape memory alloy during cyclic actuation,2011.0,245.0,251.0,19.5,Ni19.5Ti50.5Pd30.0 %,50.5,30.0
P.K. Kumar; U. Desai; J.A. Monroe; D.C. Lagoudas; I. Karaman; G.S. Bigelow; R.D. Noebe,Materials Science and Engineering A,Experimental investigation of simultaneous creep; plasticity and transformation of Ti50.5Pd30Ni19.5 high temperature shape memory alloy during cyclic actuation,2011.0,251.0,262.0,19.5,Ni19.5Ti50.5Pd30.0 %,50.5,30.0
P.K. Kumar; U. Desai; J.A. Monroe; D.C. Lagoudas; I. Karaman; G.S. Bigelow; R.D. Noebe,Materials Science and Engineering A,Experimental investigation of simultaneous creep; plasticity and transformation of Ti50.5Pd30Ni19.5 high temperature shape memory alloy during cyclic actuation,2011.0,260.0,261.0,19.5,Ni19.5Ti50.5Pd30.0 %,50.5,30.0
P.K. Kumar; U. Desai; J.A. Monroe; D.C. Lagoudas; I. Karaman; G.S. Bigelow; R.D. Noebe,Materials Science and Engineering A,Experimental investigation of simultaneous creep; plasticity and transformation of Ti50.5Pd30Ni19.5 high temperature shape memory alloy during cyclic actuation,2011.0,263.0,262.0,19.5,Ni19.5Ti50.5Pd30.0 %,50.5,30.0
P.K. Kumar; U. Desai; J.A. Monroe; D.C. Lagoudas; I. Karaman; G.S. Bigelow; R.D. Noebe,Materials Science and Engineering A,Experimental investigation of simultaneous creep; plasticity and transformation of Ti50.5Pd30Ni19.5 high temperature shape memory alloy during cyclic actuation,2011.0,265.0,263.0,19.5,Ni19.5Ti50.5Pd30.0 %,50.5,30.0
P.K. Kumar; U. Desai; J.A. Monroe; D.C. Lagoudas; I. Karaman; G.S. Bigelow; R.D. Noebe,Materials Science and Engineering A,Experimental investigation of simultaneous creep; plasticity and transformation of Ti50.5Pd30Ni19.5 high temperature shape memory alloy during cyclic actuation,2011.0,273.0,266.0,19.5,Ni19.5Ti50.5Pd30.0 %,50.5,30.0
P.K. Kumar; U. Desai; J.A. Monroe; D.C. Lagoudas; I. Karaman; G.S. Bigelow; R.D. Noebe,Materials Science and Engineering A,Experimental investigation of simultaneous creep; plasticity and transformation of Ti50.5Pd30Ni19.5 high temperature shape memory alloy during cyclic actuation,2011.0,271.0,268.0,19.5,Ni19.5Ti50.5Pd30.0 %,50.5,30.0
P.K. Kumar; U. Desai; J.A. Monroe; D.C. Lagoudas; I. Karaman; G.S. Bigelow; R.D. Noebe,Materials Science and Engineering A,Experimental investigation of simultaneous creep; plasticity and transformation of Ti50.5Pd30Ni19.5 high temperature shape memory alloy during cyclic actuation,2011.0,288.0,280.0,19.5,Ni19.5Ti50.5Pd30.0 %,50.5,30.0
P.K. Kumar; U. Desai; J.A. Monroe; D.C. Lagoudas; I. Karaman; G.S. Bigelow; R.D. Noebe,Materials Science and Engineering A,Experimental investigation of simultaneous creep; plasticity and transformation of Ti50.5Pd30Ni19.5 high temperature shape memory alloy during cyclic actuation,2011.0,284.0,276.0,19.5,Ni19.5Ti50.5Pd30.0 %,50.5,30.0
P.K. Kumar; U. Desai; J.A. Monroe; D.C. Lagoudas; I. Karaman; G.S. Bigelow; R.D. Noebe,Materials Science and Engineering A,Experimental investigation of simultaneous creep; plasticity and transformation of Ti50.5Pd30Ni19.5 high temperature shape memory alloy during cyclic actuation,2011.0,280.0,275.0,19.5,Ni19.5Ti50.5Pd30.0 %,50.5,30.0
P.K. Kumar; U. Desai; J.A. Monroe; D.C. Lagoudas; I. Karaman; G.S. Bigelow; R.D. Noebe,Materials Science and Engineering A,Experimental investigation of simultaneous creep; plasticity and transformation of Ti50.5Pd30Ni19.5 high temperature shape memory alloy during cyclic actuation,2011.0,282.0,259.0,19.5,Ni19.5Ti50.5Pd30.0 %,50.5,30.0
P.K. Kumar; U. Desai; J.A. Monroe; D.C. Lagoudas; I. Karaman; G.S. Bigelow; R.D. Noebe,Materials Science and Engineering A,Experimental investigation of simultaneous creep; plasticity and transformation of Ti50.5Pd30Ni19.5 high temperature shape memory alloy during cyclic actuation,2011.0,281.0,257.0,19.5,Ni19.5Ti50.5Pd30.0 %,50.5,30.0
P.K. Kumar; U. Desai; J.A. Monroe; D.C. Lagoudas; I. Karaman; G.S. Bigelow; R.D. Noebe,Materials Science and Engineering A,Experimental investigation of simultaneous creep; plasticity and transformation of Ti50.5Pd30Ni19.5 high temperature shape memory alloy during cyclic actuation,2011.0,277.0,267.0,19.5,Ni19.5Ti50.5Pd30.0 %,50.5,30.0
K.C. Atli; I. Karaman; R.D. Noebe; H.J. Maier,Scripta Metallurgica et Materialia,Comparative analysis of the effects of severe plastic deformation and thermomechanical training on the functional stability of Ti50.5Ni24.5Pd25 high-temperature shape memory alloy,2011.0,179.0,184.0,24.5,Ni24.5Ti50.5Pd25.0 %,50.5,25.0
K.C. Atli; I. Karaman; R.D. Noebe; H.J. Maier,Scripta Metallurgica et Materialia,Comparative analysis of the effects of severe plastic deformation and thermomechanical training on the functional stability of Ti50.5Ni24.5Pd25 high-temperature shape memory alloy,2011.0,190.0,185.0,24.5,Ni24.5Ti50.5Pd25.0 %,50.5,25.0
K.C. Atli; I. Karaman; R.D. Noebe; H.J. Maier,Scripta Metallurgica et Materialia,Comparative analysis of the effects of severe plastic deformation and thermomechanical training on the functional stability of Ti50.5Ni24.5Pd25 high-temperature shape memory alloy,2011.0,147.0,147.0,24.5,Ni24.5Ti50.5Pd25.0 %,50.5,25.0
K.V. Ramaiah; C.N. Saikrishna; Gouthama; S.K. Bhamik,Journal of Alloys and Compounds,Microstructure and transformation behaviour of Ni75−XTiXPd25 high temperature shape memory alloys,2013.0,192.0,192.0,24.7,Ni24.7Ti50.3Pd25.0 %,50.3,25.0
K.V. Ramaiah; C.N. Saikrishna; Gouthama; S.K. Bhamik,Journal of Alloys and Compounds,Microstructure and transformation behaviour of Ni75−XTiXPd25 high temperature shape memory alloys,2013.0,191.0,193.0,24.7,Ni24.7Ti50.3Pd25.0 %,50.3,25.0
K.V. Ramaiah; C.N. Saikrishna; Gouthama; S.K. Bhamik,Journal of Alloys and Compounds,Microstructure and transformation behaviour of Ni75−XTiXPd25 high temperature shape memory alloys,2013.0,169.0,169.0,25.0,Ni25.0Ti50.0Pd25.0 %,50.0,25.0
K.V. Ramaiah; C.N. Saikrishna; Gouthama; S.K. Bhamik,Journal of Alloys and Compounds,Microstructure and transformation behaviour of Ni75−XTiXPd25 high temperature shape memory alloys,2013.0,171.0,168.0,25.0,Ni25.0Ti50.0Pd25.0 %,50.0,25.0
K.V. Ramaiah; C.N. Saikrishna; Gouthama; S.K. Bhamik,Journal of Alloys and Compounds,Microstructure and transformation behaviour of Ni75−XTiXPd25 high temperature shape memory alloys,2013.0,117.0,122.0,25.3,Ni25.3Ti49.7Pd25.0 %,49.7,25.0
K.V. Ramaiah; C.N. Saikrishna; Gouthama; S.K. Bhamik,Journal of Alloys and Compounds,Microstructure and transformation behaviour of Ni75−XTiXPd25 high temperature shape memory alloys,2013.0,116.0,117.0,25.3,Ni25.3Ti49.7Pd25.0 %,49.7,25.0
K.V. Ramaiah; C.N. Saikrishna; J. Bhagyaraj; Gouthama; S.K. Bhamik,Intermetallics,Influence of Sc addition on microstructure and transformation behaviour of Ni24.7Ti50.3Pd25.0 high temperature shape memory alloy,2013.0,193.0,193.0,24.7,Ni24.7Ti50.3Pd25.0 %,50.3,25.0
K.V. Ramaiah; C.N. Saikrishna; J. Bhagyaraj; Gouthama; S.K. Bhamik,Intermetallics,Influence of Sc addition on microstructure and transformation behaviour of Ni24.7Ti50.3Pd25.0 high temperature shape memory alloy,2013.0,194.0,193.0,24.7,Ni24.7Ti50.3Pd25.0 %,50.3,25.0
K.C. Atli; I. Karaman; R.D. Noebe; D. Gaydosh ,Materials Science and Engineering A,The effect of training on two-way shape memory effect of binary NiTi and NiTi based ternary high temperature shape memory alloys,2013.0,357.0,349.0,28.5,Ni28.5Ti50.5Pd21.0 %,50.5,21.0
K.C. Atli; I. Karaman; R.D. Noebe; D. Gaydosh ,Materials Science and Engineering A,The effect of training on two-way shape memory effect of binary NiTi and NiTi based ternary high temperature shape memory alloys,2013.0,359.0,350.0,28.5,Ni28.5Ti50.5Pd21.0 %,50.5,21.0
K.C. Atli; I. Karaman; R.D. Noebe; D. Gaydosh ,Materials Science and Engineering A,The effect of training on two-way shape memory effect of binary NiTi and NiTi based ternary high temperature shape memory alloys,2013.0,180.0,190.0,24.5,Ni24.5Ti50.5Pd25.0 %,50.5,25.0
K.C. Atli; I. Karaman; R.D. Noebe; D. Gaydosh ,Materials Science and Engineering A,The effect of training on two-way shape memory effect of binary NiTi and NiTi based ternary high temperature shape memory alloys,2013.0,194.0,196.0,24.5,Ni24.5Ti50.5Pd25.0 %,50.5,25.0
K.C. Atli; I. Karaman; R.D. Noebe; D. Gaydosh ,Materials Science and Engineering A,The effect of training on two-way shape memory effect of binary NiTi and NiTi based ternary high temperature shape memory alloys,2013.0,191.0,193.0,24.5,Ni24.5Ti50.5Pd25.0 %,50.5,25.0
K.C. Atli; I. Karaman; R.D. Noebe; D. Gaydosh ,Materials Science and Engineering A,The effect of training on two-way shape memory effect of binary NiTi and NiTi based ternary high temperature shape memory alloys,2013.0,188.0,193.0,24.5,Ni24.5Ti50.5Pd25.0 %,50.5,25.0
K.C. Atli; I. Karaman; R.D. Noebe; D. Gaydosh ,Materials Science and Engineering A,The effect of training on two-way shape memory effect of binary NiTi and NiTi based ternary high temperature shape memory alloys,2013.0,205.0,199.0,24.5,Ni24.5Ti50.5Pd25.0 %,50.5,25.0
K.C. Atli; I. Karaman; R.D. Noebe; D. Gaydosh ,Materials Science and Engineering A,The effect of training on two-way shape memory effect of binary NiTi and NiTi based ternary high temperature shape memory alloys,2013.0,206.0,202.0,24.5,Ni24.5Ti50.5Pd25.0 %,50.5,25.0
K.V. Ramaiah; C.N. Saikrishna; Gouthama; S.K. Bhaumik,Materials and Design ,Ni24.7Ti50.3Pd25.0 high temperature shape memory alloy with narrow thermal hysteresis and high thermal stability,2014.0,192.0,192.0,24.7,Ni24.7Ti50.3Pd25.0 %,50.3,25.0
K.V. Ramaiah; C.N. Saikrishna; Gouthama; S.K. Bhaumik,Materials and Design ,Ni24.7Ti50.3Pd25.0 high temperature shape memory alloy with narrow thermal hysteresis and high thermal stability,2014.0,192.0,192.0,24.7,Ni24.7Ti50.3Pd25.0 %,50.3,25.0
K.V. Ramaiah; C.N. Saikrishna; Gouthama; S.K. Bhaumik,Materials and Design ,Ni24.7Ti50.3Pd25.0 high temperature shape memory alloy with narrow thermal hysteresis and high thermal stability,2014.0,193.0,193.0,24.7,Ni24.7Ti50.3Pd25.0 %,50.3,25.0
K.V. Ramaiah; C.N. Saikrishna; Gouthama; S.K. Bhaumik,Materials and Design ,Ni24.7Ti50.3Pd25.0 high temperature shape memory alloy with narrow thermal hysteresis and high thermal stability,2014.0,193.0,192.0,24.7,Ni24.7Ti50.3Pd25.0 %,50.3,25.0
K.V. Ramaiah; C.N. Saikrishna; Gouthama; S.K. Bhaumik,Materials and Design ,Ni24.7Ti50.3Pd25.0 high temperature shape memory alloy with narrow thermal hysteresis and high thermal stability,2014.0,193.0,193.0,24.7,Ni24.7Ti50.3Pd25.0 %,50.3,25.0
K.V. Ramaiah; C.N. Saikrishna; Gouthama; S.K. Bhaumik,Materials and Design ,Ni24.7Ti50.3Pd25.0 high temperature shape memory alloy with narrow thermal hysteresis and high thermal stability,2014.0,194.0,192.0,24.7,Ni24.7Ti50.3Pd25.0 %,50.3,25.0
K.V. Ramaiah; C.N. Saikrishna; Gouthama; S.K. Bhaumik,Materials and Design ,Ni24.7Ti50.3Pd25.0 high temperature shape memory alloy with narrow thermal hysteresis and high thermal stability,2014.0,193.0,193.0,24.7,Ni24.7Ti50.3Pd25.0 %,50.3,25.0
K.V. Ramaiah; C.N. Saikrishna; Gouthama; S.K. Bhaumik,Materials and Design ,Ni24.7Ti50.3Pd25.0 high temperature shape memory alloy with narrow thermal hysteresis and high thermal stability,2014.0,192.0,192.0,24.7,Ni24.7Ti50.3Pd25.0 %,50.3,25.0
K.V. Ramaiah; C.N. Saikrishna;  Gouthama; S.K. Bhaumik,Materials Characterization ,Microstructure and transformation behavior of NiTiPd high temperature shape-memory alloy with Sc micro-addition,2015.0,192.0,193.0,24.7,Ni24.7Ti50.3Pd25.0 %,50.3,25.0
M.I. Khan; H.Y. Kim; T. Nam; S. Miyazaki,Acta Materialia,Formation of nanoscaled precipitates and their effects on the high-temperature shape-memory characteristics of a Ti50Ni15Pd25Cu10 alloy,2012.0,140.0,122.0,25.0,Ni25.0Ti50.0Pd25.0 %,50.0,25.0
M.I. Khan; H.Y. Kim; T. Nam; S. Miyazaki,Acta Materialia,Formation of nanoscaled precipitates and their effects on the high-temperature shape-memory characteristics of a Ti50Ni15Pd25Cu10 alloy,2012.0,149.0,141.0,25.0,Ni25.0Ti50.0Pd25.0 %,50.0,25.0
M.I. Khan; H.Y. Kim; T. Nam; S. Miyazaki,Acta Materialia,Formation of nanoscaled precipitates and their effects on the high-temperature shape-memory characteristics of a Ti50Ni15Pd25Cu10 alloy,2012.0,158.0,160.0,25.0,Ni25.0Ti50.0Pd25.0 %,50.0,25.0
M.I. Khan; H.Y. Kim; T. Nam; S. Miyazaki,Acta Materialia,Formation of nanoscaled precipitates and their effects on the high-temperature shape-memory characteristics of a Ti50Ni15Pd25Cu10 alloy,2012.0,178.0,173.0,25.0,Ni25.0Ti50.0Pd25.0 %,50.0,25.0
M.I. Khan; H.Y. Kim; T. Nam; S. Miyazaki,Acta Materialia,Formation of nanoscaled precipitates and their effects on the high-temperature shape-memory characteristics of a Ti50Ni15Pd25Cu10 alloy,2012.0,175.0,179.0,25.0,Ni25.0Ti50.0Pd25.0 %,50.0,25.0
M.I. Khan; H.Y. Kim; T. Nam; S. Miyazaki,Acta Materialia,Formation of nanoscaled precipitates and their effects on the high-temperature shape-memory characteristics of a Ti50Ni15Pd25Cu10 alloy,2012.0,178.0,176.0,25.0,Ni25.0Ti50.0Pd25.0 %,50.0,25.0
M.I. Khan; H.Y. Kim; T. Nam; S. Miyazaki,Acta Materialia,Formation of nanoscaled precipitates and their effects on the high-temperature shape-memory characteristics of a Ti50Ni15Pd25Cu10 alloy,2012.0,181.0,179.0,25.0,Ni25.0Ti50.0Pd25.0 %,50.0,25.0
M.I. Khan; H.Y. Kim; T. Nam; S. Miyazaki,Acta Materialia,Formation of nanoscaled precipitates and their effects on the high-temperature shape-memory characteristics of a Ti50Ni15Pd25Cu10 alloy,2012.0,182.0,178.0,25.0,Ni25.0Ti50.0Pd25.0 %,50.0,25.0
M.I. Khan; H.Y. Kim; T. Nam; S. Miyazaki,Acta Materialia,Formation of nanoscaled precipitates and their effects on the high-temperature shape-memory characteristics of a Ti50Ni15Pd25Cu10 alloy,2012.0,176.0,204.0,25.0,Ni25.0Ti50.0Pd25.0 %,50.0,25.0
M.I. Khan; H.Y. Kim; T. Nam; S. Miyazaki,Acta Materialia,Formation of nanoscaled precipitates and their effects on the high-temperature shape-memory characteristics of a Ti50Ni15Pd25Cu10 alloy,2012.0,192.0,217.0,25.0,Ni25.0Ti50.0Pd25.0 %,50.0,25.0
M.I. Khan; H.Y. Kim; T. Nam; S. Miyazaki,Acta Materialia,Formation of nanoscaled precipitates and their effects on the high-temperature shape-memory characteristics of a Ti50Ni15Pd25Cu10 alloy,2012.0,206.0,231.0,25.0,Ni25.0Ti50.0Pd25.0 %,50.0,25.0
M.I. Khan; H.Y. Kim; T. Nam; S. Miyazaki,Acta Materialia,Formation of nanoscaled precipitates and their effects on the high-temperature shape-memory characteristics of a Ti50Ni15Pd25Cu10 alloy,2012.0,225.0,238.0,25.0,Ni25.0Ti50.0Pd25.0 %,50.0,25.0
M.I. Khan; H.Y. Kim; T. Nam; S. Miyazaki,Acta Materialia,Formation of nanoscaled precipitates and their effects on the high-temperature shape-memory characteristics of a Ti50Ni15Pd25Cu10 alloy,2012.0,244.0,231.0,25.0,Ni25.0Ti50.0Pd25.0 %,50.0,25.0
M.I. Khan; H.Y. Kim; T. Nam; S. Miyazaki,Acta Materialia,Formation of nanoscaled precipitates and their effects on the high-temperature shape-memory characteristics of a Ti50Ni15Pd25Cu10 alloy,2012.0,252.0,225.0,25.0,Ni25.0Ti50.0Pd25.0 %,50.0,25.0
M.I. Khan; H.Y. Kim; T. Nam; S. Miyazaki,Acta Materialia,Formation of nanoscaled precipitates and their effects on the high-temperature shape-memory characteristics of a Ti50Ni15Pd25Cu10 alloy,2012.0,170.0,186.0,25.0,Ni25.0Ti50.0Pd25.0 %,50.0,25.0
M.I. Khan; H.Y. Kim; T. Nam; S. Miyazaki,Acta Materialia,Formation of nanoscaled precipitates and their effects on the high-temperature shape-memory characteristics of a Ti50Ni15Pd25Cu10 alloy,2012.0,183.0,198.0,25.0,Ni25.0Ti50.0Pd25.0 %,50.0,25.0
M.I. Khan; H.Y. Kim; T. Nam; S. Miyazaki,Acta Materialia,Formation of nanoscaled precipitates and their effects on the high-temperature shape-memory characteristics of a Ti50Ni15Pd25Cu10 alloy,2012.0,203.0,211.0,25.0,Ni25.0Ti50.0Pd25.0 %,50.0,25.0
M.I. Khan; H.Y. Kim; T. Nam; S. Miyazaki,Acta Materialia,Formation of nanoscaled precipitates and their effects on the high-temperature shape-memory characteristics of a Ti50Ni15Pd25Cu10 alloy,2012.0,217.0,223.0,25.0,Ni25.0Ti50.0Pd25.0 %,50.0,25.0
M.I. Khan; H.Y. Kim; T. Nam; S. Miyazaki,Acta Materialia,Formation of nanoscaled precipitates and their effects on the high-temperature shape-memory characteristics of a Ti50Ni15Pd25Cu10 alloy,2012.0,232.0,220.0,25.0,Ni25.0Ti50.0Pd25.0 %,50.0,25.0
M.I. Khan; H.Y. Kim; T. Nam; S. Miyazaki,Acta Materialia,Formation of nanoscaled precipitates and their effects on the high-temperature shape-memory characteristics of a Ti50Ni15Pd25Cu10 alloy,2012.0,245.0,206.0,25.0,Ni25.0Ti50.0Pd25.0 %,50.0,25.0
M.I. Khan; H.Y. Kim; T. Nam; S. Miyazaki,Journal of Alloys and Compounds,Effect of Cu addition on the high temperature shape memory properties of Ti50Ni25Pd25 alloy,2013.0,241.0,217.0,25.0,Ni25.0Ti50.0Pd25.0 %,50.0,25.0
M.I. Khan; H.Y. Kim; T. Nam; S. Miyazaki,Journal of Alloys and Compounds,Effect of Cu addition on the high temperature shape memory properties of Ti50Ni25Pd25 alloy,2013.0,173.0,188.0,25.0,Ni25.0Ti50.0Pd25.0 %,50.0,25.0
M.I. Khan; H.Y. Kim; T. Nam; S. Miyazaki,Journal of Alloys and Compounds,Effect of Cu addition on the high temperature shape memory properties of Ti50Ni25Pd25 alloy,2013.0,201.0,209.0,25.0,Ni25.0Ti50.0Pd25.0 %,50.0,25.0
M.I. Khan; H.Y. Kim; T. Nam; S. Miyazaki,Journal of Alloys and Compounds,Effect of Cu addition on the high temperature shape memory properties of Ti50Ni25Pd25 alloy,2013.0,230.0,235.0,25.0,Ni25.0Ti50.0Pd25.0 %,50.0,25.0
M.I. Khan; H.Y. Kim; T. Nam; S. Miyazaki,Journal of Alloys and Compounds,Effect of Cu addition on the high temperature shape memory properties of Ti50Ni25Pd25 alloy,2013.0,239.0,235.0,25.0,Ni25.0Ti50.0Pd25.0 %,50.0,25.0
M.I. Khan; H.Y. Kim; T. Nam; S. Miyazaki,Journal of Alloys and Compounds,Effect of Cu addition on the high temperature shape memory properties of Ti50Ni25Pd25 alloy,2013.0,242.0,233.0,25.0,Ni25.0Ti50.0Pd25.0 %,50.0,25.0
M.I. Khan; H.Y. Kim; T. Nam; S. Miyazaki,Journal of Alloys and Compounds,Effect of Cu addition on the high temperature shape memory properties of Ti50Ni25Pd25 alloy,2013.0,243.0,228.0,25.0,Ni25.0Ti50.0Pd25.0 %,50.0,25.0
M.I. Khan; H.Y. Kim; T. Nam; S. Miyazaki,Journal of Alloys and Compounds,Effect of Cu addition on the high temperature shape memory properties of Ti50Ni25Pd25 alloy,2013.0,241.0,222.0,25.0,Ni25.0Ti50.0Pd25.0 %,50.0,25.0
M.I. Khan; H.Y. Kim; T. Nam; S. Miyazaki,Journal of Alloys and Compounds,Effect of Cu addition on the high temperature shape memory properties of Ti50Ni25Pd25 alloy,2013.0,245.0,244.0,25.0,Ni25.0Ti50.0Pd25.0 %,50.0,25.0
M.I. Khan; H.Y. Kim; T. Nam; S. Miyazaki,Journal of Alloys and Compounds,Effect of Cu addition on the high temperature shape memory properties of Ti50Ni25Pd25 alloy,2013.0,241.0,226.0,25.0,Ni25.0Ti50.0Pd25.0 %,50.0,25.0
K.C. Atli; I. Karaman; R.D. Noebe,Materials Science and Engineering A,Influence of tantalum additions on the microstructure and shape memory response of Ti50.5Ni24.5Pd25 high-temperature shape memory alloy,2014.0,179.0,184.0,24.5,Ni24.5Ti50.5Pd25.0 %,50.5,25.0
K.C. Atli; I. Karaman; R.D. Noebe,Materials Science and Engineering A,Influence of tantalum additions on the microstructure and shape memory response of Ti50.5Ni24.5Pd25 high-temperature shape memory alloy,2014.0,179.0,193.0,24.5,Ni24.5Ti50.5Pd25.0 %,50.5,25.0
K.C. Atli; I. Karaman; R.D. Noebe,Materials Science and Engineering A,Influence of tantalum additions on the microstructure and shape memory response of Ti50.5Ni24.5Pd25 high-temperature shape memory alloy,2014.0,182.0,197.0,24.5,Ni24.5Ti50.5Pd25.0 %,50.5,25.0
K.C. Atli; I. Karaman; R.D. Noebe,Materials Science and Engineering A,Influence of tantalum additions on the microstructure and shape memory response of Ti50.5Ni24.5Pd25 high-temperature shape memory alloy,2014.0,190.0,203.0,24.5,Ni24.5Ti50.5Pd25.0 %,50.5,25.0
K.C. Atli; I. Karaman; R.D. Noebe,Materials Science and Engineering A,Influence of tantalum additions on the microstructure and shape memory response of Ti50.5Ni24.5Pd25 high-temperature shape memory alloy,2014.0,199.0,208.0,24.5,Ni24.5Ti50.5Pd25.0 %,50.5,25.0
K.C. Atli; I. Karaman; R.D. Noebe,Materials Science and Engineering A,Influence of tantalum additions on the microstructure and shape memory response of Ti50.5Ni24.5Pd25 high-temperature shape memory alloy,2014.0,207.0,212.0,24.5,Ni24.5Ti50.5Pd25.0 %,50.5,25.0
K.C. Atli; I. Karaman; R.D. Noebe,Materials Science and Engineering A,Influence of tantalum additions on the microstructure and shape memory response of Ti50.5Ni24.5Pd25 high-temperature shape memory alloy,2014.0,215.0,219.0,24.5,Ni24.5Ti50.5Pd25.0 %,50.5,25.0
J. Frenzel; A. Wieczorek; I. Opahle; B. Maaß; R. Drautz; G. Eggeler,Acta Materialia,On the effect of alloy composition on martensite start temperatures and latent heats in Ni–Ti-based shape memory alloys,2015.0,56.0,62.0,45.0,Ni45.0Ti50.0Pd5.0 %,50.0,5.0
J. Frenzel; A. Wieczorek; I. Opahle; B. Maaß; R. Drautz; G. Eggeler,Acta Materialia,On the effect of alloy composition on martensite start temperatures and latent heats in Ni–Ti-based shape memory alloys,2015.0,50.0,58.0,43.0,Ni43.0Ti50.0Pd7.0 %,50.0,7.0
J. Frenzel; A. Wieczorek; I. Opahle; B. Maaß; R. Drautz; G. Eggeler,Acta Materialia,On the effect of alloy composition on martensite start temperatures and latent heats in Ni–Ti-based shape memory alloys,2015.0,56.0,58.0,41.0,Ni41.0Ti50.0Pd9.0 %,50.0,9.0
J. Frenzel; A. Wieczorek; I. Opahle; B. Maaß; R. Drautz; G. Eggeler,Acta Materialia,On the effect of alloy composition on martensite start temperatures and latent heats in Ni–Ti-based shape memory alloys,2015.0,63.0,62.0,39.0,Ni39.0Ti50.0Pd11.0 %,50.0,11.0
J. Frenzel; A. Wieczorek; I. Opahle; B. Maaß; R. Drautz; G. Eggeler,Acta Materialia,On the effect of alloy composition on martensite start temperatures and latent heats in Ni–Ti-based shape memory alloys,2015.0,76.0,80.0,37.0,Ni37.0Ti50.0Pd13.0 %,50.0,13.0
J. Frenzel; A. Wieczorek; I. Opahle; B. Maaß; R. Drautz; G. Eggeler,Acta Materialia,On the effect of alloy composition on martensite start temperatures and latent heats in Ni–Ti-based shape memory alloys,2015.0,92.0,94.0,35.0,Ni35.0Ti50.0Pd15.0 %,50.0,15.0
J. Frenzel; A. Wieczorek; I. Opahle; B. Maaß; R. Drautz; G. Eggeler,Acta Materialia,On the effect of alloy composition on martensite start temperatures and latent heats in Ni–Ti-based shape memory alloys,2015.0,110.0,113.0,33.0,Ni33.0Ti50.0Pd17.0 %,50.0,17.0
J. Frenzel; A. Wieczorek; I. Opahle; B. Maaß; R. Drautz; G. Eggeler,Acta Materialia,On the effect of alloy composition on martensite start temperatures and latent heats in Ni–Ti-based shape memory alloys,2015.0,152.0,154.0,29.0,Ni29.0Ti50.0Pd21.0 %,50.0,21.0
J. Frenzel; A. Wieczorek; I. Opahle; B. Maaß; R. Drautz; G. Eggeler,Acta Materialia,On the effect of alloy composition on martensite start temperatures and latent heats in Ni–Ti-based shape memory alloys,2015.0,261.0,262.0,20.0,Ni20.0Ti50.0Pd30.0 %,50.0,30.0
S. Rehman; M. Khan; A.N. Khan; S.H.I. Jaffery; L. Ali; A. Mubashar,Advances in Materials Science and Engineering,Improvement in the Mechanical Properties of High Temperature Shape Memory Alloy (Ti50Ni25Pd25) by Copper Addition,2015.0,143.0,151.0,25.0,Ni25.0Ti50.0Pd25.0 %,50.0,25.0
K.C. Atli; I. Karaman; R.D. Noebe,Scripta Metallurgica et Materialia,Work output of the two-way shape memory effect in Ti50.5Ni24.5Pd25 high-temperature shape memory alloy,2011.0,191.0,194.0,24.5,Ni24.5Ti50.5Pd25.0 %,50.5,25.0
K.C. Atli; I. Karaman; R.D. Noebe,Scripta Metallurgica et Materialia,Work output of the two-way shape memory effect in Ti50.5Ni24.5Pd25 high-temperature shape memory alloy,2011.0,208.0,196.0,24.5,Ni24.5Ti50.5Pd25.0 %,50.5,25.0
K.C. Atli; I. Karaman; R.D. Noebe,Scripta Metallurgica et Materialia,Work output of the two-way shape memory effect in Ti50.5Ni24.5Pd25 high-temperature shape memory alloy,2011.0,191.0,188.0,24.5,Ni24.5Ti50.5Pd25.0 %,50.5,25.0
K.C. Atli; I. Karaman; R.D. Noebe,Scripta Metallurgica et Materialia,Work output of the two-way shape memory effect in Ti50.5Ni24.5Pd25 high-temperature shape memory alloy,2011.0,185.0,189.0,24.5,Ni24.5Ti50.5Pd25.0 %,50.5,25.0
K.C. Atli; I. Karaman; R.D. Noebe,Scripta Metallurgica et Materialia,Work output of the two-way shape memory effect in Ti50.5Ni24.5Pd25 high-temperature shape memory alloy,2011.0,189.0,190.0,24.5,Ni24.5Ti50.5Pd25.0 %,50.5,25.0
K.C. Atli; I. Karaman; R.D. Noebe,Scripta Metallurgica et Materialia,Work output of the two-way shape memory effect in Ti50.5Ni24.5Pd25 high-temperature shape memory alloy,2011.0,192.0,191.0,24.5,Ni24.5Ti50.5Pd25.0 %,50.5,25.0
K.C. Atli; I. Karaman; R.D. Noebe,Scripta Metallurgica et Materialia,Work output of the two-way shape memory effect in Ti50.5Ni24.5Pd25 high-temperature shape memory alloy,2011.0,170.0,169.0,24.5,Ni24.5Ti50.5Pd25.0 %,50.5,25.0
K.C. Atli; I. Karaman; R.D. Noebe,Scripta Metallurgica et Materialia,Work output of the two-way shape memory effect in Ti50.5Ni24.5Pd25 high-temperature shape memory alloy,2011.0,180.0,175.0,24.5,Ni24.5Ti50.5Pd25.0 %,50.5,25.0
K.C. Atli; I. Karaman; R.D. Noebe,Scripta Metallurgica et Materialia,Work output of the two-way shape memory effect in Ti50.5Ni24.5Pd25 high-temperature shape memory alloy,2011.0,165.0,173.0,24.5,Ni24.5Ti50.5Pd25.0 %,50.5,25.0
K.C. Atli; I. Karaman; R.D. Noebe,Scripta Metallurgica et Materialia,Work output of the two-way shape memory effect in Ti50.5Ni24.5Pd25 high-temperature shape memory alloy,2011.0,159.0,171.0,24.5,Ni24.5Ti50.5Pd25.0 %,50.5,25.0
K.C. Atli; I. Karaman; R.D. Noebe,Scripta Metallurgica et Materialia,Work output of the two-way shape memory effect in Ti50.5Ni24.5Pd25 high-temperature shape memory alloy,2011.0,162.0,169.0,24.5,Ni24.5Ti50.5Pd25.0 %,50.5,25.0
K.C. Atli; I. Karaman; R.D. Noebe,Scripta Metallurgica et Materialia,Work output of the two-way shape memory effect in Ti50.5Ni24.5Pd25 high-temperature shape memory alloy,2011.0,165.0,171.0,24.5,Ni24.5Ti50.5Pd25.0 %,50.5,25.0
Y. Chemisky; G. Chatzigeorgiou; P.K. Kumar; D.C. Lagoudas  ,Mechanics of Materials,A constitutive model for cyclic actuation of high-temperature shape memory alloys,2014.0,234.0,235.0,19.5,Ni19.5Ti50.5Pd30.0 %,50.5,30.0
Y. Chemisky; G. Chatzigeorgiou; P.K. Kumar; D.C. Lagoudas  ,Mechanics of Materials,A constitutive model for cyclic actuation of high-temperature shape memory alloys,2014.0,294.0,276.0,19.5,Ni19.5Ti50.5Pd30.0 %,50.5,30.0
Y. Chemisky; G. Chatzigeorgiou; P.K. Kumar; D.C. Lagoudas  ,Mechanics of Materials,A constitutive model for cyclic actuation of high-temperature shape memory alloys,2014.0,321.0,277.0,19.5,Ni19.5Ti50.5Pd30.0 %,50.5,30.0
Y. Chemisky; G. Chatzigeorgiou; P.K. Kumar; D.C. Lagoudas  ,Mechanics of Materials,A constitutive model for cyclic actuation of high-temperature shape memory alloys,2014.0,282.0,278.0,19.5,Ni19.5Ti50.5Pd30.0 %,50.5,30.0
Y. Chemisky; G. Chatzigeorgiou; P.K. Kumar; D.C. Lagoudas  ,Mechanics of Materials,A constitutive model for cyclic actuation of high-temperature shape memory alloys,2014.0,273.0,274.0,19.5,Ni19.5Ti50.5Pd30.0 %,50.5,30.0
Y. Chemisky; G. Chatzigeorgiou; P.K. Kumar; D.C. Lagoudas  ,Mechanics of Materials,A constitutive model for cyclic actuation of high-temperature shape memory alloys,2014.0,277.0,276.0,19.5,Ni19.5Ti50.5Pd30.0 %,50.5,30.0
O. Rios,,Advanced high-temperature shape-memory alloy development and thermomechanical characterization of platinum and palladium modified NiTi based SMAs,2006.0,247.0,258.0,19.5,Ni19.5Ti50.5Pd30.0 %,50.5,30.0
O. Rios,,Advanced high-temperature shape-memory alloy development and thermomechanical characterization of platinum and palladium modified NiTi based SMAs,2006.0,266.0,263.0,19.5,Ni19.5Ti50.5Pd30.0 %,50.5,30.0
O. Rios,,Advanced high-temperature shape-memory alloy development and thermomechanical characterization of platinum and palladium modified NiTi based SMAs,2006.0,283.0,276.0,19.5,Ni19.5Ti50.5Pd30.0 %,50.5,30.0
O. Rios,,Advanced high-temperature shape-memory alloy development and thermomechanical characterization of platinum and palladium modified NiTi based SMAs,2006.0,297.0,288.0,19.5,Ni19.5Ti50.5Pd30.0 %,50.5,30.0
T.T. Sasaki; B.C. Hornbuckle; R.D. Noebe; G.S. Bigelow; M.L. Weaver; G.B. Thompson,Metallurgical and Materials Transactions A,Effect of Aging on Microstructure and Shape Memory Properties of a Ni-48Ti-25Pd (At. Pct) Alloy,2013.0,100.0,113.0,27.0,Ni27.0Ti48.0Pd25.0 %,48.0,25.0
T.T. Sasaki; B.C. Hornbuckle; R.D. Noebe; G.S. Bigelow; M.L. Weaver; G.B. Thompson,Metallurgical and Materials Transactions A,Effect of Aging on Microstructure and Shape Memory Properties of a Ni-48Ti-25Pd (At. Pct) Alloy,2013.0,88.0,97.0,27.0,Ni27.0Ti48.0Pd25.0 %,48.0,25.0
T.T. Sasaki; B.C. Hornbuckle; R.D. Noebe; G.S. Bigelow; M.L. Weaver; G.B. Thompson,Metallurgical and Materials Transactions A,Effect of Aging on Microstructure and Shape Memory Properties of a Ni-48Ti-25Pd (At. Pct) Alloy,2013.0,60.0,80.0,27.0,Ni27.0Ti48.0Pd25.0 %,48.0,25.0
T.T. Sasaki; B.C. Hornbuckle; R.D. Noebe; G.S. Bigelow; M.L. Weaver; G.B. Thompson,Metallurgical and Materials Transactions A,Effect of Aging on Microstructure and Shape Memory Properties of a Ni-48Ti-25Pd (At. Pct) Alloy,2013.0,74.0,86.0,27.0,Ni27.0Ti48.0Pd25.0 %,48.0,25.0
T.T. Sasaki; B.C. Hornbuckle; R.D. Noebe; G.S. Bigelow; M.L. Weaver; G.B. Thompson,Metallurgical and Materials Transactions A,Effect of Aging on Microstructure and Shape Memory Properties of a Ni-48Ti-25Pd (At. Pct) Alloy,2013.0,49.0,62.0,27.0,Ni27.0Ti48.0Pd25.0 %,48.0,25.0
T.T. Sasaki; B.C. Hornbuckle; R.D. Noebe; G.S. Bigelow; M.L. Weaver; G.B. Thompson,Metallurgical and Materials Transactions A,Effect of Aging on Microstructure and Shape Memory Properties of a Ni-48Ti-25Pd (At. Pct) Alloy,2013.0,50.0,71.0,27.0,Ni27.0Ti48.0Pd25.0 %,48.0,25.0
T.T. Sasaki; B.C. Hornbuckle; R.D. Noebe; G.S. Bigelow; M.L. Weaver; G.B. Thompson,Metallurgical and Materials Transactions A,Effect of Aging on Microstructure and Shape Memory Properties of a Ni-48Ti-25Pd (At. Pct) Alloy,2013.0,62.0,78.0,27.0,Ni27.0Ti48.0Pd25.0 %,48.0,25.0
T.T. Sasaki; B.C. Hornbuckle; R.D. Noebe; G.S. Bigelow; M.L. Weaver; G.B. Thompson,Metallurgical and Materials Transactions A,Effect of Aging on Microstructure and Shape Memory Properties of a Ni-48Ti-25Pd (At. Pct) Alloy,2013.0,77.0,84.0,27.0,Ni27.0Ti48.0Pd25.0 %,48.0,25.0
T.T. Sasaki; B.C. Hornbuckle; R.D. Noebe; G.S. Bigelow; M.L. Weaver; G.B. Thompson,Metallurgical and Materials Transactions A,Effect of Aging on Microstructure and Shape Memory Properties of a Ni-48Ti-25Pd (At. Pct) Alloy,2013.0,49.0,69.0,27.0,Ni27.0Ti48.0Pd25.0 %,48.0,25.0
T.T. Sasaki; B.C. Hornbuckle; R.D. Noebe; G.S. Bigelow; M.L. Weaver; G.B. Thompson,Metallurgical and Materials Transactions A,Effect of Aging on Microstructure and Shape Memory Properties of a Ni-48Ti-25Pd (At. Pct) Alloy,2013.0,45.0,63.0,27.0,Ni27.0Ti48.0Pd25.0 %,48.0,25.0
J. Wu; Q. Tian,Intermetallics,The superelasticity of TiPdNi high temperature shape memory alloy,2003.0,252.0,219.0,19.0,Ni19.0Ti51.0Pd30.0 %,51.0,30.0
J. Wu; Q. Tian,Intermetallics,The superelasticity of TiPdNi high temperature shape memory alloy,2003.0,265.0,223.0,19.0,Ni19.0Ti51.0Pd30.0 %,51.0,30.0
J. Wu; Q. Tian,Intermetallics,The superelasticity of TiPdNi high temperature shape memory alloy,2003.0,262.0,227.0,19.0,Ni19.0Ti51.0Pd30.0 %,51.0,30.0
J. Wu; Q. Tian,Intermetallics,The superelasticity of TiPdNi high temperature shape memory alloy,2003.0,255.0,215.0,19.0,Ni19.0Ti51.0Pd30.0 %,51.0,30.0
J. Wu; Q. Tian,Intermetallics,The superelasticity of TiPdNi high temperature shape memory alloy,2003.0,252.0,212.0,19.0,Ni19.0Ti51.0Pd30.0 %,51.0,30.0
J. Wu; Q. Tian,Intermetallics,The superelasticity of TiPdNi high temperature shape memory alloy,2003.0,202.0,195.0,19.0,Ni19.0Ti51.0Pd30.0 %,51.0,30.0
J. Wu; Q. Tian,Intermetallics,The superelasticity of TiPdNi high temperature shape memory alloy,2003.0,211.0,192.0,19.0,Ni19.0Ti51.0Pd30.0 %,51.0,30.0
J. Wu; Q. Tian,Intermetallics,The superelasticity of TiPdNi high temperature shape memory alloy,2003.0,215.0,198.0,19.0,Ni19.0Ti51.0Pd30.0 %,51.0,30.0
C. Zhang; C. Yang; D. Ding; S. Qian; J. Wu,Materials Characterization,Characteristics of Ti–Ni–Pd shape memory alloy thin films,2005.0,96.0,98.0,26.4,Ni26.4Ti51.8Pd21.8 %,51.8,21.8
S. Gong; S. Hu; H. Xu,Materials Science Forum,Recrystallization of Ti51Ni13Pd36 high temperature shape memory alloys,2000.0,329.0,348.0,13.0,Ni13.0Ti51.0Pd36.0 %,51.0,36.0
P.G. Lindquist,PhD Thesis,Structure and transformation behavior of martensitic Ti - (Ni;Pd) and Ti - (Ni;Pt) alloys,1988.0,26.0,45.0,45.0,Ni45.0Ti50.0Pd5.0 %,50.0,5.0
P.G. Lindquist,PhD Thesis,Structure and transformation behavior of martensitic Ti - (Ni;Pd) and Ti - (Ni;Pt) alloys,1988.0,-18.0,-26.0,40.0,Ni40.0Ti50.0Pd10.0 %,50.0,10.0
P.G. Lindquist,PhD Thesis,Structure and transformation behavior of martensitic Ti - (Ni;Pd) and Ti - (Ni;Pt) alloys,1988.0,95.0,90.0,30.0,Ni30.0Ti50.0Pd20.0 %,50.0,20.0
P.G. Lindquist,PhD Thesis,Structure and transformation behavior of martensitic Ti - (Ni;Pd) and Ti - (Ni;Pt) alloys,1988.0,241.0,230.0,20.0,Ni20.0Ti50.0Pd30.0 %,50.0,30.0
P.G. Lindquist,PhD Thesis,Structure and transformation behavior of martensitic Ti - (Ni;Pd) and Ti - (Ni;Pt) alloys,1988.0,403.0,419.0,10.0,Ni10.0Ti50.0Pd40.0 %,50.0,40.0
P.G. Lindquist,PhD Thesis,Structure and transformation behavior of martensitic Ti - (Ni;Pd) and Ti - (Ni;Pt) alloys,1988.0,486.0,503.0,5.0,Ni5.0Ti50.0Pd45.0 %,50.0,45.0
J.A. Monroe; I. Karaman; D.C. Lagoudas; G.S. Bigelow; R.D. Noebe; S.A. Padula II,Scripta Metallurgica et Materialia,Determining recoverable and irrecoverable contributions to accumulated strain in a NiTiPd high-temperature shape memory alloy during thermomechanical cycling,2011.0,269.0,284.0,19.5,Ni19.5Ti50.5Pd30.0 %,50.5,30.0
J.A. Monroe; I. Karaman; D.C. Lagoudas; G.S. Bigelow; R.D. Noebe; S.A. Padula II,Scripta Metallurgica et Materialia,Determining recoverable and irrecoverable contributions to accumulated strain in a NiTiPd high-temperature shape memory alloy during thermomechanical cycling,2011.0,277.0,275.0,19.5,Ni19.5Ti50.5Pd30.0 %,50.5,30.0
J.A. Monroe; I. Karaman; D.C. Lagoudas; G.S. Bigelow; R.D. Noebe; S.A. Padula II,Scripta Metallurgica et Materialia,Determining recoverable and irrecoverable contributions to accumulated strain in a NiTiPd high-temperature shape memory alloy during thermomechanical cycling,2011.0,277.0,281.0,19.5,Ni19.5Ti50.5Pd30.0 %,50.5,30.0
J.A. Monroe; I. Karaman; D.C. Lagoudas; G.S. Bigelow; R.D. Noebe; S.A. Padula II,Scripta Metallurgica et Materialia,Determining recoverable and irrecoverable contributions to accumulated strain in a NiTiPd high-temperature shape memory alloy during thermomechanical cycling,2011.0,277.0,277.0,19.5,Ni19.5Ti50.5Pd30.0 %,50.5,30.0
P. Li; H. E. Karaca and Y.-T. Cheng,Journal of Alloys and Compounds,Spherical indentation of NiTi-based shape memory alloys,2015.0,78.0,85.0,50.1,Ni50.1Ti49.9Pd0.0 %,49.9,0.0
P. Li; H. E. Karaca and Y.-T. Cheng,Journal of Alloys and Compounds,Spherical indentation of NiTi-based shape memory alloys,2015.0,-15.0,-4.0,50.8,Ni50.8Ti49.2Pd0.0 %,49.2,0.0
T. Sawaguchi; M. Sato; A. Ishida,Journal de Physique,Ti-Pd-Ni high temperature shape memory thin films formed with carousel type magnetron sputtering apparatus,2001.0,188.0,193.0,21.8,Ni21.8Ti51.2Pd27.0 %,51.2,27.0
T. Sawaguchi; M. Sato; A. Ishida,Journal de Physique,Ti-Pd-Ni high temperature shape memory thin films formed with carousel type magnetron sputtering apparatus,2001.0,200.0,201.0,21.8,Ni21.8Ti51.2Pd27.0 %,51.2,27.0
T. Sawaguchi; M. Sato; A. Ishida,Journal de Physique,Ti-Pd-Ni high temperature shape memory thin films formed with carousel type magnetron sputtering apparatus,2001.0,191.0,198.0,21.8,Ni21.8Ti51.2Pd27.0 %,51.2,27.0
T. Sawaguchi; M. Sato; A. Ishida,Journal de Physique,Ti-Pd-Ni high temperature shape memory thin films formed with carousel type magnetron sputtering apparatus,2001.0,209.0,226.0,22.0,Ni22.0Ti49.5Pd28.5 %,49.5,28.5
T. Sawaguchi; M. Sato; A. Ishida,Journal de Physique,Ti-Pd-Ni high temperature shape memory thin films formed with carousel type magnetron sputtering apparatus,2001.0,214.0,231.0,22.0,Ni22.0Ti49.5Pd28.5 %,49.5,28.5
T. Sawaguchi; M. Sato; A. Ishida,Journal de Physique,Ti-Pd-Ni high temperature shape memory thin films formed with carousel type magnetron sputtering apparatus,2001.0,229.0,240.0,22.0,Ni22.0Ti49.5Pd28.5 %,49.5,28.5
T. Sawaguchi; M. Sato; A. Ishida,Journal de Physique,Ti-Pd-Ni high temperature shape memory thin films formed with carousel type magnetron sputtering apparatus,2001.0,70.0,88.0,22.3,Ni22.3Ti47.9Pd29.8 %,47.9,29.8
T. Sawaguchi; M. Sato; A. Ishida,Journal de Physique,Ti-Pd-Ni high temperature shape memory thin films formed with carousel type magnetron sputtering apparatus,2001.0,71.0,89.0,22.3,Ni22.3Ti47.9Pd29.8 %,47.9,29.8
T. Sawaguchi; M. Sato; A. Ishida,Journal de Physique,Ti-Pd-Ni high temperature shape memory thin films formed with carousel type magnetron sputtering apparatus,2001.0,90.0,99.0,22.3,Ni22.3Ti47.9Pd29.8 %,47.9,29.8
T. Sawaguchi; M. Sato; A. Ishida,Materials Science and Engineering: A,Microstructure and shape memory behavior of Ti51.2(Pd27.0Ni21.8) and Ti49.5(Pd28.5Ni22.0) thin films,2002.0,178.0,151.0,21.8,Ni21.8Ti51.2Pd27.0 %,51.2,27.0
T. Sawaguchi; M. Sato; A. Ishida,Materials Science and Engineering: A,Microstructure and shape memory behavior of Ti51.2(Pd27.0Ni21.8) and Ti49.5(Pd28.5Ni22.0) thin films,2002.0,169.0,141.0,21.8,Ni21.8Ti51.2Pd27.0 %,51.2,27.0
T. Sawaguchi; M. Sato; A. Ishida,Materials Science and Engineering: A,Microstructure and shape memory behavior of Ti51.2(Pd27.0Ni21.8) and Ti49.5(Pd28.5Ni22.0) thin films,2002.0,150.0,139.0,21.8,Ni21.8Ti51.2Pd27.0 %,51.2,27.0
T. Sawaguchi; M. Sato; A. Ishida,Materials Science and Engineering: A,Microstructure and shape memory behavior of Ti51.2(Pd27.0Ni21.8) and Ti49.5(Pd28.5Ni22.0) thin films,2002.0,189.0,159.0,21.8,Ni21.8Ti51.2Pd27.0 %,51.2,27.0
T. Sawaguchi; M. Sato; A. Ishida,Materials Science and Engineering: A,Microstructure and shape memory behavior of Ti51.2(Pd27.0Ni21.8) and Ti49.5(Pd28.5Ni22.0) thin films,2002.0,205.0,164.0,21.8,Ni21.8Ti51.2Pd27.0 %,51.2,27.0
T. Sawaguchi; M. Sato; A. Ishida,Materials Science and Engineering: A,Microstructure and shape memory behavior of Ti51.2(Pd27.0Ni21.8) and Ti49.5(Pd28.5Ni22.0) thin films,2002.0,176.0,186.0,21.8,Ni21.8Ti51.2Pd27.0 %,51.2,27.0
T. Sawaguchi; M. Sato; A. Ishida,Materials Science and Engineering: A,Microstructure and shape memory behavior of Ti51.2(Pd27.0Ni21.8) and Ti49.5(Pd28.5Ni22.0) thin films,2002.0,188.0,188.0,21.8,Ni21.8Ti51.2Pd27.0 %,51.2,27.0
T. Sawaguchi; M. Sato; A. Ishida,Materials Science and Engineering: A,Microstructure and shape memory behavior of Ti51.2(Pd27.0Ni21.8) and Ti49.5(Pd28.5Ni22.0) thin films,2002.0,197.0,192.0,21.8,Ni21.8Ti51.2Pd27.0 %,51.2,27.0
T. Sawaguchi; M. Sato; A. Ishida,Materials Science and Engineering: A,Microstructure and shape memory behavior of Ti51.2(Pd27.0Ni21.8) and Ti49.5(Pd28.5Ni22.0) thin films,2002.0,210.0,193.0,21.8,Ni21.8Ti51.2Pd27.0 %,51.2,27.0
T. Sawaguchi; M. Sato; A. Ishida,Materials Science and Engineering: A,Microstructure and shape memory behavior of Ti51.2(Pd27.0Ni21.8) and Ti49.5(Pd28.5Ni22.0) thin films,2002.0,225.0,200.0,21.8,Ni21.8Ti51.2Pd27.0 %,51.2,27.0
T. Sawaguchi; M. Sato; A. Ishida,Materials Science and Engineering: A,Microstructure and shape memory behavior of Ti51.2(Pd27.0Ni21.8) and Ti49.5(Pd28.5Ni22.0) thin films,2002.0,190.0,199.0,21.8,Ni21.8Ti51.2Pd27.0 %,51.2,27.0
T. Sawaguchi; M. Sato; A. Ishida,Materials Science and Engineering: A,Microstructure and shape memory behavior of Ti51.2(Pd27.0Ni21.8) and Ti49.5(Pd28.5Ni22.0) thin films,2002.0,203.0,205.0,21.8,Ni21.8Ti51.2Pd27.0 %,51.2,27.0
T. Sawaguchi; M. Sato; A. Ishida,Materials Science and Engineering: A,Microstructure and shape memory behavior of Ti51.2(Pd27.0Ni21.8) and Ti49.5(Pd28.5Ni22.0) thin films,2002.0,216.0,211.0,21.8,Ni21.8Ti51.2Pd27.0 %,51.2,27.0
T. Sawaguchi; M. Sato; A. Ishida,Materials Science and Engineering: A,Microstructure and shape memory behavior of Ti51.2(Pd27.0Ni21.8) and Ti49.5(Pd28.5Ni22.0) thin films,2002.0,229.0,217.0,21.8,Ni21.8Ti51.2Pd27.0 %,51.2,27.0
T. Sawaguchi; M. Sato; A. Ishida,Materials Science and Engineering: A,Microstructure and shape memory behavior of Ti51.2(Pd27.0Ni21.8) and Ti49.5(Pd28.5Ni22.0) thin films,2002.0,246.0,228.0,21.8,Ni21.8Ti51.2Pd27.0 %,51.2,27.0
T. Sawaguchi; M. Sato; A. Ishida,Materials Science and Engineering: A,Microstructure and shape memory behavior of Ti51.2(Pd27.0Ni21.8) and Ti49.5(Pd28.5Ni22.0) thin films,2002.0,213.0,230.0,22.0,Ni22.0Ti49.5Pd28.5 %,49.5,28.5
T. Sawaguchi; M. Sato; A. Ishida,Materials Science and Engineering: A,Microstructure and shape memory behavior of Ti51.2(Pd27.0Ni21.8) and Ti49.5(Pd28.5Ni22.0) thin films,2002.0,228.0,239.0,22.0,Ni22.0Ti49.5Pd28.5 %,49.5,28.5
T. Sawaguchi; M. Sato; A. Ishida,Materials Science and Engineering: A,Microstructure and shape memory behavior of Ti51.2(Pd27.0Ni21.8) and Ti49.5(Pd28.5Ni22.0) thin films,2002.0,238.0,243.0,22.0,Ni22.0Ti49.5Pd28.5 %,49.5,28.5
T. Sawaguchi; M. Sato; A. Ishida,Materials Science and Engineering: A,Microstructure and shape memory behavior of Ti51.2(Pd27.0Ni21.8) and Ti49.5(Pd28.5Ni22.0) thin films,2002.0,250.0,247.0,22.0,Ni22.0Ti49.5Pd28.5 %,49.5,28.5
T. Sawaguchi; M. Sato; A. Ishida,Materials Science and Engineering: A,Microstructure and shape memory behavior of Ti51.2(Pd27.0Ni21.8) and Ti49.5(Pd28.5Ni22.0) thin films,2002.0,262.0,261.0,22.0,Ni22.0Ti49.5Pd28.5 %,49.5,28.5
M. Kohl; D. Dittmann; E. Quandt; B. Winzek,Sensors and Actuators,Thin film shape memory microvalves with adjustable operation temperature,2000.0,81.0,79.0,20.0,Ni20.0Ti52.0Pd28.0 %,52.0,28.0
S. Miyazaki; A. Ishida  ,Materials Science and Engineering: A,Martensitic transformation and shape memory behavior in sputter-deposited TiNi-base thin films,1999.0,104.0,110.0,26.4,Ni26.4Ti51.8Pd21.8 %,51.8,21.8
S. Miyazaki; A. Ishida  ,Materials Science and Engineering: A,Martensitic transformation and shape memory behavior in sputter-deposited TiNi-base thin films,1999.0,111.0,122.0,26.4,Ni26.4Ti51.8Pd21.8 %,51.8,21.8
S. Miyazaki; A. Ishida  ,Materials Science and Engineering: A,Martensitic transformation and shape memory behavior in sputter-deposited TiNi-base thin films,1999.0,106.0,114.0,26.4,Ni26.4Ti51.8Pd21.8 %,51.8,21.8
S. Miyazaki; A. Ishida  ,Materials Science and Engineering: A,Martensitic transformation and shape memory behavior in sputter-deposited TiNi-base thin films,1999.0,102.0,110.0,26.4,Ni26.4Ti51.8Pd21.8 %,51.8,21.8
S. Miyazaki; A. Ishida  ,Materials Science and Engineering: A,Martensitic transformation and shape memory behavior in sputter-deposited TiNi-base thin films,1999.0,91.0,113.0,26.4,Ni26.4Ti51.8Pd21.8 %,51.8,21.8
B. Kockar,Doctoral Thesis,Shape memory behaviors of ultrafine grained nickel-titanium and titanium-nickel-palladium shape memory alloys,2007.0,89.0,83.0,33.7,Ni33.7Ti50.3Pd16.0 %,50.3,16.0
B. Kockar,Doctoral Thesis,Shape memory behaviors of ultrafine grained nickel-titanium and titanium-nickel-palladium shape memory alloys,2007.0,77.0,73.0,33.7,Ni33.7Ti50.3Pd16.0 %,50.3,16.0
B. Kockar,Doctoral Thesis,Shape memory behaviors of ultrafine grained nickel-titanium and titanium-nickel-palladium shape memory alloys,2007.0,78.0,73.0,33.7,Ni33.7Ti50.3Pd16.0 %,50.3,16.0
B. Kockar,Doctoral Thesis,Shape memory behaviors of ultrafine grained nickel-titanium and titanium-nickel-palladium shape memory alloys,2007.0,98.0,78.0,33.7,Ni33.7Ti50.3Pd16.0 %,50.3,16.0
B. Kockar,Doctoral Thesis,Shape memory behaviors of ultrafine grained nickel-titanium and titanium-nickel-palladium shape memory alloys,2007.0,107.0,82.0,33.7,Ni33.7Ti50.3Pd16.0 %,50.3,16.0
B. Kockar,Doctoral Thesis,Shape memory behaviors of ultrafine grained nickel-titanium and titanium-nickel-palladium shape memory alloys,2007.0,112.0,88.0,33.7,Ni33.7Ti50.3Pd16.0 %,50.3,16.0
B. Kockar,Doctoral Thesis,Shape memory behaviors of ultrafine grained nickel-titanium and titanium-nickel-palladium shape memory alloys,2007.0,117.0,91.0,33.7,Ni33.7Ti50.3Pd16.0 %,50.3,16.0
B. Kockar,Doctoral Thesis,Shape memory behaviors of ultrafine grained nickel-titanium and titanium-nickel-palladium shape memory alloys,2007.0,123.0,99.0,33.7,Ni33.7Ti50.3Pd16.0 %,50.3,16.0
B. Kockar,Doctoral Thesis,Shape memory behaviors of ultrafine grained nickel-titanium and titanium-nickel-palladium shape memory alloys,2007.0,86.0,74.0,33.7,Ni33.7Ti50.3Pd16.0 %,50.3,16.0
B. Kockar,Doctoral Thesis,Shape memory behaviors of ultrafine grained nickel-titanium and titanium-nickel-palladium shape memory alloys,2007.0,92.0,77.0,33.7,Ni33.7Ti50.3Pd16.0 %,50.3,16.0
B. Kockar,Doctoral Thesis,Shape memory behaviors of ultrafine grained nickel-titanium and titanium-nickel-palladium shape memory alloys,2007.0,104.0,88.0,33.7,Ni33.7Ti50.3Pd16.0 %,50.3,16.0
B. Kockar,Doctoral Thesis,Shape memory behaviors of ultrafine grained nickel-titanium and titanium-nickel-palladium shape memory alloys,2007.0,98.0,82.0,33.7,Ni33.7Ti50.3Pd16.0 %,50.3,16.0
B. Kockar,Doctoral Thesis,Shape memory behaviors of ultrafine grained nickel-titanium and titanium-nickel-palladium shape memory alloys,2007.0,120.0,94.0,33.7,Ni33.7Ti50.3Pd16.0 %,50.3,16.0
B. Kockar,Doctoral Thesis,Shape memory behaviors of ultrafine grained nickel-titanium and titanium-nickel-palladium shape memory alloys,2007.0,132.0,105.0,33.7,Ni33.7Ti50.3Pd16.0 %,50.3,16.0
B. Kockar,Doctoral Thesis,Shape memory behaviors of ultrafine grained nickel-titanium and titanium-nickel-palladium shape memory alloys,2007.0,83.0,86.0,33.7,Ni33.7Ti50.3Pd16.0 %,50.3,16.0
B. Kockar,Doctoral Thesis,Shape memory behaviors of ultrafine grained nickel-titanium and titanium-nickel-palladium shape memory alloys,2007.0,77.0,79.0,33.7,Ni33.7Ti50.3Pd16.0 %,50.3,16.0
B. Kockar,Doctoral Thesis,Shape memory behaviors of ultrafine grained nickel-titanium and titanium-nickel-palladium shape memory alloys,2007.0,88.0,92.0,33.7,Ni33.7Ti50.3Pd16.0 %,50.3,16.0
B. Kockar,Doctoral Thesis,Shape memory behaviors of ultrafine grained nickel-titanium and titanium-nickel-palladium shape memory alloys,2007.0,94.0,95.0,33.7,Ni33.7Ti50.3Pd16.0 %,50.3,16.0
B. Kockar,Doctoral Thesis,Shape memory behaviors of ultrafine grained nickel-titanium and titanium-nickel-palladium shape memory alloys,2007.0,101.0,100.0,33.7,Ni33.7Ti50.3Pd16.0 %,50.3,16.0
B. Kockar,Doctoral Thesis,Shape memory behaviors of ultrafine grained nickel-titanium and titanium-nickel-palladium shape memory alloys,2007.0,107.0,104.0,33.7,Ni33.7Ti50.3Pd16.0 %,50.3,16.0
B. Kockar,Doctoral Thesis,Shape memory behaviors of ultrafine grained nickel-titanium and titanium-nickel-palladium shape memory alloys,2007.0,113.0,108.0,33.7,Ni33.7Ti50.3Pd16.0 %,50.3,16.0
B. Kockar,Doctoral Thesis,Shape memory behaviors of ultrafine grained nickel-titanium and titanium-nickel-palladium shape memory alloys,2007.0,135.0,129.0,30.0,Ni30.0Ti50.0Pd20.0 %,50.0,20.0
B. Kockar,Doctoral Thesis,Shape memory behaviors of ultrafine grained nickel-titanium and titanium-nickel-palladium shape memory alloys,2007.0,117.0,108.0,30.0,Ni30.0Ti50.0Pd20.0 %,50.0,20.0
B. Kockar,Doctoral Thesis,Shape memory behaviors of ultrafine grained nickel-titanium and titanium-nickel-palladium shape memory alloys,2007.0,109.0,102.0,30.0,Ni30.0Ti50.0Pd20.0 %,50.0,20.0
B. Kockar,Doctoral Thesis,Shape memory behaviors of ultrafine grained nickel-titanium and titanium-nickel-palladium shape memory alloys,2007.0,129.0,115.0,30.0,Ni30.0Ti50.0Pd20.0 %,50.0,20.0
B. Kockar,Doctoral Thesis,Shape memory behaviors of ultrafine grained nickel-titanium and titanium-nickel-palladium shape memory alloys,2007.0,135.0,136.0,30.0,Ni30.0Ti50.0Pd20.0 %,50.0,20.0
B. Kockar,Doctoral Thesis,Shape memory behaviors of ultrafine grained nickel-titanium and titanium-nickel-palladium shape memory alloys,2007.0,137.0,138.0,30.0,Ni30.0Ti50.0Pd20.0 %,50.0,20.0
B. Kockar,Doctoral Thesis,Shape memory behaviors of ultrafine grained nickel-titanium and titanium-nickel-palladium shape memory alloys,2007.0,137.0,142.0,30.0,Ni30.0Ti50.0Pd20.0 %,50.0,20.0
B. Kockar,Doctoral Thesis,Shape memory behaviors of ultrafine grained nickel-titanium and titanium-nickel-palladium shape memory alloys,2007.0,146.0,147.0,30.0,Ni30.0Ti50.0Pd20.0 %,50.0,20.0
B. Kockar,Doctoral Thesis,Shape memory behaviors of ultrafine grained nickel-titanium and titanium-nickel-palladium shape memory alloys,2007.0,115.0,116.0,30.0,Ni30.0Ti50.0Pd20.0 %,50.0,20.0
B. Kockar,Doctoral Thesis,Shape memory behaviors of ultrafine grained nickel-titanium and titanium-nickel-palladium shape memory alloys,2007.0,119.0,120.0,30.0,Ni30.0Ti50.0Pd20.0 %,50.0,20.0
B. Kockar,Doctoral Thesis,Shape memory behaviors of ultrafine grained nickel-titanium and titanium-nickel-palladium shape memory alloys,2007.0,123.0,122.0,30.0,Ni30.0Ti50.0Pd20.0 %,50.0,20.0
B. Kockar,Doctoral Thesis,Shape memory behaviors of ultrafine grained nickel-titanium and titanium-nickel-palladium shape memory alloys,2007.0,128.0,126.0,30.0,Ni30.0Ti50.0Pd20.0 %,50.0,20.0
B. Kockar,Doctoral Thesis,Shape memory behaviors of ultrafine grained nickel-titanium and titanium-nickel-palladium shape memory alloys,2007.0,134.0,129.0,30.0,Ni30.0Ti50.0Pd20.0 %,50.0,20.0
B. Kockar,Doctoral Thesis,Shape memory behaviors of ultrafine grained nickel-titanium and titanium-nickel-palladium shape memory alloys,2007.0,140.0,133.0,30.0,Ni30.0Ti50.0Pd20.0 %,50.0,20.0
B. Kockar,Doctoral Thesis,Shape memory behaviors of ultrafine grained nickel-titanium and titanium-nickel-palladium shape memory alloys,2007.0,103.0,110.0,30.0,Ni30.0Ti50.0Pd20.0 %,50.0,20.0
B. Kockar,Doctoral Thesis,Shape memory behaviors of ultrafine grained nickel-titanium and titanium-nickel-palladium shape memory alloys,2007.0,108.0,115.0,30.0,Ni30.0Ti50.0Pd20.0 %,50.0,20.0
B. Kockar,Doctoral Thesis,Shape memory behaviors of ultrafine grained nickel-titanium and titanium-nickel-palladium shape memory alloys,2007.0,113.0,118.0,30.0,Ni30.0Ti50.0Pd20.0 %,50.0,20.0
B. Kockar,Doctoral Thesis,Shape memory behaviors of ultrafine grained nickel-titanium and titanium-nickel-palladium shape memory alloys,2007.0,120.0,124.0,30.0,Ni30.0Ti50.0Pd20.0 %,50.0,20.0
B. Kockar,Doctoral Thesis,Shape memory behaviors of ultrafine grained nickel-titanium and titanium-nickel-palladium shape memory alloys,2007.0,128.0,128.0,30.0,Ni30.0Ti50.0Pd20.0 %,50.0,20.0
B. Kockar,Doctoral Thesis,Shape memory behaviors of ultrafine grained nickel-titanium and titanium-nickel-palladium shape memory alloys,2007.0,135.0,132.0,30.0,Ni30.0Ti50.0Pd20.0 %,50.0,20.0
B. Kockar,Doctoral Thesis,Shape memory behaviors of ultrafine grained nickel-titanium and titanium-nickel-palladium shape memory alloys,2007.0,142.0,133.0,30.0,Ni30.0Ti50.0Pd20.0 %,50.0,20.0
B. Kockar,Doctoral Thesis,Shape memory behaviors of ultrafine grained nickel-titanium and titanium-nickel-palladium shape memory alloys,2007.0,126.0,125.0,30.0,Ni30.0Ti50.0Pd20.0 %,50.0,20.0
B. Kockar,Doctoral Thesis,Shape memory behaviors of ultrafine grained nickel-titanium and titanium-nickel-palladium shape memory alloys,2007.0,127.0,132.0,30.0,Ni30.0Ti50.0Pd20.0 %,50.0,20.0
B. Kockar,Doctoral Thesis,Shape memory behaviors of ultrafine grained nickel-titanium and titanium-nickel-palladium shape memory alloys,2007.0,135.0,138.0,30.0,Ni30.0Ti50.0Pd20.0 %,50.0,20.0
B. Kockar,Doctoral Thesis,Shape memory behaviors of ultrafine grained nickel-titanium and titanium-nickel-palladium shape memory alloys,2007.0,141.0,144.0,30.0,Ni30.0Ti50.0Pd20.0 %,50.0,20.0
B. Kockar,Doctoral Thesis,Shape memory behaviors of ultrafine grained nickel-titanium and titanium-nickel-palladium shape memory alloys,2007.0,151.0,151.0,30.0,Ni30.0Ti50.0Pd20.0 %,50.0,20.0
M. I. Khan; H. Y. Kim; Y. Namigata; T.-h. Nam and S. Miyazaki,Acta Materialia,Combined effects of work hardening and precipitation strengthening on the cyclic stability of TiNiPdCu-based high-temperature shape memory alloys,2013.0,159.0,163.0,25.0,Ni25.0Ti50.0Pd25.0 %,50.0,25.0
M. I. Khan; H. Y. Kim; Y. Namigata; T.-h. Nam and S. Miyazaki,Acta Materialia,Combined effects of work hardening and precipitation strengthening on the cyclic stability of TiNiPdCu-based high-temperature shape memory alloys,2013.0,172.0,153.0,25.0,Ni25.0Ti50.0Pd25.0 %,50.0,25.0
M. I. Khan; H. Y. Kim; Y. Namigata; T.-h. Nam and S. Miyazaki,Acta Materialia,Combined effects of work hardening and precipitation strengthening on the cyclic stability of TiNiPdCu-based high-temperature shape memory alloys,2013.0,167.0,169.0,25.0,Ni25.0Ti50.0Pd25.0 %,50.0,25.0
M. I. Khan; H. Y. Kim; Y. Namigata; T.-h. Nam and S. Miyazaki,Acta Materialia,Combined effects of work hardening and precipitation strengthening on the cyclic stability of TiNiPdCu-based high-temperature shape memory alloys,2013.0,158.0,157.0,25.0,Ni25.0Ti50.0Pd25.0 %,50.0,25.0
B. Winzek and E. Quandt,Zeitschrift für Metallkunde,Shape-memory Ti-Ni-X-films (X = Cu;Pd) under constraint,1999.0,63.0,37.0,39.2,Ni39.2Ti51.2Pd9.6 %,51.2,9.6
M. I. Khan; H. Y. Kim; Y. Namigata; T.-h. Nam and S. Miyazaki,Acta Materialia,Combined effects of work hardening and precipitation strengthening on the cyclic stability of TiNiPdCu-based high-temperature shape memory alloys,2013.0,159.0,163.0,25.0,Ni25.0Ti50.0Pd25.0 %,50.0,25.0
M. I. Khan; H. Y. Kim; Y. Namigata; T.-h. Nam and S. Miyazaki,Acta Materialia,Combined effects of work hardening and precipitation strengthening on the cyclic stability of TiNiPdCu-based high-temperature shape memory alloys,2013.0,172.0,153.0,25.0,Ni25.0Ti50.0Pd25.0 %,50.0,25.0
M. I. Khan; H. Y. Kim; Y. Namigata; T.-h. Nam and S. Miyazaki,Acta Materialia,Combined effects of work hardening and precipitation strengthening on the cyclic stability of TiNiPdCu-based high-temperature shape memory alloys,2013.0,167.0,169.0,25.0,Ni25.0Ti50.0Pd25.0 %,50.0,25.0
M. I. Khan; H. Y. Kim; Y. Namigata; T.-h. Nam and S. Miyazaki,Acta Materialia,Combined effects of work hardening and precipitation strengthening on the cyclic stability of TiNiPdCu-based high-temperature shape memory alloys,2013.0,158.0,157.0,25.0,Ni25.0Ti50.0Pd25.0 %,50.0,25.0
