Authors,Source,Title,Year,Martensite Start Temperature - MS - (°C),Austenite Start Temperature - AS - (°C),Ni (at.%),composition,Ti (at.%),Nb (at.%)
T. Duerig and K. Melton,European Symposium on Martensitic Transformations,Wide hysteresis NiTiNb alloys,1989.0,-90.0,-85.0,47.0,Ni47.0Ti44.0Nb9.0 %,44.0,9.0
C. Zhang; L. Zhao; T. Duerig and C. Wayman,Scripta Metallurgica et Materialia,Effects of Deformation on the Transformation Hysteresis and Shape Memory Effect in a NiTiNb Alloy,1990.0,-85.0,-65.0,47.0,Ni47.0Ti44.0Nb9.0 %,44.0,9.0
L. Zhao; T. Duerig; S. Justi; K. Melton; J. Proft; W. Yu and C. Wayman,Scripta Metallurgica et Materialia,The study of niobium-rich precipitates in a Ni-Ti-Nb shape memory alloy,1990.0,-90.0,-85.0,47.0,Ni47.0Ti44.0Nb9.0 %,44.0,9.0
M. Piao; S. Miyazaki and K. Otsuka,Materials Transactions; JIM,Characteristics of deformation and transformation in Ti44Ni47Nb9 shape memory alloy,1992.0,-104.0,-45.0,47.0,Ni47.0Ti44.0Nb9.0 %,44.0,9.0
M. Piao; S. Miyazaki and K. Otsuka,Materials Transactions; JIM,Characteristics of deformation and transformation in Ti44Ni47Nb9 shape memory alloy,1992.0,-125.0,-68.0,47.0,Ni47.0Ti44.0Nb9.0 %,44.0,9.0
M. Piao; S. Miyazaki and K. Otsuka,Materials Transactions; JIM,Characteristics of deformation and transformation in Ti44Ni47Nb9 shape memory alloy,1992.0,-104.0,-60.0,47.0,Ni47.0Ti44.0Nb9.0 %,44.0,9.0
M. Piao; S. Miyazaki and K. Otsuka,Materials Transactions; JIM,Characteristics of deformation and transformation in Ti44Ni47Nb9 shape memory alloy,1992.0,-117.0,-69.0,47.0,Ni47.0Ti44.0Nb9.0 %,44.0,9.0
M. Piao; S. Miyazaki and K. Otsuka,Materials Transactions; JIM,Characteristics of deformation and transformation in Ti44Ni47Nb9 shape memory alloy,1992.0,-107.0,-52.0,47.0,Ni47.0Ti44.0Nb9.0 %,44.0,9.0
M. Piao; S. Miyazaki and K. Otsuka,Materials Transactions; JIM,Characteristics of deformation and transformation in Ti44Ni47Nb9 shape memory alloy,1992.0,-107.0,-44.0,47.0,Ni47.0Ti44.0Nb9.0 %,44.0,9.0
M. Piao; S. Miyazaki and K. Otsuka,Materials Transactions; JIM,Characteristics of deformation and transformation in Ti44Ni47Nb9 shape memory alloy,1992.0,-61.0,5.0,47.0,Ni47.0Ti44.0Nb9.0 %,44.0,9.0
M. Piao; S. Miyazaki and K. Otsuka,Materials Transactions; JIM,Characteristics of deformation and transformation in Ti44Ni47Nb9 shape memory alloy,1992.0,-126.0,-74.0,47.0,Ni47.0Ti44.0Nb9.0 %,44.0,9.0
M. Piao; S. Miyazaki and K. Otsuka,Materials Transactions; JIM,Characteristics of deformation and transformation in Ti44Ni47Nb9 shape memory alloy,1992.0,-20.0,29.0,47.0,Ni47.0Ti44.0Nb9.0 %,44.0,9.0
M. Piao; S. Miyazaki and K. Otsuka,Materials Transactions; JIM,Characteristics of deformation and transformation in Ti44Ni47Nb9 shape memory alloy,1992.0,41.0,70.0,47.0,Ni47.0Ti44.0Nb9.0 %,44.0,9.0
M. Piao; S. Miyazaki and K. Otsuka,Materials Transactions; JIM,Characteristics of deformation and transformation in Ti44Ni47Nb9 shape memory alloy,1992.0,-64.0,-21.0,47.0,Ni47.0Ti44.0Nb9.0 %,44.0,9.0
M. Piao; S. Miyazaki and K. Otsuka,Materials Transactions; JIM,Characteristics of deformation and transformation in Ti44Ni47Nb9 shape memory alloy,1992.0,-92.0,-39.0,47.0,Ni47.0Ti44.0Nb9.0 %,44.0,9.0
M. Piao; S. Miyazaki and K. Otsuka,Materials Transactions; JIM,Characteristics of deformation and transformation in Ti44Ni47Nb9 shape memory alloy,1992.0,-72.0,-25.0,47.0,Ni47.0Ti44.0Nb9.0 %,44.0,9.0
M. Piao; S. Miyazaki and K. Otsuka,Materials Transactions; JIM,Characteristics of deformation and transformation in Ti44Ni47Nb9 shape memory alloy,1992.0,-99.0,-45.0,47.0,Ni47.0Ti44.0Nb9.0 %,44.0,9.0
M. Piao; S. Miyazaki and K. Otsuka,Materials Transactions; JIM,Characteristics of deformation and transformation in Ti44Ni47Nb9 shape memory alloy,1992.0,-93.0,-36.0,47.0,Ni47.0Ti44.0Nb9.0 %,44.0,9.0
M. Piao; S. Miyazaki and K. Otsuka,Materials Transactions; JIM,Characteristics of deformation and transformation in Ti44Ni47Nb9 shape memory alloy,1992.0,-109.0,-53.0,47.0,Ni47.0Ti44.0Nb9.0 %,44.0,9.0
M. Piao; S. Miyazaki and K. Otsuka,Materials Transactions; JIM,Characteristics of deformation and transformation in Ti44Ni47Nb9 shape memory alloy,1992.0,-95.0,-48.0,47.0,Ni47.0Ti44.0Nb9.0 %,44.0,9.0
W. Cai; C. Zhang and L. Zhao,Journal of materials science letters,Recovery stress of Ni-Ti-Nb wide-hysteresis shape memory alloy under constant strain and thermomechanical cycling,1994.0,-36.0,45.0,44.7,Ni44.7Ti46.3Nb9.0 %,46.3,9.0
L. Zhao and W. Cai,International Conference on Displacive Phase Transformations and Their Applications in Materials Engineering,The interface structure and stability of deformation-induced martensite in a Ni-Ti-Nb alloy with wide hysteresis,1996.0,14.0,45.0,44.7,Ni44.7Ti46.3Nb9.0 %,46.3,9.0
L. Zhao and W. Cai,International Conference on Displacive Phase Transformations and Their Applications in Materials Engineering,The interface structure and stability of deformation-induced martensite in a Ni-Ti-Nb alloy with wide hysteresis,1996.0,11.0,99.0,44.7,Ni44.7Ti46.3Nb9.0 %,46.3,9.0
L. Zhao and W. Cai,International Conference on Displacive Phase Transformations and Their Applications in Materials Engineering,The interface structure and stability of deformation-induced martensite in a Ni-Ti-Nb alloy with wide hysteresis,1996.0,9.0,123.0,44.7,Ni44.7Ti46.3Nb9.0 %,46.3,9.0
L. Zhao and W. Cai,International Conference on Displacive Phase Transformations and Their Applications in Materials Engineering,The interface structure and stability of deformation-induced martensite in a Ni-Ti-Nb alloy with wide hysteresis,1996.0,6.0,126.0,44.7,Ni44.7Ti46.3Nb9.0 %,46.3,9.0
L. Zhao and W. Cai,International Conference on Displacive Phase Transformations and Their Applications in Materials Engineering,The interface structure and stability of deformation-induced martensite in a Ni-Ti-Nb alloy with wide hysteresis,1996.0,6.0,142.0,44.7,Ni44.7Ti46.3Nb9.0 %,46.3,9.0
L. Zhao and W. Cai,International Conference on Displacive Phase Transformations and Their Applications in Materials Engineering,The interface structure and stability of deformation-induced martensite in a Ni-Ti-Nb alloy with wide hysteresis,1996.0,7.0,143.0,44.7,Ni44.7Ti46.3Nb9.0 %,46.3,9.0
L. Zhao and W. Cai,International Conference on Displacive Phase Transformations and Their Applications in Materials Engineering,The interface structure and stability of deformation-induced martensite in a Ni-Ti-Nb alloy with wide hysteresis,1996.0,2.0,143.0,44.7,Ni44.7Ti46.3Nb9.0 %,46.3,9.0
L. Zhao and W. Cai,International Conference on Displacive Phase Transformations and Their Applications in Materials Engineering,The interface structure and stability of deformation-induced martensite in a Ni-Ti-Nb alloy with wide hysteresis,1996.0,11.0,121.0,44.7,Ni44.7Ti46.3Nb9.0 %,46.3,9.0
L. Zhao and W. Cai,International Conference on Displacive Phase Transformations and Their Applications in Materials Engineering,The interface structure and stability of deformation-induced martensite in a Ni-Ti-Nb alloy with wide hysteresis,1996.0,-2.0,140.0,44.7,Ni44.7Ti46.3Nb9.0 %,46.3,9.0
L. Zhao and W. Cai,International Conference on Displacive Phase Transformations and Their Applications in Materials Engineering,The interface structure and stability of deformation-induced martensite in a Ni-Ti-Nb alloy with wide hysteresis,1996.0,-8.0,135.0,44.7,Ni44.7Ti46.3Nb9.0 %,46.3,9.0
L. Zhao and W. Cai,International Conference on Displacive Phase Transformations and Their Applications in Materials Engineering,The interface structure and stability of deformation-induced martensite in a Ni-Ti-Nb alloy with wide hysteresis,1996.0,10.0,116.0,44.7,Ni44.7Ti46.3Nb9.0 %,46.3,9.0
L. Zhao and W. Cai,International Conference on Displacive Phase Transformations and Their Applications in Materials Engineering,The interface structure and stability of deformation-induced martensite in a Ni-Ti-Nb alloy with wide hysteresis,1996.0,6.0,107.0,44.7,Ni44.7Ti46.3Nb9.0 %,46.3,9.0
L. Zhao and W. Cai,International Conference on Displacive Phase Transformations and Their Applications in Materials Engineering,The interface structure and stability of deformation-induced martensite in a Ni-Ti-Nb alloy with wide hysteresis,1996.0,9.0,146.0,44.7,Ni44.7Ti46.3Nb9.0 %,46.3,9.0
L. Zhao and W. Cai,International Conference on Displacive Phase Transformations and Their Applications in Materials Engineering,The interface structure and stability of deformation-induced martensite in a Ni-Ti-Nb alloy with wide hysteresis,1996.0,12.0,156.0,44.7,Ni44.7Ti46.3Nb9.0 %,46.3,9.0
L. Zhao and W. Cai,International Conference on Displacive Phase Transformations and Their Applications in Materials Engineering,The interface structure and stability of deformation-induced martensite in a Ni-Ti-Nb alloy with wide hysteresis,1996.0,15.0,60.0,44.7,Ni44.7Ti46.3Nb9.0 %,46.3,9.0
L. Zhao and W. Cai,International Conference on Displacive Phase Transformations and Their Applications in Materials Engineering,The interface structure and stability of deformation-induced martensite in a Ni-Ti-Nb alloy with wide hysteresis,1996.0,10.0,77.0,44.7,Ni44.7Ti46.3Nb9.0 %,46.3,9.0
Y. Zheng; L. Zhao and H. Ye,Materials Science and Engineering: A,High resolution electron microscopy studies on the interface structure of deformed stress induced martensite variants in a Ti–Ni–Nb shape memory alloy,1999.0,14.0,45.0,44.7,Ni44.7Ti46.3Nb9.0 %,46.3,9.0
V. Udovenko; P. Potapov; S. Prokoshkin; I. Y. Khmelevskaya; V. Y. Abramov and Y. V. Blinov,Metal science and heat treatment,A study of the functional properties of alloy Ti–45% Ni–10% Nb with wide hysteresis of the martensitic transformation,2000.0,-50.0,-20.0,45.0,Ni45.0Ti45.0Nb10.0 %,45.0,10.0
V. Udovenko; P. Potapov; S. Prokoshkin; I. Y. Khmelevskaya; V. Y. Abramov and Y. V. Blinov,Metal science and heat treatment,A study of the functional properties of alloy Ti–45% Ni–10% Nb with wide hysteresis of the martensitic transformation,2000.0,-45.0,-20.0,45.0,Ni45.0Ti45.0Nb10.0 %,45.0,10.0
V. Udovenko; P. Potapov; S. Prokoshkin; I. Y. Khmelevskaya; V. Y. Abramov and Y. V. Blinov,Metal science and heat treatment,A study of the functional properties of alloy Ti–45% Ni–10% Nb with wide hysteresis of the martensitic transformation,2000.0,-42.0,-35.0,45.0,Ni45.0Ti45.0Nb10.0 %,45.0,10.0
V. Udovenko; P. Potapov; S. Prokoshkin; I. Y. Khmelevskaya; V. Y. Abramov and Y. V. Blinov,Metal science and heat treatment,A study of the functional properties of alloy Ti–45% Ni–10% Nb with wide hysteresis of the martensitic transformation,2000.0,-54.0,-20.0,45.0,Ni45.0Ti45.0Nb10.0 %,45.0,10.0
T. Wu and M. H. Wu,Proceedings of International Conference on Shape Memory and Superelastic Technologies (SMST 2000),NiTiNb plugs for sealing high pressure fuel passages in fuel injector applications,2000.0,-85.0,-30.0,48.0,Ni48.0Ti38.0Nb14.0 %,38.0,14.0
M. Kusagawa; T. Nakamura and Y. Asada,JSME International Journal Series A Solid Mechanics and Material Engineering,Fundamental deformation and recovery behaviors of Ni-Ti-Nb shape memory alloy,2001.0,-53.0,-26.0,46.7,Ni46.7Ti43.5Nb9.8 %,43.5,9.8
Z. Z. Dong; S. L. Zhou and W. X. Liu,Materials Science Forum,A study of NiTiNb shape-memory alloy pipe-joint with improved properties,2002.0,-139.0,-83.0,47.03,Ni47.03Ti43.96Nb9.01 %,43.96,9.01
Y. Xu; K. Otsuka; H. Nagai; H. Yoshida; M. Asai and T. Kishi,Scripta materialia,A SMA/CFRP hybrid composite with damage suppression effect at ambient temperature,2003.0,45.0,24.0,44.0,Ni44.0Ti50.0Nb6.0 %,50.0,6.0
Y. Xu; K. Otsuka; H. Nagai; H. Yoshida; M. Asai and T. Kishi,Scripta materialia,A SMA/CFRP hybrid composite with damage suppression effect at ambient temperature,2003.0,1.0,-15.0,47.0,Ni47.0Ti47.0Nb6.0 %,47.0,6.0
Y. Xu; K. Otsuka; H. Nagai; H. Yoshida; M. Asai and T. Kishi,Scripta materialia,A SMA/CFRP hybrid composite with damage suppression effect at ambient temperature,2003.0,-2.0,-10.0,45.5,Ni45.5Ti45.5Nb9.0 %,45.5,9.0
Y. Xu; K. Otsuka; H. Nagai; H. Yoshida; M. Asai and T. Kishi,Scripta materialia,A SMA/CFRP hybrid composite with damage suppression effect at ambient temperature,2003.0,-42.0,-53.0,46.0,Ni46.0Ti45.0Nb9.0 %,45.0,9.0
Y. Xu; K. Otsuka; H. Nagai; H. Yoshida; M. Asai and T. Kishi,Scripta materialia,A SMA/CFRP hybrid composite with damage suppression effect at ambient temperature,2003.0,-5.0,-20.0,43.0,Ni43.0Ti43.0Nb14.0 %,43.0,14.0
X. He and L. Rong,Scripta Materialia,DSC analysis of reverse martensitic transformation in deformed Ti–Ni–Nb shape memory alloy,2004.0,-64.0,-23.0,47.0,Ni47.0Ti44.0Nb9.0 %,44.0,9.0
X. He; D. Yan; L. Rong and Y. Li,AIP Conference Proceedings,Effect of Niobium Content on Shape Memory Characteristics of (Ni47Ti44) 100− xNbx Alloys,2004.0,-71.0,-51.0,50.14835165,Ni50.14835164835166Ti46.85164835164835Nb3.0 %,46.85164835,3.0
X. He; D. Yan; L. Rong and Y. Li,AIP Conference Proceedings,Effect of Niobium Content on Shape Memory Characteristics of (Ni47Ti44) 100− xNbx Alloys,2004.0,-74.0,-26.0,47.14835165,Ni47.14835164835166Ti43.85164835164835Nb9.0 %,43.85164835,9.0
X. He; D. Yan; L. Rong and Y. Li,AIP Conference Proceedings,Effect of Niobium Content on Shape Memory Characteristics of (Ni47Ti44) 100− xNbx Alloys,2004.0,-80.0,-34.0,44.14835165,Ni44.14835164835166Ti40.85164835164835Nb15.0 %,40.85164835,15.0
X. He; D. Yan; L. Rong and Y. Li,AIP Conference Proceedings,Effect of Niobium Content on Shape Memory Characteristics of (Ni47Ti44) 100− xNbx Alloys,2004.0,-132.0,-48.0,41.64835165,Ni41.64835164835166Ti38.35164835164835Nb20.0 %,38.35164835,20.0
X.-M. He; L.-J. Rong; Y.-Y. Li; D.-S. Yan and Z.-M. Jiang,Metallurgical and Materials Transactions A,Study of the Ni 41.3 Ti 38.7 Nb 20 wide transformation hysteresis shape-memory alloy,2004.0,-143.0,-67.0,41.3,Ni41.3Ti38.7Nb20.0 %,38.7,20.0
X.-M. He; L.-J. Rong; Y.-Y. Li; D.-S. Yan and Z.-M. Jiang,Metallurgical and Materials Transactions A,Study of the Ni 41.3 Ti 38.7 Nb 20 wide transformation hysteresis shape-memory alloy,2004.0,-120.0,-56.0,41.3,Ni41.3Ti38.7Nb20.0 %,38.7,20.0
K. Weinert; V. Petzoldt and D. Kötter,CIRP Annals-Manufacturing Technology,Turning and drilling of NiTi shape memory alloys,2004.0,-82.0,-24.0,48.75,Ni48.75Ti45.25Nb6.0 %,45.25,6.0
W. Cai; X. Lu and L. Zhao,Materials Science and Engineering: A,Damping behavior of TiNi-based shape memory alloys,2005.0,-88.0,-56.0,47.0,Ni47.0Ti44.0Nb9.0 %,44.0,9.0
X. He; L. Rong; D. Yan and Y. Li,Scripta Materialia,Temperature memory effect of Ni47Ti44Nb9 wide hysteresis shape memory alloy,2005.0,-67.0,-31.0,47.14835165,Ni47.14835164835166Ti43.85164835164835Nb9.0 %,43.85164835,9.0
H. Mo; X. Zu and Y. Huo,Thermochimica acta,Irradiation-induced changes of martensitic transformation temperatures in a TiNiNb shape memory alloy,2005.0,-77.0,-42.0,47.0,Ni47.0Ti44.0Nb9.0 %,44.0,9.0
H. Mo; X. Zu and Y. Huo,Thermochimica acta,Irradiation-induced changes of martensitic transformation temperatures in a TiNiNb shape memory alloy,2005.0,-43.0,-14.0,47.0,Ni47.0Ti44.0Nb9.0 %,44.0,9.0
H. Mo; X. Zu and Y. Huo,Thermochimica acta,Irradiation-induced changes of martensitic transformation temperatures in a TiNiNb shape memory alloy,2005.0,-42.0,-19.0,47.0,Ni47.0Ti44.0Nb9.0 %,44.0,9.0
H. Mo; X. Zu and Y. Huo,Thermochimica acta,Irradiation-induced changes of martensitic transformation temperatures in a TiNiNb shape memory alloy,2005.0,-53.0,-17.0,47.0,Ni47.0Ti44.0Nb9.0 %,44.0,9.0
H. Mo; X. Zu and Y. Huo,Thermochimica acta,Irradiation-induced changes of martensitic transformation temperatures in a TiNiNb shape memory alloy,2005.0,-58.0,-25.0,47.0,Ni47.0Ti44.0Nb9.0 %,44.0,9.0
H. Mo; X. Zu and Y. Huo,Thermochimica acta,Irradiation-induced changes of martensitic transformation temperatures in a TiNiNb shape memory alloy,2005.0,-43.0,-14.0,47.0,Ni47.0Ti44.0Nb9.0 %,44.0,9.0
H. Mo; X. Zu and Y. Huo,Thermochimica acta,Irradiation-induced changes of martensitic transformation temperatures in a TiNiNb shape memory alloy,2005.0,-45.0,-13.0,47.0,Ni47.0Ti44.0Nb9.0 %,44.0,9.0
T. Sakuma; Y. Mihara; Y. Ochi; M. Ozawa; K. Okita and N. Okabe,Materials Science Forum,Effects of Pre-Strain and Nb Content on Transformation Temperatures in Ti-Ni-Nb Shape Memory Alloy,2005.0,26.0,54.0,48.5,Ni48.5Ti48.5Nb3.0 %,48.5,3.0
T. Sakuma; Y. Mihara; Y. Ochi; M. Ozawa; K. Okita and N. Okabe,Materials Science Forum,Effects of Pre-Strain and Nb Content on Transformation Temperatures in Ti-Ni-Nb Shape Memory Alloy,2005.0,19.0,51.0,47.0,Ni47.0Ti47.0Nb6.0 %,47.0,6.0
T. Sakuma; Y. Mihara; Y. Ochi; M. Ozawa; K. Okita and N. Okabe,Materials Science Forum,Effects of Pre-Strain and Nb Content on Transformation Temperatures in Ti-Ni-Nb Shape Memory Alloy,2005.0,6.0,42.0,45.5,Ni45.5Ti45.5Nb9.0 %,45.5,9.0
T. Sakuma; Y. Mihara; Y. Ochi; M. Ozawa; K. Okita and N. Okabe,Materials Science Forum,Effects of Pre-Strain and Nb Content on Transformation Temperatures in Ti-Ni-Nb Shape Memory Alloy,2005.0,-11.0,23.0,44.0,Ni44.0Ti44.0Nb12.0 %,44.0,12.0
T. Sakuma; Y. Mihara; Y. Ochi; M. Ozawa; K. Okita and N. Okabe,Materials Science Forum,Effects of Pre-Strain and Nb Content on Transformation Temperatures in Ti-Ni-Nb Shape Memory Alloy,2005.0,-5.0,19.0,42.5,Ni42.5Ti42.5Nb15.0 %,42.5,15.0
V. Y. Abramov; N. Aleksandrova; D. Borovkov; S. Y. Makushev; N. Polyakova; N. Popov; S. Prokoshkin and I. Y. Khmelevskaya,The Physics of Metals and Metallography,Structure and functional properties of heat-and thermomechanically treated Ti-Ni-Nb-based alloys with a wide martensitic hysteresis. I. Ti-Ni-Nb ternary alloys,2006.0,-40.0,-14.0,45.0,Ni45.0Ti45.0Nb10.0 %,45.0,10.0
V. Y. Abramov; N. Aleksandrova; D. Borovkov; S. Y. Makushev; N. Polyakova; N. Popov; S. Prokoshkin and I. Y. Khmelevskaya,The Physics of Metals and Metallography,Structure and functional properties of heat-and thermomechanically treated Ti-Ni-Nb-based alloys with a wide martensitic hysteresis. I. Ti-Ni-Nb ternary alloys,2006.0,-52.0,-27.0,45.0,Ni45.0Ti45.0Nb10.0 %,45.0,10.0
V. Y. Abramov; N. Aleksandrova; D. Borovkov; S. Y. Makushev; N. Polyakova; N. Popov; S. Prokoshkin and I. Y. Khmelevskaya,The Physics of Metals and Metallography,Structure and functional properties of heat-and thermomechanically treated Ti-Ni-Nb-based alloys with a wide martensitic hysteresis. I. Ti-Ni-Nb ternary alloys,2006.0,-88.0,-62.0,45.0,Ni45.0Ti45.0Nb10.0 %,45.0,10.0
V. Y. Abramov; N. Aleksandrova; D. Borovkov; S. Y. Makushev; N. Polyakova; N. Popov; S. Prokoshkin and I. Y. Khmelevskaya,The Physics of Metals and Metallography,Structure and functional properties of heat-and thermomechanically treated Ti-Ni-Nb-based alloys with a wide martensitic hysteresis. I. Ti-Ni-Nb ternary alloys,2006.0,-115.0,-100.0,44.1,Ni44.1Ti44.45Nb11.45 %,44.45,11.45
V. Y. Abramov; N. Aleksandrova; D. Borovkov; S. Y. Makushev; N. Polyakova; N. Popov; S. Prokoshkin and I. Y. Khmelevskaya,The Physics of Metals and Metallography,Structure and functional properties of heat-and thermomechanically treated Ti-Ni-Nb-based alloys with a wide martensitic hysteresis. I. Ti-Ni-Nb ternary alloys,2006.0,-132.0,-110.0,44.1,Ni44.1Ti44.45Nb11.45 %,44.45,11.45
X. He; D. Yan; L. Rong and Y. Li,AIP Conference Proceedings,Effect of Thermal Cycling on Martensitic Transformation Characteristics of (Ni47Ti44) 100− xNbx Shape Memory Alloys,2006.0,-57.0,-57.0,50.14835165,Ni50.14835164835166Ti46.85164835164835Nb3.0 %,46.85164835,3.0
X. He; D. Yan; L. Rong and Y. Li,AIP Conference Proceedings,Effect of Thermal Cycling on Martensitic Transformation Characteristics of (Ni47Ti44) 100− xNbx Shape Memory Alloys,2006.0,-82.0,-48.0,50.14835165,Ni50.14835164835166Ti46.85164835164835Nb3.0 %,46.85164835,3.0
X. He; D. Yan; L. Rong and Y. Li,AIP Conference Proceedings,Effect of Thermal Cycling on Martensitic Transformation Characteristics of (Ni47Ti44) 100− xNbx Shape Memory Alloys,2006.0,-62.0,-25.0,47.14835165,Ni47.14835164835166Ti43.85164835164835Nb9.0 %,43.85164835,9.0
X. He; D. Yan; L. Rong and Y. Li,AIP Conference Proceedings,Effect of Thermal Cycling on Martensitic Transformation Characteristics of (Ni47Ti44) 100− xNbx Shape Memory Alloys,2006.0,-87.0,-32.0,47.14835165,Ni47.14835164835166Ti43.85164835164835Nb9.0 %,43.85164835,9.0
X. He; D. Yan; L. Rong and Y. Li,AIP Conference Proceedings,Effect of Thermal Cycling on Martensitic Transformation Characteristics of (Ni47Ti44) 100− xNbx Shape Memory Alloys,2006.0,-72.0,-44.0,44.14835165,Ni44.14835164835166Ti40.85164835164835Nb15.0 %,40.85164835,15.0
X. He; D. Yan; L. Rong and Y. Li,AIP Conference Proceedings,Effect of Thermal Cycling on Martensitic Transformation Characteristics of (Ni47Ti44) 100− xNbx Shape Memory Alloys,2006.0,-89.0,-41.0,44.14835165,Ni44.14835164835166Ti40.85164835164835Nb15.0 %,40.85164835,15.0
X.-M. He; L.-Z. Zhao; S.-F. Zhang; S.-W. Duo and R.-F. Zhang,Materials Science and Engineering: A,Study of the thermal physical properties of Ti47Ni44Nb9 wide hysteresis shape memory alloy,2006.0,-64.0,-23.0,44.0,Ni44.0Ti47.0Nb9.0 %,47.0,9.0
X. Meng; F. Chen; W. Cai; L. Wang and L. Zhao,Materials transactions,Two-Way Shape Memory Effect and Its Stability in a Ti–Ni–Nb Wide Hysteresis Shape Memory Alloy,2006.0,14.0,45.0,46.3,Ni46.3Ti44.7Nb9.0 %,44.7,9.0
T. Takagi; Y. Sutou; R. Kainuma; K. Yamauchi and K. Ishida,Journal of Biomedical Materials Research Part B: Applied Biomaterials: An Official Journal of The Society for Biomaterials; The Japanese Society for Biomaterials; and The Australian Society for Biomaterials and the Korean Society for Biomaterials,Effect of prestrain on martensitic transformation in a Ti46. 4Ni47. 6Nb6. 0 superelastic alloy and its application to medical stents,2006.0,-51.0,-29.0,47.6,Ni47.6Ti46.4Nb6.0 %,46.4,6.0
T. Takagi; Y. Sutou; R. Kainuma; K. Yamauchi and K. Ishida,Journal of Biomedical Materials Research Part B: Applied Biomaterials: An Official Journal of The Society for Biomaterials; The Japanese Society for Biomaterials; and The Australian Society for Biomaterials and the Korean Society for Biomaterials,Effect of prestrain on martensitic transformation in a Ti46. 4Ni47. 6Nb6. 0 superelastic alloy and its application to medical stents,2006.0,-44.0,-24.0,47.6,Ni47.6Ti46.4Nb6.0 %,46.4,6.0
T. Takagi; Y. Sutou; R. Kainuma; K. Yamauchi and K. Ishida,Journal of Biomedical Materials Research Part B: Applied Biomaterials: An Official Journal of The Society for Biomaterials; The Japanese Society for Biomaterials; and The Australian Society for Biomaterials and the Korean Society for Biomaterials,Effect of prestrain on martensitic transformation in a Ti46. 4Ni47. 6Nb6. 0 superelastic alloy and its application to medical stents,2006.0,-39.0,-23.0,47.6,Ni47.6Ti46.4Nb6.0 %,46.4,6.0
T. Takagi; Y. Sutou; R. Kainuma; K. Yamauchi and K. Ishida,Journal of Biomedical Materials Research Part B: Applied Biomaterials: An Official Journal of The Society for Biomaterials; The Japanese Society for Biomaterials; and The Australian Society for Biomaterials and the Korean Society for Biomaterials,Effect of prestrain on martensitic transformation in a Ti46. 4Ni47. 6Nb6. 0 superelastic alloy and its application to medical stents,2006.0,-21.0,-6.0,47.6,Ni47.6Ti46.4Nb6.0 %,46.4,6.0
T. Takagi; Y. Sutou; R. Kainuma; K. Yamauchi and K. Ishida,Journal of Biomedical Materials Research Part B: Applied Biomaterials: An Official Journal of The Society for Biomaterials; The Japanese Society for Biomaterials; and The Australian Society for Biomaterials and the Korean Society for Biomaterials,Effect of prestrain on martensitic transformation in a Ti46. 4Ni47. 6Nb6. 0 superelastic alloy and its application to medical stents,2006.0,-50.0,-30.0,47.6,Ni47.6Ti46.4Nb6.0 %,46.4,6.0
X. Zhao; X. Yan; Y. Yang and H. Xu,Materials Science and Engineering: A,Wide hysteresis NiTi (Nb) shape memory alloys with low Nb content (4.5 at.%),2006.0,-13.0,28.0,48.0,Ni48.0Ti47.5Nb4.5 %,47.5,4.5
X. Zhao; X. Yan; Y. Yang and H. Xu,Materials Science and Engineering: A,Wide hysteresis NiTi (Nb) shape memory alloys with low Nb content (4.5 at.%),2006.0,-34.0,-20.0,49.3,Ni49.3Ti46.2Nb4.5 %,46.2,4.5
X. Zhao; X. Yan; Y. Yang and H. Xu,Materials Science and Engineering: A,Wide hysteresis NiTi (Nb) shape memory alloys with low Nb content (4.5 at.%),2006.0,-14.0,10.0,49.6,Ni49.6Ti45.9Nb4.5 %,45.9,4.5
X. Zhao; X. Yan; Y. Yang and H. Xu,Materials Science and Engineering: A,Wide hysteresis NiTi (Nb) shape memory alloys with low Nb content (4.5 at.%),2006.0,38.0,57.0,47.0,Ni47.0Ti44.0Nb9.0 %,44.0,9.0
K. Uchida; N. Shigenaka; T. Sakuma; Y. Sutou and K. Yamauchi,Materials transactions,Effect of Nb content on martensitic transformation temperatures and mechanical properties of Ti-Ni-Nb shape memory alloys for pipe joint applications,2007.0,25.0,53.0,49.37,Ni49.37Ti47.65Nb2.98 %,47.65,2.98
K. Uchida; N. Shigenaka; T. Sakuma; Y. Sutou and K. Yamauchi,Materials transactions,Effect of Nb content on martensitic transformation temperatures and mechanical properties of Ti-Ni-Nb shape memory alloys for pipe joint applications,2007.0,18.0,49.0,47.82,Ni47.82Ti46.29Nb5.89 %,46.29,5.89
K. Uchida; N. Shigenaka; T. Sakuma; Y. Sutou and K. Yamauchi,Materials transactions,Effect of Nb content on martensitic transformation temperatures and mechanical properties of Ti-Ni-Nb shape memory alloys for pipe joint applications,2007.0,-21.0,11.0,48.58,Ni48.58Ti45.49Nb5.93 %,45.49,5.93
K. Uchida; N. Shigenaka; T. Sakuma; Y. Sutou and K. Yamauchi,Materials transactions,Effect of Nb content on martensitic transformation temperatures and mechanical properties of Ti-Ni-Nb shape memory alloys for pipe joint applications,2007.0,-49.0,-22.0,49.46,Ni49.46Ti44.6Nb5.94 %,44.6,5.94
K. Uchida; N. Shigenaka; T. Sakuma; Y. Sutou and K. Yamauchi,Materials transactions,Effect of Nb content on martensitic transformation temperatures and mechanical properties of Ti-Ni-Nb shape memory alloys for pipe joint applications,2007.0,-54.0,-27.0,49.0,Ni49.0Ti45.04Nb5.96 %,45.04,5.96
K. Uchida; N. Shigenaka; T. Sakuma; Y. Sutou and K. Yamauchi,Materials transactions,Effect of Nb content on martensitic transformation temperatures and mechanical properties of Ti-Ni-Nb shape memory alloys for pipe joint applications,2007.0,-71.0,-36.0,49.61,Ni49.61Ti44.41Nb5.98 %,44.41,5.98
K. Uchida; N. Shigenaka; T. Sakuma; Y. Sutou and K. Yamauchi,Materials transactions,Effect of Nb content on martensitic transformation temperatures and mechanical properties of Ti-Ni-Nb shape memory alloys for pipe joint applications,2007.0,0.0,34.0,48.45,Ni48.45Ti45.45Nb6.1 %,45.45,6.1
K. Uchida; N. Shigenaka; T. Sakuma; Y. Sutou and K. Yamauchi,Materials transactions,Effect of Nb content on martensitic transformation temperatures and mechanical properties of Ti-Ni-Nb shape memory alloys for pipe joint applications,2007.0,6.0,42.0,45.8,Ni45.8Ti45.1Nb9.1 %,45.1,9.1
K. Uchida; N. Shigenaka; T. Sakuma; Y. Sutou and K. Yamauchi,Materials transactions,Effect of Nb content on martensitic transformation temperatures and mechanical properties of Ti-Ni-Nb shape memory alloys for pipe joint applications,2007.0,19.0,24.0,44.67,Ni44.67Ti43.26Nb12.07 %,43.26,12.07
K. Uchida; N. Shigenaka; T. Sakuma; Y. Sutou and K. Yamauchi,Materials transactions,Effect of Nb content on martensitic transformation temperatures and mechanical properties of Ti-Ni-Nb shape memory alloys for pipe joint applications,2007.0,-16.0,23.0,43.04,Ni43.04Ti41.7Nb15.26 %,41.7,15.26
L. Xiao; X. Q. Zhao; F. S. Liu and H. B. Xu,Materials Science Forum,Mechanical properties and shape memory effects of TiNiNb shape memory alloys with low niobium content,2007.0,-40.0,-8.0,49.0,Ni49.0Ti46.0Nb5.0 %,46.0,5.0
L. Xiao; X. Q. Zhao; F. S. Liu and H. B. Xu,Materials Science Forum,Mechanical properties and shape memory effects of TiNiNb shape memory alloys with low niobium content,2007.0,-78.0,-53.0,49.5,Ni49.5Ti45.5Nb5.0 %,45.5,5.0
L. Xiao; X. Q. Zhao; F. S. Liu and H. B. Xu,Materials Science Forum,Mechanical properties and shape memory effects of TiNiNb shape memory alloys with low niobium content,2007.0,-106.0,-76.0,49.8,Ni49.8Ti45.2Nb5.0 %,45.2,5.0
L. Xiao; X. Q. Zhao; F. S. Liu and H. B. Xu,Materials Science Forum,Mechanical properties and shape memory effects of TiNiNb shape memory alloys with low niobium content,2007.0,-156.0,-87.0,50.0,Ni50.0Ti45.0Nb5.0 %,45.0,5.0
K. Uchida; N. Shigenaka; T. Sakuma; Y. Sutou and K. Yamauchi,Materials transactions,Effects of pre-strain and heat treatment temperature on phase transformation temperature and shape recovery stress of Ti-Ni-Nb shape memory alloys for pipe joint applications,2008.0,17.0,60.0,49.46,Ni49.46Ti44.6Nb5.94 %,44.6,5.94
K. Uchida; N. Shigenaka; T. Sakuma; Y. Sutou and K. Yamauchi,Materials transactions,Effects of pre-strain and heat treatment temperature on phase transformation temperature and shape recovery stress of Ti-Ni-Nb shape memory alloys for pipe joint applications,2008.0,5.0,43.0,49.46,Ni49.46Ti44.6Nb5.94 %,44.6,5.94
K. Uchida; N. Shigenaka; T. Sakuma; Y. Sutou and K. Yamauchi,Materials transactions,Effects of pre-strain and heat treatment temperature on phase transformation temperature and shape recovery stress of Ti-Ni-Nb shape memory alloys for pipe joint applications,2008.0,20.0,13.0,49.46,Ni49.46Ti44.6Nb5.94 %,44.6,5.94
K. Uchida; N. Shigenaka; T. Sakuma; Y. Sutou and K. Yamauchi,Materials transactions,Effects of pre-strain and heat treatment temperature on phase transformation temperature and shape recovery stress of Ti-Ni-Nb shape memory alloys for pipe joint applications,2008.0,10.0,-11.0,49.46,Ni49.46Ti44.6Nb5.94 %,44.6,5.94
K. Uchida; N. Shigenaka; T. Sakuma; Y. Sutou and K. Yamauchi,Materials transactions,Effects of pre-strain and heat treatment temperature on phase transformation temperature and shape recovery stress of Ti-Ni-Nb shape memory alloys for pipe joint applications,2008.0,-12.0,-28.0,49.46,Ni49.46Ti44.6Nb5.94 %,44.6,5.94
K. Uchida; N. Shigenaka; T. Sakuma; Y. Sutou and K. Yamauchi,Materials transactions,Effects of pre-strain and heat treatment temperature on phase transformation temperature and shape recovery stress of Ti-Ni-Nb shape memory alloys for pipe joint applications,2008.0,-81.0,-43.0,49.46,Ni49.46Ti44.6Nb5.94 %,44.6,5.94
K. Uchida; N. Shigenaka; T. Sakuma; Y. Sutou and K. Yamauchi,Materials transactions,Effects of pre-strain and heat treatment temperature on phase transformation temperature and shape recovery stress of Ti-Ni-Nb shape memory alloys for pipe joint applications,2008.0,-2.0,11.0,49.46,Ni49.46Ti44.6Nb5.94 %,44.6,5.94
K. Uchida; N. Shigenaka; T. Sakuma; Y. Sutou and K. Yamauchi,Materials transactions,Effects of pre-strain and heat treatment temperature on phase transformation temperature and shape recovery stress of Ti-Ni-Nb shape memory alloys for pipe joint applications,2008.0,13.0,17.0,49.46,Ni49.46Ti44.6Nb5.94 %,44.6,5.94
A. Bansiddhi and D. C. Dunand,Journal of Materials Research,Shape-memory NiTi–Nb foams,2009.0,16.0,33.0,48.45,Ni48.45Ti48.45Nb3.1 %,48.45,3.1
A. Bansiddhi and D. C. Dunand,Journal of Materials Research,Shape-memory NiTi–Nb foams,2009.0,31.0,47.0,48.45,Ni48.45Ti48.45Nb3.1 %,48.45,3.1
A. Bansiddhi and D. C. Dunand,Journal of Materials Research,Shape-memory NiTi–Nb foams,2009.0,14.0,31.0,48.45,Ni48.45Ti48.45Nb3.1 %,48.45,3.1
E. Choi; T.-h. Nam; M.-C. Kim; J. W. Hu; B.-S. Cho and S.-J. Yoon,ASME 2009 Conference on Smart Materials; Adaptive Structures and Intelligent Systems,Recovery and Residual Stress of Shape Memory Alloy Wires and its Application,2009.0,-30.0,8.0,47.45,Ni47.45Ti37.86Nb14.69 %,37.86,14.69
L. Wei and Z. Xinqing,Chinese Journal of Aeronautics,Mechanical properties and transformation behavior of NiTiNb shape memory alloys,2009.0,-38.0,-21.0,49.8,Ni49.8Ti45.2Nb5.0 %,45.2,5.0
L. Wei and Z. Xinqing,Chinese Journal of Aeronautics,Mechanical properties and transformation behavior of NiTiNb shape memory alloys,2009.0,-70.0,-30.0,47.0,Ni47.0Ti44.0Nb9.0 %,44.0,9.0
F. Xiao; G. Ma; X. Zhao and H. Xu,Chinese Journal of Aeronautics,Effects of Nb content on yield strength of NiTiNb alloys in martensite state,2009.0,3.0,32.0,50.0,Ni50.0Ti48.0Nb2.0 %,48.0,2.0
F. Xiao; G. Ma; X. Zhao and H. Xu,Chinese Journal of Aeronautics,Effects of Nb content on yield strength of NiTiNb alloys in martensite state,2009.0,-2.0,26.0,49.5,Ni49.5Ti46.5Nb4.0 %,46.5,4.0
Y. G. Song; F. Chen; L. Li and Y. F. Zheng,Key Engineering Materials,Manufacturing Technology and Material Characterization of Ti44Ni47Nb9 Alloy Fastener Ring by Tungsten Inert Gas Welding,2010.0,-94.0,-32.0,47.0,Ni47.0Ti44.0Nb9.0 %,44.0,9.0
Y. G. Song; F. Chen; L. Li and Y. F. Zheng,Key Engineering Materials,Manufacturing Technology and Material Characterization of Ti44Ni47Nb9 Alloy Fastener Ring by Tungsten Inert Gas Welding,2010.0,-66.0,14.0,47.0,Ni47.0Ti44.0Nb9.0 %,44.0,9.0
Z. Yan; L. Cui; Y. Zheng and T. Liu,Journal of materials engineering and performance,Effects of Hydrogen on Ni 47 Ti 44 Nb 9 Shape Memory Alloy,2010.0,-28.0,4.0,47.0,Ni47.0Ti44.0Nb9.0 %,44.0,9.0
Z. Yan; L. Cui; Y. Zheng and T. Liu,Journal of materials engineering and performance,Effects of Hydrogen on Ni 47 Ti 44 Nb 9 Shape Memory Alloy,2010.0,126.0,116.0,47.0,Ni47.0Ti44.0Nb9.0 %,44.0,9.0
Z. Yan; L. Cui; Y. Zheng and T. Liu,Journal of materials engineering and performance,Effects of Hydrogen on Ni 47 Ti 44 Nb 9 Shape Memory Alloy,2010.0,121.0,110.0,47.0,Ni47.0Ti44.0Nb9.0 %,44.0,9.0
Z.-z. Bao; G. Shun; X. Fu and X.-q. Zhao,Progress in Natural Science: Materials International,Development of NiTiNb in-situ composite with high damping capacity and high yield strength,2011.0,4.0,40.0,42.5,Ni42.5Ti42.5Nb15.0 %,42.5,15.0
Z.-z. Bao; G. Shun; X. Fu and X.-q. Zhao,Progress in Natural Science: Materials International,Development of NiTiNb in-situ composite with high damping capacity and high yield strength,2011.0,23.0,56.0,41.0,Ni41.0Ti44.0Nb15.0 %,44.0,15.0
E. Choi; B.-S. Cho; J. Park and K. Park,Journal of Intelligent Material Systems and Structures,Inducing recovery stress of NiTiNb SMA wires using heat of hydration for confining concrete,2011.0,-60.0,-32.0,45.95,Ni45.95Ti45.05Nb9.0 %,45.05,9.0
E. Choi; Y.-S. Chung; Y.-W. Kim and J.-W. Kim,Smart Materials and Structures,Monotonic and cyclic bond behavior of confined concrete using NiTiNb SMA wires,2011.0,-34.0,-10.0,45.95,Ni45.95Ti45.05Nb9.0 %,45.05,9.0
A. Korostelev,Russian Metallurgy (Metally),Properties of a Ti-Ni-Nb alloy for producing thermomechanical couplings,2011.0,-50.0,-20.0,45.0,Ni45.0Ti45.0Nb10.0 %,45.0,10.0
A. Korostelev,Russian Metallurgy (Metally),Properties of a Ti-Ni-Nb alloy for producing thermomechanical couplings,2011.0,-50.0,-20.0,45.0,Ni45.0Ti45.0Nb10.0 %,45.0,10.0
A. Korostelev,Russian Metallurgy (Metally),Properties of a Ti-Ni-Nb alloy for producing thermomechanical couplings,2011.0,-45.0,-20.0,45.0,Ni45.0Ti45.0Nb10.0 %,45.0,10.0
A. Korostelev,Russian Metallurgy (Metally),Properties of a Ti-Ni-Nb alloy for producing thermomechanical couplings,2011.0,-42.0,-35.0,45.0,Ni45.0Ti45.0Nb10.0 %,45.0,10.0
A. Korostelev,Russian Metallurgy (Metally),Properties of a Ti-Ni-Nb alloy for producing thermomechanical couplings,2011.0,-54.0,-20.0,45.0,Ni45.0Ti45.0Nb10.0 %,45.0,10.0
D. Mareci; R. Chelariu; A. Cailean and D. Sutiman,Materials and Corrosion,Electrochemical characterization of Ni47. 7Ti37. 8Nb14. 5 shape memory alloy in artificial saliva,2011.0,32.0,23.0,46.2,Ni46.2Ti44.9Nb8.9 %,44.9,8.9
R. L. Orban; M. Lucaci; D. Salomie; N. Jumate and L. Brânduşan,Materials Science Forum,SHS Processing of NiTi-Nb Smart Alloys,2011.0,73.0,99.0,47.5,Ni47.5Ti47.5Nb5.0 %,47.5,5.0
C. Ying; J. Hai-Chang; R. Li-Jian; X. Li and Z. Xin-Qing,Intermetallics,Mechanical behavior in NiTiNb shape memory alloys with low Nb content,2011.0,-86.0,-52.0,50.2,Ni50.2Ti46.3Nb3.5 %,46.3,3.5
C. Ying; J. Hai-Chang; R. Li-Jian; X. Li and Z. Xin-Qing,Intermetallics,Mechanical behavior in NiTiNb shape memory alloys with low Nb content,2011.0,-92.0,-50.0,49.9,Ni49.9Ti45.6Nb4.5 %,45.6,4.5
C. Ying; J. Hai-Chang; R. Li-Jian; X. Li and Z. Xin-Qing,Intermetallics,Mechanical behavior in NiTiNb shape memory alloys with low Nb content,2011.0,-81.0,-50.0,49.8,Ni49.8Ti45.2Nb5.0 %,45.2,5.0
Z. W. Feng; X. J. Mi; J. B. Wang; Z. S. Yuan and J. Zhou,Advanced Materials Research,Effect of Annealing Temperature on the Transformation Temperature and Texture of Ni47Ti44Nb9 Cold-Rolled Plate,2012.0,-65.0,-33.0,47.0,Ni47.0Ti44.0Nb9.0 %,44.0,9.0
Z. W. Feng; X. J. Mi; J. B. Wang; Z. S. Yuan and J. Zhou,Advanced Materials Research,Effect of Annealing Temperature on the Transformation Temperature and Texture of Ni47Ti44Nb9 Cold-Rolled Plate,2012.0,-65.0,-27.0,47.0,Ni47.0Ti44.0Nb9.0 %,44.0,9.0
Z. W. Feng; X. J. Mi; J. B. Wang; Z. S. Yuan and J. Zhou,Advanced Materials Research,Effect of Annealing Temperature on the Transformation Temperature and Texture of Ni47Ti44Nb9 Cold-Rolled Plate,2012.0,-52.0,-13.0,47.0,Ni47.0Ti44.0Nb9.0 %,44.0,9.0
Z. W. Feng; X. J. Mi; J. B. Wang; Z. S. Yuan and J. Zhou,Advanced Materials Research,Effect of Annealing Temperature on the Transformation Temperature and Texture of Ni47Ti44Nb9 Cold-Rolled Plate,2012.0,-39.0,-6.0,47.0,Ni47.0Ti44.0Nb9.0 %,44.0,9.0
Z. W. Feng; X. J. Mi; J. B. Wang; Z. S. Yuan and J. Zhou,Advanced Materials Research,Effect of Annealing Temperature on the Transformation Temperature and Texture of Ni47Ti44Nb9 Cold-Rolled Plate,2012.0,-27.0,0.0,47.0,Ni47.0Ti44.0Nb9.0 %,44.0,9.0
Z. W. Feng; X. J. Mi; J. B. Wang; Z. S. Yuan and J. Zhou,Advanced Materials Research,Effect of Annealing Temperature on the Transformation Temperature and Texture of Ni47Ti44Nb9 Cold-Rolled Plate,2012.0,-28.0,-1.0,47.0,Ni47.0Ti44.0Nb9.0 %,44.0,9.0
Z. W. Feng; J. B. Wang; X. J. Mi; W. D. Miao; Z. S. Yuan and J. Zhou,Advanced Materials Research,Effects of Ni/Ti Ratio and Heat-Treatment on Transformation Temperature; Mechanical Properties and Shape Recovery Strain of Ni-Ti-Nb Alloy,2012.0,-89.0,-50.0,47.0,Ni47.0Ti44.0Nb9.0 %,44.0,9.0
Z. W. Feng; J. B. Wang; X. J. Mi; W. D. Miao; Z. S. Yuan and J. Zhou,Advanced Materials Research,Effects of Ni/Ti Ratio and Heat-Treatment on Transformation Temperature; Mechanical Properties and Shape Recovery Strain of Ni-Ti-Nb Alloy,2012.0,-115.0,-73.0,46.91,Ni46.91Ti44.09Nb9.0 %,44.09,9.0
Z. W. Feng; J. B. Wang; X. J. Mi; W. D. Miao; Z. S. Yuan and J. Zhou,Advanced Materials Research,Effects of Ni/Ti Ratio and Heat-Treatment on Transformation Temperature; Mechanical Properties and Shape Recovery Strain of Ni-Ti-Nb Alloy,2012.0,-122.0,-75.0,47.0,Ni47.0Ti44.0Nb9.0 %,44.0,9.0
Z. W. Feng; J. B. Wang; X. J. Mi; W. D. Miao; Z. S. Yuan and J. Zhou,Advanced Materials Research,Effects of Ni/Ti Ratio and Heat-Treatment on Transformation Temperature; Mechanical Properties and Shape Recovery Strain of Ni-Ti-Nb Alloy,2012.0,-130.0,-84.0,47.15,Ni47.15Ti43.85Nb9.0 %,43.85,9.0
Z. W. Feng; J. B. Wang; X. J. Mi; W. D. Miao; Z. S. Yuan and J. Zhou,Advanced Materials Research,Effects of Ni/Ti Ratio and Heat-Treatment on Transformation Temperature; Mechanical Properties and Shape Recovery Strain of Ni-Ti-Nb Alloy,2012.0,-51.0,-36.0,47.0,Ni47.0Ti44.0Nb9.0 %,44.0,9.0
N. Popov; A. Aushev; T. Sysoeva; E. Shchedrina and E. Suvorova,Russian Metallurgy (Metally),Structure; elemental and phase compositions; and phase transformation kinetics in Ti-Ni-Nb Shape memory alloys,2012.0,-55.0,-45.0,45.0,Ni45.0Ti45.1Nb9.9 %,45.1,9.9
N. Popov; A. Aushev; T. Sysoeva; E. Shchedrina and E. Suvorova,Russian Metallurgy (Metally),Structure; elemental and phase compositions; and phase transformation kinetics in Ti-Ni-Nb Shape memory alloys,2012.0,-60.0,-50.0,45.0,Ni45.0Ti45.0Nb10.0 %,45.0,10.0
N. Popov; A. Aushev; T. Sysoeva; E. Shchedrina and E. Suvorova,Russian Metallurgy (Metally),Structure; elemental and phase compositions; and phase transformation kinetics in Ti-Ni-Nb Shape memory alloys,2012.0,-40.0,-35.0,45.0,Ni45.0Ti45.0Nb10.0 %,45.0,10.0
N. Popov; A. Aushev; T. Sysoeva; E. Shchedrina and E. Suvorova,Russian Metallurgy (Metally),Structure; elemental and phase compositions; and phase transformation kinetics in Ti-Ni-Nb Shape memory alloys,2012.0,-55.0,-40.0,45.0,Ni45.0Ti45.0Nb10.0 %,45.0,10.0
N. Popov; A. Aushev; T. Sysoeva; E. Shchedrina and E. Suvorova,Russian Metallurgy (Metally),Structure; elemental and phase compositions; and phase transformation kinetics in Ti-Ni-Nb Shape memory alloys,2012.0,-55.0,-45.0,45.0,Ni45.0Ti45.0Nb10.0 %,45.0,10.0
N. Popov; A. Aushev; T. Sysoeva; E. Shchedrina and E. Suvorova,Russian Metallurgy (Metally),Structure; elemental and phase compositions; and phase transformation kinetics in Ti-Ni-Nb Shape memory alloys,2012.0,-70.0,-60.0,45.4,Ni45.4Ti44.5Nb10.1 %,44.5,10.1
N. Popov; A. Aushev; T. Sysoeva; E. Shchedrina and E. Suvorova,Russian Metallurgy (Metally),Structure; elemental and phase compositions; and phase transformation kinetics in Ti-Ni-Nb Shape memory alloys,2012.0,-30.0,-20.0,45.4,Ni45.4Ti44.5Nb10.1 %,44.5,10.1
N. Popov; A. Aushev; T. Sysoeva; E. Shchedrina and E. Suvorova,Russian Metallurgy (Metally),Structure; elemental and phase compositions; and phase transformation kinetics in Ti-Ni-Nb Shape memory alloys,2012.0,-80.0,-20.0,45.4,Ni45.4Ti44.5Nb10.1 %,44.5,10.1
N. Popov; A. Aushev; T. Sysoeva; E. Shchedrina and E. Suvorova,Russian Metallurgy (Metally),Structure; elemental and phase compositions; and phase transformation kinetics in Ti-Ni-Nb Shape memory alloys,2012.0,-50.0,-50.0,45.4,Ni45.4Ti44.5Nb10.1 %,44.5,10.1
N. Popov; A. Aushev; T. Sysoeva; E. Shchedrina and E. Suvorova,Russian Metallurgy (Metally),Structure; elemental and phase compositions; and phase transformation kinetics in Ti-Ni-Nb Shape memory alloys,2012.0,-55.0,-50.0,45.4,Ni45.4Ti44.5Nb10.1 %,44.5,10.1
M. Wang; M. Jiang; G. Liao; S. Guo and X. Zhao,Progress in Natural Science: Materials International,Martensitic transformation involved mechanical behaviors and wide hysteresis of NiTiNb shape memory alloys,2012.0,50.0,75.0,50.0,Ni50.0Ti49.0Nb1.0 %,49.0,1.0
M. Wang; M. Jiang; G. Liao; S. Guo and X. Zhao,Progress in Natural Science: Materials International,Martensitic transformation involved mechanical behaviors and wide hysteresis of NiTiNb shape memory alloys,2012.0,16.0,38.0,50.0,Ni50.0Ti48.0Nb2.0 %,48.0,2.0
M. Wang; M. Jiang; G. Liao; S. Guo and X. Zhao,Progress in Natural Science: Materials International,Martensitic transformation involved mechanical behaviors and wide hysteresis of NiTiNb shape memory alloys,2012.0,-43.0,-11.0,50.0,Ni50.0Ti47.0Nb3.0 %,47.0,3.0
M. Wang; M. Jiang; G. Liao; S. Guo and X. Zhao,Progress in Natural Science: Materials International,Martensitic transformation involved mechanical behaviors and wide hysteresis of NiTiNb shape memory alloys,2012.0,-77.0,-48.0,49.6,Ni49.6Ti45.9Nb4.5 %,45.9,4.5
M. Wang; M. Jiang; G. Liao; S. Guo and X. Zhao,Progress in Natural Science: Materials International,Martensitic transformation involved mechanical behaviors and wide hysteresis of NiTiNb shape memory alloys,2012.0,-100.0,-65.0,49.8,Ni49.8Ti45.2Nb5.0 %,45.2,5.0
M. Wang; M. Jiang; G. Liao; S. Guo and X. Zhao,Progress in Natural Science: Materials International,Martensitic transformation involved mechanical behaviors and wide hysteresis of NiTiNb shape memory alloys,2012.0,-73.0,-25.0,47.0,Ni47.0Ti44.0Nb9.0 %,44.0,9.0
E. Choi; H.-K. Hong; H. S. Kim and Y.-S. Chung,Journal of Alloys and Compounds,Hysteretic behavior of NiTi and NiTiNb SMA wires under recovery or pre-stressing stress,2013.0,-34.0,-10.0,47.45,Ni47.45Ti37.86Nb14.69 %,37.86,14.69
E. Choi; H.-K. Hong; H. S. Kim and Y.-S. Chung,Journal of Alloys and Compounds,Hysteretic behavior of NiTi and NiTiNb SMA wires under recovery or pre-stressing stress,2013.0,-18.0,105.0,47.45,Ni47.45Ti37.86Nb14.69 %,37.86,14.69
Y. Z. Huang; S. Q. Lu; J. W. Liu; K. L. Wang; G. F. Li and X. Y. Shu,Advanced Materials Research,Effects of annealing on microstructure and phase transformation temperature of NiTiNb shape memory alloy after equal channel angular pressing,2013.0,-85.0,-48.0,47.0,Ni47.0Ti44.0Nb9.0 %,44.0,9.0
Y. Z. Huang; S. Q. Lu; J. W. Liu; K. L. Wang; G. F. Li and X. Y. Shu,Advanced Materials Research,Effects of annealing on microstructure and phase transformation temperature of NiTiNb shape memory alloy after equal channel angular pressing,2013.0,-88.0,-43.0,47.0,Ni47.0Ti44.0Nb9.0 %,44.0,9.0
Y. Z. Huang; S. Q. Lu; J. W. Liu; K. L. Wang; G. F. Li and X. Y. Shu,Advanced Materials Research,Effects of annealing on microstructure and phase transformation temperature of NiTiNb shape memory alloy after equal channel angular pressing,2013.0,-72.0,-37.0,47.0,Ni47.0Ti44.0Nb9.0 %,44.0,9.0
Y. Z. Huang; S. Q. Lu; J. W. Liu; K. L. Wang; G. F. Li and X. Y. Shu,Advanced Materials Research,Effects of annealing on microstructure and phase transformation temperature of NiTiNb shape memory alloy after equal channel angular pressing,2013.0,-65.0,-30.0,47.0,Ni47.0Ti44.0Nb9.0 %,44.0,9.0
D. Jiang; L. Cui; J. Jiang and Y. Zheng,Materials Research Bulletin,In situ NiTi/Nb (Ti) composite,2013.0,31.0,54.0,20.0,Ni20.0Ti30.0Nb50.0 %,30.0,50.0
D. Jiang; L. Cui; J. Jiang and Y. Zheng,Materials Research Bulletin,In situ NiTi/Nb (Ti) composite,2013.0,24.0,53.0,20.0,Ni20.0Ti28.0Nb52.0 %,28.0,52.0
D. Jiang; L. Cui; J. Jiang and Y. Zheng,Materials Research Bulletin,In situ NiTi/Nb (Ti) composite,2013.0,24.0,46.0,15.0,Ni15.0Ti27.0Nb58.0 %,27.0,58.0
D. Jiang; L. Cui; J. Jiang and Y. Zheng,Materials Research Bulletin,In situ NiTi/Nb (Ti) composite,2013.0,1.0,25.0,15.0,Ni15.0Ti25.0Nb60.0 %,25.0,60.0
D. Jiang; L. Cui; J. Jiang and Y. Zheng,Materials Research Bulletin,In situ NiTi/Nb (Ti) composite,2013.0,-22.0,-1.0,15.0,Ni15.0Ti23.0Nb62.0 %,23.0,62.0
H. Liu; G. Sun; Y. Wang; B. Chen; Q. Tian; X. Wang and C. Zhang,Materials Science and Technology,Texture evolution in shocked Ni47Ti44Nb9 shape memory alloys,2013.0,-46.0,-15.0,47.0,Ni47.0Ti44.0Nb9.0 %,44.0,9.0
F. F. R. Pereira; J. de Brito Simões and C. J. de Araújo,22nd International Congress of Mechanical Engineering (COBEM 2013); Ribeirão Preto-SP. Proceedings of COBEM,Development and thermomechanical characterization of shape memory alloy conical actuators,2013.0,-29.0,4.0,48.0,Ni48.0Ti38.0Nb14.0 %,38.0,14.0
F. F. R. Pereira; J. de Brito Simões and C. J. de Araújo,22nd International Congress of Mechanical Engineering (COBEM 2013); Ribeirão Preto-SP. Proceedings of COBEM,Development and thermomechanical characterization of shape memory alloy conical actuators,2013.0,-31.0,2.0,48.0,Ni48.0Ti38.0Nb14.0 %,38.0,14.0
F. F. R. Pereira; J. de Brito Simões and C. J. de Araújo,22nd International Congress of Mechanical Engineering (COBEM 2013); Ribeirão Preto-SP. Proceedings of COBEM,Development and thermomechanical characterization of shape memory alloy conical actuators,2013.0,-44.0,-5.0,48.0,Ni48.0Ti38.0Nb14.0 %,38.0,14.0
N. Popov; V. Lar’kin; D. Presnyakov; A. Aushev; T. Sysoeva; A. Kostyleva and E. Suvorova,The Physics of Metals and Metallography,Investigation of thermomechanical characteristics of shape-memory alloys of the Ti-Ni-Nb system and of the effect of heat treatment on them,2013.0,-26.0,56.0,44.2,Ni44.2Ti46.5Nb9.3 %,46.5,9.3
N. Popov; V. Lar’kin; D. Presnyakov; A. Aushev; T. Sysoeva; A. Kostyleva and E. Suvorova,The Physics of Metals and Metallography,Investigation of thermomechanical characteristics of shape-memory alloys of the Ti-Ni-Nb system and of the effect of heat treatment on them,2013.0,-19.0,67.0,44.2,Ni44.2Ti46.5Nb9.3 %,46.5,9.3
N. Popov; V. Lar’kin; D. Presnyakov; A. Aushev; T. Sysoeva; A. Kostyleva and E. Suvorova,The Physics of Metals and Metallography,Investigation of thermomechanical characteristics of shape-memory alloys of the Ti-Ni-Nb system and of the effect of heat treatment on them,2013.0,-33.0,67.0,44.2,Ni44.2Ti46.5Nb9.3 %,46.5,9.3
N. Popov; V. Lar’kin; D. Presnyakov; A. Aushev; T. Sysoeva; A. Kostyleva and E. Suvorova,The Physics of Metals and Metallography,Investigation of thermomechanical characteristics of shape-memory alloys of the Ti-Ni-Nb system and of the effect of heat treatment on them,2013.0,-55.0,-45.0,44.2,Ni44.2Ti46.5Nb9.3 %,46.5,9.3
N. Popov; V. Lar’kin; D. Presnyakov; A. Aushev; T. Sysoeva; A. Kostyleva and E. Suvorova,The Physics of Metals and Metallography,Investigation of thermomechanical characteristics of shape-memory alloys of the Ti-Ni-Nb system and of the effect of heat treatment on them,2013.0,-70.0,-60.0,45.0,Ni45.0Ti45.0Nb10.0 %,45.0,10.0
N. Popov; V. Lar’kin; D. Presnyakov; A. Aushev; T. Sysoeva; A. Kostyleva and E. Suvorova,The Physics of Metals and Metallography,Investigation of thermomechanical characteristics of shape-memory alloys of the Ti-Ni-Nb system and of the effect of heat treatment on them,2013.0,-25.0,67.0,45.0,Ni45.0Ti45.0Nb10.0 %,45.0,10.0
N. Popov; V. Lar’kin; D. Presnyakov; A. Aushev; T. Sysoeva; A. Kostyleva and E. Suvorova,The Physics of Metals and Metallography,Investigation of thermomechanical characteristics of shape-memory alloys of the Ti-Ni-Nb system and of the effect of heat treatment on them,2013.0,-24.0,70.0,45.0,Ni45.0Ti45.0Nb10.0 %,45.0,10.0
N. Popov; V. Lar’kin; D. Presnyakov; A. Aushev; T. Sysoeva; A. Kostyleva and E. Suvorova,The Physics of Metals and Metallography,Investigation of thermomechanical characteristics of shape-memory alloys of the Ti-Ni-Nb system and of the effect of heat treatment on them,2013.0,-35.0,-25.0,45.0,Ni45.0Ti45.0Nb10.0 %,45.0,10.0
N. Popov; V. Lar’kin; D. Presnyakov; A. Aushev; T. Sysoeva; A. Kostyleva and E. Suvorova,The Physics of Metals and Metallography,Investigation of thermomechanical characteristics of shape-memory alloys of the Ti-Ni-Nb system and of the effect of heat treatment on them,2013.0,-33.0,76.0,45.0,Ni45.0Ti45.0Nb10.0 %,45.0,10.0
N. Popov; V. Lar’kin; D. Presnyakov; A. Aushev; T. Sysoeva; A. Kostyleva and E. Suvorova,The Physics of Metals and Metallography,Investigation of thermomechanical characteristics of shape-memory alloys of the Ti-Ni-Nb system and of the effect of heat treatment on them,2013.0,-40.0,-20.0,45.0,Ni45.0Ti45.0Nb10.0 %,45.0,10.0
N. Popov; V. Lar’kin; D. Presnyakov; A. Aushev; T. Sysoeva; A. Kostyleva and E. Suvorova,The Physics of Metals and Metallography,Investigation of thermomechanical characteristics of shape-memory alloys of the Ti-Ni-Nb system and of the effect of heat treatment on them,2013.0,-44.0,47.0,45.2,Ni45.2Ti44.5Nb10.3 %,44.5,10.3
N. Popov; V. Lar’kin; D. Presnyakov; A. Aushev; T. Sysoeva; A. Kostyleva and E. Suvorova,The Physics of Metals and Metallography,Investigation of thermomechanical characteristics of shape-memory alloys of the Ti-Ni-Nb system and of the effect of heat treatment on them,2013.0,-49.0,36.0,45.2,Ni45.2Ti44.5Nb10.3 %,44.5,10.3
N. Popov; V. Lar’kin; D. Presnyakov; A. Aushev; T. Sysoeva; A. Kostyleva and E. Suvorova,The Physics of Metals and Metallography,Investigation of thermomechanical characteristics of shape-memory alloys of the Ti-Ni-Nb system and of the effect of heat treatment on them,2013.0,-55.0,-50.0,45.2,Ni45.2Ti44.5Nb10.3 %,44.5,10.3
D. Schryvers; H. Shi; G. T. Martinez; S. Van Aert; J. Frenzel and J. Van Humbeeck,Materials Science Forum,Nano-and microcrystal investigations of precipitates; interfaces and strain fields in Ni-Ti-Nb by various TEM techniques,2013.0,11.0,32.0,45.5,Ni45.5Ti45.5Nb9.0 %,45.5,9.0
D. Schryvers; H. Shi; G. T. Martinez; S. Van Aert; J. Frenzel and J. Van Humbeeck,Materials Science Forum,Nano-and microcrystal investigations of precipitates; interfaces and strain fields in Ni-Ti-Nb by various TEM techniques,2013.0,-40.0,-23.0,45.5,Ni45.5Ti45.5Nb9.0 %,45.5,9.0
D. Schryvers; H. Shi; G. T. Martinez; S. Van Aert; J. Frenzel and J. Van Humbeeck,Materials Science Forum,Nano-and microcrystal investigations of precipitates; interfaces and strain fields in Ni-Ti-Nb by various TEM techniques,2013.0,-47.0,-4.0,45.5,Ni45.5Ti45.5Nb9.0 %,45.5,9.0
D. Schryvers; H. Shi; G. T. Martinez; S. Van Aert; J. Frenzel and J. Van Humbeeck,Materials Science Forum,Nano-and microcrystal investigations of precipitates; interfaces and strain fields in Ni-Ti-Nb by various TEM techniques,2013.0,23.0,42.0,45.5,Ni45.5Ti45.5Nb9.0 %,45.5,9.0
G. Sun; X. Wang; Y. Wang; W. Woo; H. Wang; X. Liu; B. Chen; Y. Q. Fu; L. Sheng and Y. Ren,Materials Science and Engineering: A,In-situ high-energy synchrotron X-ray diffraction study of micromechanical behavior of multiple phases in Ni47Ti44Nb9 shape memory alloy,2013.0,-64.0,-23.0,47.0,Ni47.0Ti44.0Nb9.0 %,44.0,9.0
Y. Yan; W. Jin and X. Li,Metallurgical and Materials Transactions A,Texture development in the Ni 47 Ti 44 Nb 9 shape memory alloy during successive thermomechanical processing and its effect on shape memory and mechanical properties,2013.0,-58.0,-25.0,47.0,Ni47.0Ti44.0Nb9.0 %,44.0,9.0
Y. Yan; W. Jin and X. Li,Metallurgical and Materials Transactions A,Texture development in the Ni 47 Ti 44 Nb 9 shape memory alloy during successive thermomechanical processing and its effect on shape memory and mechanical properties,2013.0,-71.0,-36.0,47.0,Ni47.0Ti44.0Nb9.0 %,44.0,9.0
Y. Yan; W. Jin and X. Li,Metallurgical and Materials Transactions A,Texture development in the Ni 47 Ti 44 Nb 9 shape memory alloy during successive thermomechanical processing and its effect on shape memory and mechanical properties,2013.0,-39.0,-9.0,47.0,Ni47.0Ti44.0Nb9.0 %,44.0,9.0
Y. Yan; W. Jin and X. Li,Metallurgical and Materials Transactions A,Texture development in the Ni 47 Ti 44 Nb 9 shape memory alloy during successive thermomechanical processing and its effect on shape memory and mechanical properties,2013.0,-89.0,-48.0,47.0,Ni47.0Ti44.0Nb9.0 %,44.0,9.0
Y. Yan; W. Jin and X. Li,Metallurgical and Materials Transactions A,Texture development in the Ni 47 Ti 44 Nb 9 shape memory alloy during successive thermomechanical processing and its effect on shape memory and mechanical properties,2013.0,-91.0,-46.0,47.0,Ni47.0Ti44.0Nb9.0 %,44.0,9.0
Y. Yan; W. Jin and X. Li,Metallurgical and Materials Transactions A,Texture development in the Ni 47 Ti 44 Nb 9 shape memory alloy during successive thermomechanical processing and its effect on shape memory and mechanical properties,2013.0,-42.0,-18.0,47.0,Ni47.0Ti44.0Nb9.0 %,44.0,9.0
X. Chen; X. Peng; B. Chen; J. Han; Z. Zeng and N. Hu,Journal of Alloys and Compounds,Experimental investigation to thermal–mechanical behavior of Ni47Ti44Nb9 SMA under pure tension and pure torsion,2014.0,-90.0,-65.0,47.0,Ni47.0Ti44.0Nb9.0 %,44.0,9.0
P. Jiang; Y. Zheng; Y. Tong; F. Chen; B. Tian; L. Li; D. V. Gunderov and R. Z. Valiev,Intermetallics,Transformation hysteresis and shape memory effect of an ultrafine-grained TiNiNb shape memory alloy,2014.0,-81.0,-41.0,44.0,Ni44.0Ti47.0Nb9.0 %,47.0,9.0
P. Jiang; Y. Zheng; Y. Tong; F. Chen; B. Tian; L. Li; D. V. Gunderov and R. Z. Valiev,Intermetallics,Transformation hysteresis and shape memory effect of an ultrafine-grained TiNiNb shape memory alloy,2014.0,-37.0,10.0,44.0,Ni44.0Ti47.0Nb9.0 %,47.0,9.0
X. Shu; S. Lu; G. Li; J. Liu and P. Peng,Journal of Alloys and Compounds,Nb solution influencing on phase transformation temperature of Ni47Ti44Nb9 alloy,2014.0,-33.0,-3.0,47.0,Ni47.0Ti44.0Nb9.0 %,44.0,9.0
X. Shu; S. Lu; G. Li; J. Liu and P. Peng,Journal of Alloys and Compounds,Nb solution influencing on phase transformation temperature of Ni47Ti44Nb9 alloy,2014.0,-29.0,1.0,47.0,Ni47.0Ti44.0Nb9.0 %,44.0,9.0
X. Shu; S. Lu; G. Li; J. Liu and P. Peng,Journal of Alloys and Compounds,Nb solution influencing on phase transformation temperature of Ni47Ti44Nb9 alloy,2014.0,-24.0,7.0,47.0,Ni47.0Ti44.0Nb9.0 %,44.0,9.0
X. Shu; S. Lu; G. Li; J. Liu and P. Peng,Journal of Alloys and Compounds,Nb solution influencing on phase transformation temperature of Ni47Ti44Nb9 alloy,2014.0,-24.0,11.0,47.0,Ni47.0Ti44.0Nb9.0 %,44.0,9.0
X. Shu; S. Lu; G. Li; J. Liu and P. Peng,Journal of Alloys and Compounds,Nb solution influencing on phase transformation temperature of Ni47Ti44Nb9 alloy,2014.0,-21.0,11.0,47.0,Ni47.0Ti44.0Nb9.0 %,44.0,9.0
X. Shu; S. Lu; G. Li; J. Liu and P. Peng,Journal of Alloys and Compounds,Nb solution influencing on phase transformation temperature of Ni47Ti44Nb9 alloy,2014.0,-21.0,14.0,47.0,Ni47.0Ti44.0Nb9.0 %,44.0,9.0
Y. Tong; P. Jiang; F. Chen; B. Tian; L. Li; Y. Zheng; D. V. Gunderov and R. Z. Valiev,Intermetallics,Microstructure and martensitic transformation of an ultrafine-grained TiNiNb shape memory alloy processed by equal channel angular pressing,2014.0,-37.0,-10.0,44.0,Ni44.0Ti47.0Nb9.0 %,47.0,9.0
Y. Tong; P. Jiang; F. Chen; B. Tian; L. Li; Y. Zheng; D. V. Gunderov and R. Z. Valiev,Intermetallics,Microstructure and martensitic transformation of an ultrafine-grained TiNiNb shape memory alloy processed by equal channel angular pressing,2014.0,-81.0,-41.0,44.0,Ni44.0Ti47.0Nb9.0 %,47.0,9.0
C. Bewerse; L. Brinson and D. Dunand,Materials Science and Engineering: A,Microstructure and mechanical properties of as-cast quasibinary NiTi–Nb eutectic alloy,2015.0,-79.0,-66.0,38.9,Ni38.9Ti41.1Nb20.0 %,41.1,20.0
X. Chen; X. Peng; B. Chen; J. Han; Z. Zeng and N. Hu,Smart Materials and Structures,Experimental investigation on transformation; reorientation and plasticity of Ni47Ti44Nb9 SMA under biaxial thermal–mechanical loading,2015.0,-90.0,-68.0,47.0,Ni47.0Ti44.0Nb9.0 %,44.0,9.0
R. F. Hamilton; A. Lanba; O. E. Ozbulut and B. R. Tittmann,Shape Memory and Superelasticity,Shape memory effect in cast versus deformation-processed NiTiNb alloys,2015.0,-49.0,-10.0,47.3,Ni47.3Ti44.1Nb8.6 %,44.1,8.6
R. F. Hamilton; A. Lanba; O. E. Ozbulut and B. R. Tittmann,Shape Memory and Superelasticity,Shape memory effect in cast versus deformation-processed NiTiNb alloys,2015.0,-74.0,-28.0,47.3,Ni47.3Ti44.1Nb8.6 %,44.1,8.6
R. F. Hamilton; A. Lanba; O. E. Ozbulut and B. R. Tittmann,Shape Memory and Superelasticity,Shape memory effect in cast versus deformation-processed NiTiNb alloys,2015.0,-76.0,-31.0,47.3,Ni47.3Ti44.1Nb8.6 %,44.1,8.6
R. F. Hamilton; A. Lanba; O. E. Ozbulut and B. R. Tittmann,Shape Memory and Superelasticity,Shape memory effect in cast versus deformation-processed NiTiNb alloys,2015.0,-87.0,-40.0,47.3,Ni47.3Ti44.1Nb8.6 %,44.1,8.6
R. F. Hamilton; A. Lanba; O. E. Ozbulut and B. R. Tittmann,Shape Memory and Superelasticity,Shape memory effect in cast versus deformation-processed NiTiNb alloys,2015.0,-37.0,11.0,47.3,Ni47.3Ti44.1Nb8.6 %,44.1,8.6
R. F. Hamilton; A. Lanba; O. E. Ozbulut and B. R. Tittmann,Shape Memory and Superelasticity,Shape memory effect in cast versus deformation-processed NiTiNb alloys,2015.0,-66.0,-21.0,47.3,Ni47.3Ti44.1Nb8.6 %,44.1,8.6
A. Lanba,,NiTi-based Shape Memory Alloys: Relating Physical Deformation Mechanisms and the Wide Hysteresis,2015.0,-64.0,-81.0,47.3,Ni47.3Ti44.1Nb8.6 %,44.1,8.6
A. Lanba,,NiTi-based Shape Memory Alloys: Relating Physical Deformation Mechanisms and the Wide Hysteresis,2015.0,-61.0,-33.0,47.3,Ni47.3Ti44.1Nb8.6 %,44.1,8.6
A. Lanba,,NiTi-based Shape Memory Alloys: Relating Physical Deformation Mechanisms and the Wide Hysteresis,2015.0,-77.0,-28.0,47.7,Ni47.7Ti43.5Nb8.8 %,43.5,8.8
A. Lanba,,NiTi-based Shape Memory Alloys: Relating Physical Deformation Mechanisms and the Wide Hysteresis,2015.0,-61.0,-27.0,44.6,Ni44.6Ti42.8Nb12.6 %,42.8,12.6
Y. Shao; D. Jiang; F. Guo; Y. Ru; X. Hu and L. Cui,Materials Science Forum,Fabrication and Property of W/TiNiNb Shape Memory Alloy Laminated Composite,2015.0,-22.0,32.0,46.0,Ni46.0Ti44.0Nb10.0 %,44.0,10.0
Y. Shao; D. Jiang; F. Guo; Y. Ru; X. Hu and L. Cui,Materials Science Forum,Fabrication and Property of W/TiNiNb Shape Memory Alloy Laminated Composite,2015.0,7.0,2.0,46.0,Ni46.0Ti44.0Nb10.0 %,44.0,10.0
T. Goryczka; K. Piżuch and M. Dworak,Key Engineering Materials,Structure and Martensitic Transformation in Ti50Ni (50-X) NbX (X= 5; 10) Alloy Produced by Powder Metallurgy,2016.0,14.0,12.0,45.0,Ni45.0Ti50.0Nb5.0 %,50.0,5.0
T. Goryczka; K. Piżuch and M. Dworak,Key Engineering Materials,Structure and Martensitic Transformation in Ti50Ni (50-X) NbX (X= 5; 10) Alloy Produced by Powder Metallurgy,2016.0,24.0,41.0,45.0,Ni45.0Ti50.0Nb5.0 %,50.0,5.0
T. Goryczka; K. Piżuch and M. Dworak,Key Engineering Materials,Structure and Martensitic Transformation in Ti50Ni (50-X) NbX (X= 5; 10) Alloy Produced by Powder Metallurgy,2016.0,30.0,47.0,40.0,Ni40.0Ti50.0Nb10.0 %,50.0,10.0
T. Goryczka; K. Piżuch and M. Dworak,Key Engineering Materials,Structure and Martensitic Transformation in Ti50Ni (50-X) NbX (X= 5; 10) Alloy Produced by Powder Metallurgy,2016.0,46.0,68.0,40.0,Ni40.0Ti50.0Nb10.0 %,50.0,10.0
K. Li; Y. Li; K. Yu; C. Liu; D. Gibson; A. Leyland; A. Matthews and Y. Q. Fu,Applied Physics Letters,Crystal size induced reduction in thermal hysteresis of Ni-Ti-Nb shape memory thin films,2016.0,-125.0,-66.0,41.7,Ni41.7Ti38.8Nb19.5 %,38.8,19.5
K. Li; Y. Li; K. Yu; C. Liu; D. Gibson; A. Leyland; A. Matthews and Y. Q. Fu,Applied Physics Letters,Crystal size induced reduction in thermal hysteresis of Ni-Ti-Nb shape memory thin films,2016.0,-130.0,-84.0,41.7,Ni41.7Ti38.8Nb19.5 %,38.8,19.5
N. Popov; T. Sysoeva; A. Aushev; V. Lar’kin and A. Kostyleva,Russian Metallurgy (Metally),Properties of a 45Ti–45Ni–10Nb shape memory alloy in the as-cast and pressed states,2016.0,-29.0,67.0,45.0,Ni45.0Ti45.0Nb10.0 %,45.0,10.0
Y. Shao; L. Cui; X. Jiang; F. Guo; Y. Liu and S. Hao,Smart Materials and Structures,Preparing TiNiNb shape memory alloy powders by hydriding–dehydriding process,2016.0,24.0,44.0,45.0,Ni45.0Ti45.0Nb10.0 %,45.0,10.0
Y. Shao; L. Cui; X. Jiang; F. Guo; Y. Liu and S. Hao,Smart Materials and Structures,Preparing TiNiNb shape memory alloy powders by hydriding–dehydriding process,2016.0,31.0,46.0,45.0,Ni45.0Ti45.0Nb10.0 %,45.0,10.0
Y. Shao; L. Cui; X. Jiang; F. Guo; Y. Liu and S. Hao,Smart Materials and Structures,Preparing TiNiNb shape memory alloy powders by hydriding–dehydriding process,2016.0,32.0,56.0,45.0,Ni45.0Ti45.0Nb10.0 %,45.0,10.0
R. Suhail; G. Amato; J. Chen and D. McCrum,Civil Engineering in Ireland 2016,Heat Activated Prestressing of Ni48. 46Ti36. 03Nb15. 42 Shape Memory Alloy for Active Confinement of Concrete Sections,2016.0,-79.0,-22.0,47.3,Ni47.3Ti43.1Nb9.6 %,43.1,9.6
Y. Zhu; H. Wang; Z. Gao and W. Cai,Materials Characterization,Martensitic transformation and microstructure of dual-phase Ti44Ni47Nb9 shape memory alloy after high-velocity impact,2016.0,-48.0,-11.0,47.0,Ni47.0Ti44.0Nb9.0 %,44.0,9.0
E. A. Chyiko; X. Wang; J. Van Humbeeck and S. Kustov,Materials Today: Proceedings,Isothermal martensitic transformation in ternary NiTiNb alloy,2017.0,12.0,37.0,46.8,Ni46.8Ti48.7Nb4.5 %,48.7,4.5
S. Jiang; Z. Mao; Y. Zhang and L. Hu,Procedia Engineering,Mechanisms of nanocrystallization and amorphization of NiTiNb shape memory alloy subjected to severe plastic deformation,2017.0,-44.0,-27.0,47.0,Ni47.0Ti44.0Nb9.0 %,44.0,9.0
L. Junwei; O. Zipeng; L. Shiqiang; J. Yong and H. Yuanzhi,Metal Science and Heat Treatment,Effect of ECAP by Routes Bc and C on the Microstructure and Temperature of Martensitic Transformation of NiTiNb Alloy,2017.0,-88.0,-54.0,47.0,Ni47.0Ti44.0Nb9.0 %,44.0,9.0
L. Junwei; O. Zipeng; L. Shiqiang; J. Yong and H. Yuanzhi,Metal Science and Heat Treatment,Effect of ECAP by Routes Bc and C on the Microstructure and Temperature of Martensitic Transformation of NiTiNb Alloy,2017.0,-44.0,-14.0,47.0,Ni47.0Ti44.0Nb9.0 %,44.0,9.0
L. Junwei; O. Zipeng; L. Shiqiang; J. Yong and H. Yuanzhi,Metal Science and Heat Treatment,Effect of ECAP by Routes Bc and C on the Microstructure and Temperature of Martensitic Transformation of NiTiNb Alloy,2017.0,-54.0,-23.0,47.0,Ni47.0Ti44.0Nb9.0 %,44.0,9.0
F. Niccoli; C. Garion; C. Maletta and P. Chiggiato,Journal of Vacuum Science & Technology A: Vacuum; Surfaces; and Films,Shape-memory alloy rings as tight couplers between ultrahigh-vacuum pipes: Design and experimental assessment,2017.0,-105.0,-75.0,46.4,Ni46.4Ti45.0Nb8.6 %,45.0,8.6
