Authors,Source,Title,Year,Austenite Finish Temperature - AF - (°C),Martensite Finish Temperature - MF - (°C),Cu (at.%),composition,Al (at.%),Mn (at.%)
Babacan; Atli; Turkbas; Karaman; Kockar,Materials Science and Engineering A,The effect of dynamic aging on the cyclic stability of Cu73Al16Mn11 shape memory alloy,2017.0,46.0,12.0,73.0,Cu73.0Al16.0Mn11.0 %,16.0,11.0
Canbay; Keskin,J. Thermal Analysis and Calorimetry,Effects of vanadium and cadmium on transformation temperatures of Cu-Al-Mn shape memory alloy,2014.0,152.0,90.0,74.95,Cu74.95Al21.33Mn3.72 %,21.33,3.72
Dasgupta,Reviews,A look into Cu-based shape memory alloys: Present scenario and future prospects,2014.0,155.0,131.0,76.1,Cu76.1Al23.0Mn0.9 %,23.0,0.9
Dasgupta,Reviews,A look into Cu-based shape memory alloys: Present scenario and future prospects,2014.0,146.0,122.0,71.9,Cu71.9Al23.0Mn5.1 %,23.0,5.1
Dasgupta,Reviews,A look into Cu-based shape memory alloys: Present scenario and future prospects,2014.0,162.0,139.0,69.7,Cu69.7Al24.9Mn5.4 %,24.9,5.4
Dasgupta,Reviews,A look into Cu-based shape memory alloys: Present scenario and future prospects,2014.0,152.0,127.0,72.5,Cu72.5Al20.9Mn6.6 %,20.9,6.6
Dasgupta,Reviews,A look into Cu-based shape memory alloys: Present scenario and future prospects,2014.0,94.0,82.0,70.0,Cu70.0Al22.0Mn8.0 %,22.0,8.0
Dasgupta,Reviews,A look into Cu-based shape memory alloys: Present scenario and future prospects,2014.0,69.0,53.0,70.0,Cu70.0Al21.5Mn8.5 %,21.5,8.5
Dasgupta,Reviews,A look into Cu-based shape memory alloys: Present scenario and future prospects,2014.0,123.0,91.0,71.7,Cu71.7Al19.5Mn8.8 %,19.5,8.8
Dutkiewicz,,SUPERELASTICITY AND SHAPE MEMORY EFFECT IN COPPER BASE ALLOYS,1999.0,38.0,4.0,70.4,Cu70.4Al20.5Mn9.1 %,20.5,9.1
Dutkiewicz,,SUPERELASTICITY AND SHAPE MEMORY EFFECT IN COPPER BASE ALLOYS,1999.0,15.0,-40.0,70.4,Cu70.4Al20.5Mn9.1 %,20.5,9.1
Dutkiewicz,,SUPERELASTICITY AND SHAPE MEMORY EFFECT IN COPPER BASE ALLOYS,1999.0,40.0,14.0,70.4,Cu70.4Al20.5Mn9.1 %,20.5,9.1
Dutkiewicz,,SUPERELASTICITY AND SHAPE MEMORY EFFECT IN COPPER BASE ALLOYS,1999.0,41.0,16.0,70.4,Cu70.4Al20.5Mn9.1 %,20.5,9.1
Dutkiewicz,,SUPERELASTICITY AND SHAPE MEMORY EFFECT IN COPPER BASE ALLOYS,1999.0,43.0,19.0,70.4,Cu70.4Al20.5Mn9.1 %,20.5,9.1
Dutkiewicz,,SUPERELASTICITY AND SHAPE MEMORY EFFECT IN COPPER BASE ALLOYS,1999.0,46.0,20.0,70.4,Cu70.4Al20.5Mn9.1 %,20.5,9.1
Dutkiewicz; Kato; Miura; Messerschmidt; Bartsch,,STRUCTURE CHANGES DURING PSEUDOELASTIC DEFORMATION OF CuAlMn SINGLE CRYSTALS,1996.0,-5.0,-32.0,69.7,Cu69.7Al20.8Mn9.5 %,20.8,9.5
Jiao; Wen; Li; He; Teng,,Effect of solution treatment on damping capacity and shape memory effect of a CuAlMn alloy,2010.0,37.0,-153.0,74.1,Cu74.1Al16.1Mn9.8 %,16.1,9.8
Jiao; Wen; Li; He; Teng,,Effect of solution treatment on damping capacity and shape memory effect of a CuAlMn alloy,2010.0,57.0,-85.0,74.1,Cu74.1Al16.1Mn9.8 %,16.1,9.8
Jiao; Wen; Li; He; Teng,,Effect of solution treatment on damping capacity and shape memory effect of a CuAlMn alloy,2010.0,117.0,-94.0,74.1,Cu74.1Al16.1Mn9.8 %,16.1,9.8
Jiao; Wen; Li; He; Teng,,Effect of solution treatment on damping capacity and shape memory effect of a CuAlMn alloy,2010.0,117.0,-89.0,74.1,Cu74.1Al16.1Mn9.8 %,16.1,9.8
Jiao; Wen; Li; He; Teng,,Effect of solution treatment on damping capacity and shape memory effect of a CuAlMn alloy,2010.0,117.0,-92.0,74.1,Cu74.1Al16.1Mn9.8 %,16.1,9.8
Jiao; Wen; Li; He; Teng,,Effect of solution treatment on damping capacity and shape memory effect of a CuAlMn alloy,2010.0,117.0,-98.0,74.1,Cu74.1Al16.1Mn9.8 %,16.1,9.8
Kainuma; Takahashi; Ishida,,Thermoelastic Martensite and Shape Memory Effect in Ductile Cu-AI-Mn Alloys,1996.0,-41.0,-78.0,73.0,Cu73.0Al17.0Mn10.0 %,17.0,10.0
Kainuma; Takahashi; Ishida,,Thermoelastic Martensite and Shape Memory Effect in Ductile Cu-AI-Mn Alloys,1996.0,-15.0,-49.0,74.0,Cu74.0Al16.0Mn10.0 %,16.0,10.0
Kainuma; Takahashi; Ishida,,Thermoelastic Martensite and Shape Memory Effect in Ductile Cu-AI-Mn Alloys,1996.0,63.0,30.0,73.0,Cu73.0Al17.0Mn10.0 %,17.0,10.0
Kainuma; Takahashi; Ishida,,Thermoelastic Martensite and Shape Memory Effect in Ductile Cu-AI-Mn Alloys,1996.0,97.0,62.0,74.0,Cu74.0Al16.0Mn10.0 %,16.0,10.0
Kainuma; Takahashi; Ishida,,Thermoelastic Martensite and Shape Memory Effect in Ductile Cu-AI-Mn Alloys,1996.0,-60.0,-122.0,73.0,Cu73.0Al14.0Mn13.0 %,14.0,13.0
Kainuma; Takahashi; Ishida,,Thermoelastic Martensite and Shape Memory Effect in Ductile Cu-AI-Mn Alloys,1996.0,-7.0,-67.0,73.0,Cu73.0Al14.0Mn13.0 %,14.0,13.0
Kato; Dutkiewicz; Miura,,SUPERELASTICITY AND SHAPE MEMORY EFFECT IN Cu-23at.%A1-7at.%Mn ALLOY SINGLE CRYSTALS,1994.0,40.0,-5.0,70.0,Cu70.0Al23.0Mn7.0 %,23.0,7.0
Kato; Ozu; Hashimoto; Miura,,Cyclic stress–strain response of superelastic Cu–Al–Mn alloy single crystals,1999.0,-55.0,-86.0,70.0,Cu70.0Al20.0Mn10.0 %,20.0,10.0
Koeda; Omori; Sutou; Suzuki; Wakita; Kainuma; Ishida,,Damping Properties of Ductile Cu-Al-Mn-Based Shape Memory Alloys,2005.0,5.0,-37.0,72.0,Cu72.0Al17.0Mn11.0 %,17.0,11.0
Koeda; Omori; Sutou; Suzuki; Wakita; Kainuma; Ishida,,Damping Properties of Ductile Cu-Al-Mn-Based Shape Memory Alloys,2005.0,0.0,-30.0,72.0,Cu72.0Al17.0Mn11.0 %,17.0,11.0
Kokorin; Kozlova; Titenko,,Temperature hysteresis of martensite transformation in aging Cu–Mn–Al alloy,2002.0,-60.0,-108.0,69.4,Cu69.4Al25.9Mn4.7 %,25.9,4.7
Kokorin; Kozlova; Titenko,,Temperature hysteresis of martensite transformation in aging Cu–Mn–Al alloy,2002.0,-41.0,-80.0,69.4,Cu69.4Al25.9Mn4.7 %,25.9,4.7
Kokorin; Kozlova; Titenko,,Temperature hysteresis of martensite transformation in aging Cu–Mn–Al alloy,2002.0,-40.0,-80.0,69.4,Cu69.4Al25.9Mn4.7 %,25.9,4.7
Kokorin; Kozlova; Titenko,,Temperature hysteresis of martensite transformation in aging Cu–Mn–Al alloy,2002.0,-39.0,-46.0,69.4,Cu69.4Al25.9Mn4.7 %,25.9,4.7
Kokorin; Kozlova; Titenko,,Temperature hysteresis of martensite transformation in aging Cu–Mn–Al alloy,2002.0,-38.0,-60.0,69.4,Cu69.4Al25.9Mn4.7 %,25.9,4.7
Kozlova; Titenko,,Stress-induced martensitic transformation in polycrystalline aged Cu–Al–Mn alloys,2006.0,-60.0,-108.0,68.9,Cu68.9Al26.7Mn4.4 %,26.7,4.4
Kozlova; Titenko,,Stress-induced martensitic transformation in polycrystalline aged Cu–Al–Mn alloys,2006.0,-41.0,-80.0,68.9,Cu68.9Al26.7Mn4.4 %,26.7,4.4
Kozlova; Titenko,,Stress-induced martensitic transformation in polycrystalline aged Cu–Al–Mn alloys,2006.0,-40.0,-80.0,68.9,Cu68.9Al26.7Mn4.4 %,26.7,4.4
Kozlova; Titenko,,Stress-induced martensitic transformation in polycrystalline aged Cu–Al–Mn alloys,2006.0,-39.0,-63.0,68.9,Cu68.9Al26.7Mn4.4 %,26.7,4.4
Kozlova; Titenko,,Stress-induced martensitic transformation in polycrystalline aged Cu–Al–Mn alloys,2006.0,-28.0,-60.0,68.9,Cu68.9Al26.7Mn4.4 %,26.7,4.4
Kozlova; Titenko,,Stress-induced martensitic transformation in polycrystalline aged Cu–Al–Mn alloys,2006.0,15.0,-30.0,70.2,Cu70.2Al24.8Mn5.0 %,24.8,5.0
Kozlova; Titenko,,Stress-induced martensitic transformation in polycrystalline aged Cu–Al–Mn alloys,2006.0,18.0,-27.0,70.2,Cu70.2Al24.8Mn5.0 %,24.8,5.0
Kozlova; Titenko,,Stress-induced martensitic transformation in polycrystalline aged Cu–Al–Mn alloys,2006.0,30.0,-32.0,70.2,Cu70.2Al24.8Mn5.0 %,24.8,5.0
Kozlova; Titenko,,Stress-induced martensitic transformation in polycrystalline aged Cu–Al–Mn alloys,2006.0,28.0,-18.0,70.2,Cu70.2Al24.8Mn5.0 %,24.8,5.0
Kozlova; Titenko,,Stress-induced martensitic transformation in polycrystalline aged Cu–Al–Mn alloys,2006.0,30.0,-18.0,70.2,Cu70.2Al24.8Mn5.0 %,24.8,5.0
Liu; Huang; Xie,,Superelastic anisotropy characteristics of columnar-grained Cu–Al–Mn shape memory alloys and its potential applications,2015.0,-38.3,-64.7,70.9,Cu70.9Al17.9Mn11.2 %,17.9,11.2
Liu; Huang; Xie,,The roles of grain orientation and grain boundary characteristics in the enhanced superelasticity of Cu71.8Al17.8Mn10.4 shape memory alloys,2014.0,-1.5,-51.0,72.0,Cu72.0Al17.8Mn10.2 %,17.8,10.2
Liu; Huang; Xie,,The roles of grain orientation and grain boundary characteristics in the enhanced superelasticity of Cu71.8Al17.8Mn10.4 shape memory alloys,2014.0,-9.1,-44.3,71.8,Cu71.8Al17.8Mn10.4 %,17.8,10.4
Lopez del Castillo; Hernaez,,The effect of thermal and stress cycling on thermoelastic martensite formation in Cu-AI-M n alloys,1986.0,198.0,98.0,73.7,Cu73.7Al22.3Mn4.0 %,22.3,4.0
Lopez del Castillo; Hernaez,,The effect of thermal and stress cycling on thermoelastic martensite formation in Cu-AI-M n alloys,1986.0,114.0,-14.0,71.1,Cu71.1Al23.6Mn5.3 %,23.6,5.3
Lopez del Castillo; Hernaez,,The effect of thermal and stress cycling on thermoelastic martensite formation in Cu-AI-M n alloys,1986.0,70.0,-39.0,70.4,Cu70.4Al23.6Mn6.0 %,23.6,6.0
Lopez del Castillo; Hernaez,,The effect of thermal and stress cycling on thermoelastic martensite formation in Cu-AI-M n alloys,1986.0,-60.0,-135.0,70.0,Cu70.0Al22.7Mn7.3 %,22.7,7.3
Lopez; Mellor; Blazquez; Gomez,,The stabilization of martensite in Cu-AI-Mn alloys,1988.0,93.0,-10.0,71.4,Cu71.4Al22.7Mn5.9 %,22.7,5.9
Lopez; Mellor; Blazquez; Gomez,,The stabilization of martensite in Cu-AI-Mn alloys,1988.0,119.0,59.0,72.4,Cu72.4Al21.7Mn5.9 %,21.7,5.9
Lopez; Mellor; Blazquez; Gomez,,The stabilization of martensite in Cu-AI-Mn alloys,1988.0,132.0,59.0,72.2,Cu72.2Al21.7Mn6.1 %,21.7,6.1
Lopez; Mellor; Blazquez; Gomez,,The stabilization of martensite in Cu-AI-Mn alloys,1988.0,79.0,10.0,71.5,Cu71.5Al21.6Mn6.9 %,21.6,6.9
Lopez; Mellor; Blazquez; Gomez,,The stabilization of martensite in Cu-AI-Mn alloys,1988.0,93.0,15.0,71.4,Cu71.4Al21.6Mn7.0 %,21.6,7.0
Lopez; Mellor; Blazquez; Gomez,,The stabilization of martensite in Cu-AI-Mn alloys,1988.0,107.0,35.0,71.7,Cu71.7Al21.3Mn7.0 %,21.3,7.0
Lopez; Mellor; Blazquez; Gomez,,The stabilization of martensite in Cu-AI-Mn alloys,1988.0,54.0,-10.0,70.7,Cu70.7Al21.8Mn7.5 %,21.8,7.5
Mallik; Sampath,,Effect of alloying on microstructure and shape memory characteristics of Cu–Al–Mn shape memory alloys,2008.0,155.0,108.0,76.1,Cu76.1Al23.0Mn0.9 %,23.0,0.9
Mallik; Sampath,,Effect of composition and ageing on damping characteristics of Cu–Al–Mn shape memory alloys,2008.0,93.8,48.0,71.8,Cu71.8Al26.5Mn1.7 %,26.5,1.7
Mallik; Sampath,,Effect of composition and ageing on damping characteristics of Cu–Al–Mn shape memory alloys,2008.0,117.0,76.3,72.8,Cu72.8Al25.1Mn2.1 %,25.1,2.1
Mallik; Sampath,,Influence of aluminum and manganese concentration on the shape memory characteristics of Cu–Al–Mn shape memory alloys,2008.0,117.0,76.3,72.8,Cu72.8Al25.1Mn2.1 %,25.1,2.1
Mallik; Sampath,,Effect of composition and ageing on damping characteristics of Cu–Al–Mn shape memory alloys,2008.0,72.1,25.0,69.2,Cu69.2Al28.5Mn2.3 %,28.5,2.3
Mallik; Sampath,,Effect of composition and ageing on damping characteristics of Cu–Al–Mn shape memory alloys,2008.0,114.9,59.6,70.7,Cu70.7Al27.0Mn2.3 %,27.0,2.3
Mallik; Sampath,,Effect of composition and ageing on damping characteristics of Cu–Al–Mn shape memory alloys,2008.0,94.0,35.0,70.7,Cu70.7Al27.0Mn2.3 %,27.0,2.3
Mallik; Sampath,,Effect of composition and ageing on damping characteristics of Cu–Al–Mn shape memory alloys,2008.0,76.0,26.8,70.2,Cu70.2Al27.4Mn2.4 %,27.4,2.4
Mallik; Sampath,,Effect of composition and ageing on damping characteristics of Cu–Al–Mn shape memory alloys,2008.0,168.5,110.2,73.4,Cu73.4Al23.6Mn3.0 %,23.6,3.0
Mallik; Sampath,,Effect of composition and ageing on damping characteristics of Cu–Al–Mn shape memory alloys,2008.0,114.2,63.4,73.4,Cu73.4Al23.6Mn3.0 %,23.6,3.0
Mallik; Sampath,,Effect of composition and ageing on damping characteristics of Cu–Al–Mn shape memory alloys,2008.0,99.0,52.9,70.1,Cu70.1Al26.8Mn3.1 %,26.8,3.1
Mallik; Sampath,,Effect of composition and ageing on damping characteristics of Cu–Al–Mn shape memory alloys,2008.0,94.0,25.0,70.1,Cu70.1Al26.8Mn3.1 %,26.8,3.1
Mallik; Sampath,,Effect of composition and ageing on damping characteristics of Cu–Al–Mn shape memory alloys,2008.0,105.2,62.5,72.9,Cu72.9Al24.0Mn3.1 %,24.0,3.1
Mallik; Sampath,,Influence of aluminum and manganese concentration on the shape memory characteristics of Cu–Al–Mn shape memory alloys,2008.0,105.2,62.5,72.9,Cu72.9Al24.0Mn3.1 %,24.0,3.1
Mallik; Sampath,,Effect of composition and ageing on damping characteristics of Cu–Al–Mn shape memory alloys,2008.0,94.8,52.3,72.2,Cu72.2Al24.0Mn3.8 %,24.0,3.8
Mallik; Sampath,,Influence of aluminum and manganese concentration on the shape memory characteristics of Cu–Al–Mn shape memory alloys,2008.0,94.8,52.3,72.2,Cu72.2Al24.0Mn3.8 %,24.0,3.8
Mallik; Sampath,,Effect of composition and ageing on damping characteristics of Cu–Al–Mn shape memory alloys,2008.0,88.6,45.4,71.7,Cu71.7Al24.2Mn4.1 %,24.2,4.1
Mallik; Sampath,,Influence of aluminum and manganese concentration on the shape memory characteristics of Cu–Al–Mn shape memory alloys,2008.0,88.6,45.4,71.7,Cu71.7Al24.2Mn4.1 %,24.2,4.1
Mallik; Sampath,,Effect of composition and ageing on damping characteristics of Cu–Al–Mn shape memory alloys,2008.0,-5.7,-44.1,67.1,Cu67.1Al28.5Mn4.4 %,28.5,4.4
Mallik; Sampath,,Effect of alloying on microstructure and shape memory characteristics of Cu–Al–Mn shape memory alloys,2008.0,146.0,100.0,71.9,Cu71.9Al23.0Mn5.1 %,23.0,5.1
Mallik; Sampath,,Effect of alloying on microstructure and shape memory characteristics of Cu–Al–Mn shape memory alloys,2008.0,162.0,118.0,69.7,Cu69.7Al24.9Mn5.4 %,24.9,5.4
Mallik; Sampath,,Influence of aluminum and manganese concentration on the shape memory characteristics of Cu–Al–Mn shape memory alloys,2008.0,61.6,16.4,69.7,Cu69.7Al24.9Mn5.4 %,24.9,5.4
Mallik; Sampath,,Effect of composition and ageing on damping characteristics of Cu–Al–Mn shape memory alloys,2008.0,43.1,1.8,68.3,Cu68.3Al25.8Mn5.9 %,25.8,5.9
Mallik; Sampath,,Influence of aluminum and manganese concentration on the shape memory characteristics of Cu–Al–Mn shape memory alloys,2008.0,43.1,1.8,68.3,Cu68.3Al25.8Mn5.9 %,25.8,5.9
Mallik; Sampath,,Influence of aluminum and manganese concentration on the shape memory characteristics of Cu–Al–Mn shape memory alloys,2008.0,68.0,21.2,70.0,Cu70.0Al24.1Mn5.9 %,24.1,5.9
Mallik; Sampath,,Influence of aluminum and manganese concentration on the shape memory characteristics of Cu–Al–Mn shape memory alloys,2008.0,68.0,21.2,70.0,Cu70.0Al24.1Mn5.9 %,24.1,5.9
Mallik; Sampath,,Effect of composition and ageing on damping characteristics of Cu–Al–Mn shape memory alloys,2008.0,68.0,21.2,70.0,Cu70.0Al24.0Mn6.0 %,24.0,6.0
Mallik; Sampath,,Influence of aluminum and manganese concentration on the shape memory characteristics of Cu–Al–Mn shape memory alloys,2008.0,94.0,49.0,72.0,Cu72.0Al22.0Mn6.0 %,22.0,6.0
Mallik; Sampath,,Effect of composition and ageing on damping characteristics of Cu–Al–Mn shape memory alloys,2008.0,94.0,49.0,72.0,Cu72.0Al22.0Mn6.0 %,22.0,6.0
Mallik; Sampath,,Effect of composition and ageing on damping characteristics of Cu–Al–Mn shape memory alloys,2008.0,28.9,-12.0,67.4,Cu67.4Al26.4Mn6.2 %,26.4,6.2
Mallik; Sampath,,Influence of aluminum and manganese concentration on the shape memory characteristics of Cu–Al–Mn shape memory alloys,2008.0,28.9,-12.0,67.4,Cu67.4Al26.4Mn6.2 %,26.4,6.2
Mallik; Sampath,,Influence of aluminum and manganese concentration on the shape memory characteristics of Cu–Al–Mn shape memory alloys,2008.0,2.3,-38.6,65.8,Cu65.8Al27.9Mn6.3 %,27.9,6.3
Mallik; Sampath,,Effect of alloying on microstructure and shape memory characteristics of Cu–Al–Mn shape memory alloys,2008.0,152.0,106.0,72.5,Cu72.5Al20.9Mn6.6 %,20.9,6.6
Mallik; Sampath,,Effect of composition and ageing on damping characteristics of Cu–Al–Mn shape memory alloys,2008.0,29.8,-16.1,67.4,Cu67.4Al25.8Mn6.8 %,25.8,6.8
Mallik; Sampath,,Effect of composition and ageing on damping characteristics of Cu–Al–Mn shape memory alloys,2008.0,34.5,-3.8,68.2,Cu68.2Al24.9Mn6.9 %,24.9,6.9
Mallik; Sampath,,Influence of aluminum and manganese concentration on the shape memory characteristics of Cu–Al–Mn shape memory alloys,2008.0,34.5,-3.8,68.2,Cu68.2Al24.9Mn6.9 %,24.9,6.9
Mallik; Sampath,,Influence of aluminum and manganese concentration on the shape memory characteristics of Cu–Al–Mn shape memory alloys,2008.0,45.7,8.6,69.0,Cu69.0Al24.1Mn6.9 %,24.1,6.9
Mallik; Sampath,,Effect of composition and ageing on damping characteristics of Cu–Al–Mn shape memory alloys,2008.0,80.0,35.0,71.6,Cu71.6Al21.4Mn7.0 %,21.4,7.0
Mallik; Sampath,,Influence of aluminum and manganese concentration on the shape memory characteristics of Cu–Al–Mn shape memory alloys,2008.0,-30.0,-68.4,63.8,Cu63.8Al28.9Mn7.3 %,28.9,7.3
Mallik; Sampath,,Influence of aluminum and manganese concentration on the shape memory characteristics of Cu–Al–Mn shape memory alloys,2008.0,-14.6,-53.3,64.9,Cu64.9Al27.4Mn7.7 %,27.4,7.7
Mallik; Sampath,,Effect of composition and ageing on damping characteristics of Cu–Al–Mn shape memory alloys,2008.0,13.0,-28.2,66.5,Cu66.5Al25.7Mn7.8 %,25.7,7.8
Mallik; Sampath,,Influence of aluminum and manganese concentration on the shape memory characteristics of Cu–Al–Mn shape memory alloys,2008.0,13.0,-28.2,66.5,Cu66.5Al25.7Mn7.8 %,25.7,7.8
Mallik; Sampath,,Effect of composition and ageing on damping characteristics of Cu–Al–Mn shape memory alloys,2008.0,22.0,-20.7,67.3,Cu67.3Al24.9Mn7.8 %,24.9,7.8
Mallik; Sampath,,Influence of aluminum and manganese concentration on the shape memory characteristics of Cu–Al–Mn shape memory alloys,2008.0,22.0,-20.7,67.3,Cu67.3Al24.9Mn7.8 %,24.9,7.8
Mallik; Sampath,,Influence of aluminum and manganese concentration on the shape memory characteristics of Cu–Al–Mn shape memory alloys,2008.0,22.0,-20.7,67.3,Cu67.3Al24.9Mn7.8 %,24.9,7.8
Mallik; Sampath,,Effect of composition and ageing on damping characteristics of Cu–Al–Mn shape memory alloys,2008.0,33.4,-5.4,68.1,Cu68.1Al24.0Mn7.9 %,24.0,7.9
Mallik; Sampath,,Influence of aluminum and manganese concentration on the shape memory characteristics of Cu–Al–Mn shape memory alloys,2008.0,33.4,-5.4,68.1,Cu68.1Al24.0Mn7.9 %,24.0,7.9
Mallik; Sampath,,Influence of aluminum and manganese concentration on the shape memory characteristics of Cu–Al–Mn shape memory alloys,2008.0,33.4,-5.4,68.1,Cu68.1Al24.0Mn7.9 %,24.0,7.9
Mallik; Sampath,,Effect of composition and ageing on damping characteristics of Cu–Al–Mn shape memory alloys,2008.0,78.1,40.5,68.9,Cu68.9Al23.2Mn7.9 %,23.2,7.9
Mallik; Sampath,,Effect of composition and ageing on damping characteristics of Cu–Al–Mn shape memory alloys,2008.0,48.2,6.5,68.9,Cu68.9Al23.2Mn7.9 %,23.2,7.9
Mallik; Sampath,,Influence of aluminum and manganese concentration on the shape memory characteristics of Cu–Al–Mn shape memory alloys,2008.0,48.2,6.0,68.9,Cu68.9Al23.2Mn7.9 %,23.2,7.9
Mallik; Sampath,,Effect of alloying on microstructure and shape memory characteristics of Cu–Al–Mn shape memory alloys,2008.0,94.0,59.0,70.0,Cu70.0Al22.0Mn8.0 %,22.0,8.0
Mallik; Sampath,,Effect of alloying on microstructure and shape memory characteristics of Cu–Al–Mn shape memory alloys,2008.0,69.0,37.0,70.0,Cu70.0Al21.5Mn8.5 %,21.5,8.5
Mallik; Sampath,,Influence of aluminum and manganese concentration on the shape memory characteristics of Cu–Al–Mn shape memory alloys,2008.0,10.2,-35.9,66.3,Cu66.3Al24.9Mn8.8 %,24.9,8.8
Mallik; Sampath,,Effect of alloying on microstructure and shape memory characteristics of Cu–Al–Mn shape memory alloys,2008.0,123.0,69.0,71.7,Cu71.7Al19.5Mn8.8 %,19.5,8.8
Mallik; Sampath,,Influence of aluminum and manganese concentration on the shape memory characteristics of Cu–Al–Mn shape memory alloys,2008.0,3.2,-32.6,66.2,Cu66.2Al24.0Mn9.8 %,24.0,9.8
MVAMos; Manosa; Planes; Romero; Castro,,Kinetics of the phase separation in Cu–Al–Mn alloys and the influence on martensitic transformations,2004.0,42.0,-13.0,70.1,Cu70.1Al23.6Mn6.3 %,23.6,6.3
MVAMos; Manosa; Planes; Romero; Castro,,Kinetics of the phase separation in Cu–Al–Mn alloys and the influence on martensitic transformations,2004.0,42.0,-23.0,70.1,Cu70.1Al23.6Mn6.3 %,23.6,6.3
MVAMos; Manosa; Planes; Romero; Castro,,Kinetics of the phase separation in Cu–Al–Mn alloys and the influence on martensitic transformations,2004.0,-3.0,-63.0,69.3,Cu69.3Al23.8Mn6.9 %,23.8,6.9
MVAMos; Manosa; Planes; Romero; Castro,,Kinetics of the phase separation in Cu–Al–Mn alloys and the influence on martensitic transformations,2004.0,-13.0,-61.0,69.3,Cu69.3Al23.8Mn6.9 %,23.8,6.9
MVAMos; Manosa; Planes; Romero; Castro,,Kinetics of the phase separation in Cu–Al–Mn alloys and the influence on martensitic transformations,2004.0,-48.0,-113.0,68.2,Cu68.2Al22.8Mn9.0 %,22.8,9.0
MVAMos; Manosa; Planes; Romero; Castro,,Kinetics of the phase separation in Cu–Al–Mn alloys and the influence on martensitic transformations,2004.0,-48.0,-103.0,68.2,Cu68.2Al22.8Mn9.0 %,22.8,9.0
Mellor ;Hernaez; Castillo,,SHAPE MEMORY EFFECTS IN A Cu-AI-Mn ALLOY,1986.0,88.0,-32.0,70.5,Cu70.5Al22.8Mn6.7 %,22.8,6.7
Mielczarek; Riehemann; Vogelgesang; Tonn,,Mechanical and fatigue properties of Cu - Al - Mn shape memory alloys with influence of mechanical cycling on amplitude dependence of internal friction at room temperature,2008.0,200.0,80.0,72.0,Cu72.0Al25.0Mn3.0 %,25.0,3.0
Mielczarek; Riehemann; Vogelgesang; Tonn,,Mechanical and fatigue properties of Cu - Al - Mn shape memory alloys with influence of mechanical cycling on amplitude dependence of internal friction at room temperature,2008.0,45.0,6.0,71.4,Cu71.4Al25.4Mn3.2 %,25.4,3.2
Mielczarek; Wockel;Riehemann,,Effect of cold rolling on the damping of as cast Cu – Al - Mn shape memory alloys,2008.0,50.0,-29.0,71.6,Cu71.6Al24.2Mn4.2 %,24.2,4.2
Mielczarek; Riehemann; Vogelgesang; Tonn,,Mechanical and fatigue properties of Cu - Al - Mn shape memory alloys with influence of mechanical cycling on amplitude dependence of internal friction at room temperature,2008.0,60.0,-10.0,71.8,Cu71.8Al23.6Mn4.6 %,23.6,4.6
Mielczarek; Riehemann; Vogelgesang; Tonn,,Mechanical and fatigue properties of Cu - Al - Mn shape memory alloys with influence of mechanical cycling on amplitude dependence of internal friction at room temperature,2008.0,100.0,0.0,72.0,Cu72.0Al23.3Mn4.7 %,23.3,4.7
Mielczarek; Riehemann; Vogelgesang; Tonn,,Mechanical and fatigue properties of Cu - Al - Mn shape memory alloys with influence of mechanical cycling on amplitude dependence of internal friction at room temperature,2008.0,-8.0,-50.0,70.8,Cu70.8Al24.3Mn4.9 %,24.3,4.9
Mielczarek; Riehemann; Vogelgesang; Tonn,,Mechanical and fatigue properties of Cu - Al - Mn shape memory alloys with influence of mechanical cycling on amplitude dependence of internal friction at room temperature,2008.0,90.0,20.0,71.8,Cu71.8Al23.3Mn4.9 %,23.3,4.9
Mielczarek; Riehemann; Vogelgesang; Tonn,,Mechanical and fatigue properties of Cu - Al - Mn shape memory alloys with influence of mechanical cycling on amplitude dependence of internal friction at room temperature,2008.0,90.0,20.0,71.6,Cu71.6Al23.4Mn5.0 %,23.4,5.0
Mielczarek; Riehemann; Vogelgesang; Tonn,,Mechanical and fatigue properties of Cu - Al - Mn shape memory alloys with influence of mechanical cycling on amplitude dependence of internal friction at room temperature,2008.0,120.0,0.0,71.7,Cu71.7Al23.2Mn5.1 %,23.2,5.1
Mielczarek; Riehemann; Vogelgesang; Tonn,,Mechanical and fatigue properties of Cu - Al - Mn shape memory alloys with influence of mechanical cycling on amplitude dependence of internal friction at room temperature,2008.0,125.0,20.0,71.8,Cu71.8Al23.1Mn5.1 %,23.1,5.1
Mielczarek; Riehemann; Vogelgesang; Tonn,,Mechanical and fatigue properties of Cu - Al - Mn shape memory alloys with influence of mechanical cycling on amplitude dependence of internal friction at room temperature,2008.0,65.0,18.0,70.8,Cu70.8Al24.0Mn5.2 %,24.0,5.2
Mielczarek; Riehemann; Vogelgesang; Tonn,,Mechanical and fatigue properties of Cu - Al - Mn shape memory alloys with influence of mechanical cycling on amplitude dependence of internal friction at room temperature,2008.0,136.0,-20.0,71.1,Cu71.1Al22.2Mn6.7 %,22.2,6.7
Obrado; Manosa; Planes,,Stability of the bcc phase of Cu-Al-Mn shape-memory alloys,1997.0,-35.0,-73.0,69.29,Cu69.29Al23.76Mn6.95 %,23.76,6.95
Obrado; Manosa; Planes,,Stability of the bcc phase of Cu-Al-Mn shape-memory alloys,1997.0,30.0,2.0,70.89,Cu70.89Al19.96Mn9.15 %,19.96,9.15
Omori; Wang; Sutou; Kainuma; Ishida,,Two-Way Shape Memory Effect Induced by Bending Deformation in Ductile Cu–Al–Mn Alloys,2002.0,7.0,-38.0,72.0,Cu72.0Al17.0Mn11.0 %,17.0,11.0
Omori; Wang; Sutou; Kainuma; Ishida,,Two-Way Shape Memory Effect Induced by Bending Deformation in Ductile Cu–Al–Mn Alloys,2002.0,15.0,-18.0,72.0,Cu72.0Al17.0Mn11.0 %,17.0,11.0
Pan; Li; Wang; Deng; Li; Zheng,,The effect of non-isothermal aging on the phase of Cu73Al24Mn3 alloy,2007.0,270.0,125.0,73.0,Cu73.0Al24.0Mn3.0 %,24.0,3.0
Prado,,THE INFLUENCE OF b PHASE AGING ON THE MARTENSITIC TRANSFORMATION TEMPERATURES OF CuMnAl ALLOYS,1998.0,-14.0,-53.0,71.3,Cu71.3Al18.8Mn9.9 %,18.8,9.9
Prado,,THE INFLUENCE OF b PHASE AGING ON THE MARTENSITIC TRANSFORMATION TEMPERATURES OF CuMnAl ALLOYS,1998.0,30.0,0.0,71.3,Cu71.3Al18.8Mn9.9 %,18.8,9.9
Prado,,THE INFLUENCE OF b PHASE AGING ON THE MARTENSITIC TRANSFORMATION TEMPERATURES OF CuMnAl ALLOYS,1998.0,45.0,3.0,71.3,Cu71.3Al18.8Mn9.9 %,18.8,9.9
Prado,,THE INFLUENCE OF b PHASE AGING ON THE MARTENSITIC TRANSFORMATION TEMPERATURES OF CuMnAl ALLOYS,1998.0,-100.0,-155.0,70.8,Cu70.8Al18.0Mn11.2 %,18.0,11.2
Prado,,THE INFLUENCE OF b PHASE AGING ON THE MARTENSITIC TRANSFORMATION TEMPERATURES OF CuMnAl ALLOYS,1998.0,-37.0,-137.0,70.8,Cu70.8Al18.0Mn11.2 %,18.0,11.2
Prado,,THE INFLUENCE OF b PHASE AGING ON THE MARTENSITIC TRANSFORMATION TEMPERATURES OF CuMnAl ALLOYS,1998.0,-16.0,-61.0,70.8,Cu70.8Al18.0Mn11.2 %,18.0,11.2
Prado,,THE INFLUENCE OF b PHASE AGING ON THE MARTENSITIC TRANSFORMATION TEMPERATURES OF CuMnAl ALLOYS,1998.0,-198.0,-255.0,70.1,Cu70.1Al16.9Mn13.0 %,16.9,13.0
Prado,,THE INFLUENCE OF b PHASE AGING ON THE MARTENSITIC TRANSFORMATION TEMPERATURES OF CuMnAl ALLOYS,1998.0,-123.0,-185.0,70.1,Cu70.1Al16.9Mn13.0 %,16.9,13.0
Prado,,THE INFLUENCE OF b PHASE AGING ON THE MARTENSITIC TRANSFORMATION TEMPERATURES OF CuMnAl ALLOYS,1998.0,-107.0,-144.0,70.1,Cu70.1Al16.9Mn13.0 %,16.9,13.0
Quian; Geng; Wang; Pillsbury; Hada; Yamagucki; Fujimoto; Hwang; Radermacher; Cui; Yuki; Toyotake; Takeuchi,,Elastocaloric effect in CuAlZn and CuAlMn shape memory alloys under compression,2016.0,-12.0,-52.0,73.0,Cu73.0Al15.0Mn12.0 %,15.0,12.0
Qian; Geng; Wang ; Pillsbury ; Hada ;Yamaguchi ;Fujimoto ;Hwang ;Radermacher ; Cui ;Yuki ; Toyotake; Takeuchi,,Elastocaloric effect in CuAlZn and CuAlMn shape memory alloys under compression,2016.0,-12.0,-39.0,73.0,Cu73.0Al15.0Mn12.0 %,15.0,12.0
Sutou; Omori; Okamoto; Kainuma; Ishida,,Effect of grain refinement on the mechanical and shape memory properties of Cu-AI-Mn base alloys,2001.0,76.0,36.0,73.0,Cu73.0Al17.0Mn10.0 %,17.0,10.0
Sutou; Omori; Okamoto; Kainuma; Ishida,,Effect of grain refinement on the mechanical and shape memory properties of Cu-AI-Mn base alloys,2001.0,97.0,59.0,74.0,Cu74.0Al16.0Mn10.0 %,16.0,10.0
Titenko; Demchenko,,Effect of Annealing in Magnetic Field on Ferromagnetic Nanoparticle Formation in Cu-Al-Mn Alloy with Induced Martensite Transformation,2016.0,19.0,-26.0,73.2,Cu73.2Al22.6Mn4.2 %,22.6,4.2
Trehern,Materials letters,Exploring thermomechanical functionality of CuAlMn as an extreme low temperature shape memory alloy,,-116.0,-153.0,69.4,Cu69.4Al18.6Mn12.0 %,18.6,12.0
Trehern,Materials letters,Exploring thermomechanical functionality of CuAlMn as an extreme low temperature shape memory alloy,,-151.0,-181.0,69.2,Cu69.2Al18.6Mn12.2 %,18.6,12.2
Trehern,Materials letters,Exploring thermomechanical functionality of CuAlMn as an extreme low temperature shape memory alloy,,-157.0,-197.0,68.8,Cu68.8Al18.6Mn12.6 %,18.6,12.6
Trehern,Materials letters,Exploring thermomechanical functionality of CuAlMn as an extreme low temperature shape memory alloy,,-182.0,-226.0,68.6,Cu68.6Al18.6Mn12.8 %,18.6,12.8
Ursanu; Stanciu; Pricop; Sandulache; Cimpoesu,,Dynamic mechanical analyze of superelastic CuMnAl shape memory alloy,,7.0,-89.0,69.5,Cu69.5Al20.5Mn10.0 %,20.5,10.0
Wang; Lu; Cui; Xu; Yang,,Internal friction of a CuAlMn shape memory alloy studied as a function of frequency,,345.0,200.0,73.5,Cu73.5Al24.0Mn2.5 %,24.0,2.5
Xu; Huang; Xie; Kimura; Xu; Omori; Kainuma,,Dynamic Recovery and Superelasticity of Columnar-Grained Cu–Al–Mn Shape Memory Alloy,,-40.0,-68.0,57.0,Cu57.0Al33.0Mn10.0 %,33.0,10.0
Zarubova; Novak,,Phase stability of CuAlMn shape memory alloys,,0.0,-43.0,70.6,Cu70.6Al25.3Mn4.1 %,25.3,4.1
Zarubova; Novak,,Phase stability of CuAlMn shape memory alloys,,22.0,-8.0,70.9,Cu70.9Al20.4Mn8.7 %,20.4,8.7
K. Sugimoto; T. Mori; K. Otsuka and K. Shimizu,Scripta Metallurgica,Simultaneous measurements of internal friction; young's modulus and shape change associated with thermoelastic martensite transformation in Cu-Al-Ni single crystals,1974.0,-44.0,-110.0,67.9,Cu67.9Al28.3Mn3.8 %,28.3,3.8
K. Sugimoto; T. Mori; K. Otsuka and K. Shimizu,Scripta Metallurgica,Simultaneous measurements of internal friction; young's modulus and shape change associated with thermoelastic martensite transformation in Cu-Al-Ni single crystals,1974.0,-100.0,-150.0,67.6,Cu67.6Al28.4Mn4.0 %,28.4,4.0
L. Brown,Metallurgical and Materials Transactions A,Pseudoelasticity in β Cu Al Ni alloys at temperatures belowMs,1975.0,30.0,-28.0,69.3,Cu69.3Al28.0Mn2.7 %,28.0,2.7
K. Otsuka; H. Sakamoto and K. Shimizu,Scripta Metallurgica,Two stage superelasticity associated with successive martensite-to-martensite transformations,1976.0,68.0,19.0,68.6,Cu68.6Al27.6Mn3.8 %,27.6,3.8
K. Otsuka; C. Wayman; K. Nakai; H. Sakamoto and K. Shimizu,Acta Metallurgica,Superelasticity effects and stress-induced martensitic transformations in Cu-Al-Ni alloys,1976.0,-90.0,-150.0,67.6,Cu67.6Al28.4Mn4.0 %,28.4,4.0
K. Otsuka; C. Wayman; K. Nakai; H. Sakamoto and K. Shimizu,Acta Metallurgica,Superelasticity effects and stress-induced martensitic transformations in Cu-Al-Ni alloys,1976.0,10.0,-39.0,67.6,Cu67.6Al28.4Mn4.0 %,28.4,4.0
K. Otsuka; C. Wayman; K. Nakai; H. Sakamoto and K. Shimizu,Acta Metallurgica,Superelasticity effects and stress-induced martensitic transformations in Cu-Al-Ni alloys,1976.0,14.0,-42.0,67.6,Cu67.6Al28.4Mn4.0 %,28.4,4.0
K. Otsuka; C. Wayman; K. Nakai; H. Sakamoto and K. Shimizu,Acta Metallurgica,Superelasticity effects and stress-induced martensitic transformations in Cu-Al-Ni alloys,1976.0,21.0,-30.0,67.6,Cu67.6Al28.4Mn4.0 %,28.4,4.0
K. Otsuka; C. Wayman; K. Nakai; H. Sakamoto and K. Shimizu,Acta Metallurgica,Superelasticity effects and stress-induced martensitic transformations in Cu-Al-Ni alloys,1976.0,38.5,-11.5,67.6,Cu67.6Al28.4Mn4.0 %,28.4,4.0
N. Yang; C. Laird and D. P. Pope,Metallurgical Transactions A,The cyclic stress-strain response of polycrystalline; pseudoelastic Cu-14.5 wt pct Al-3 wt pct Ni alloy,1977.0,-20.0,-68.0,68.8,Cu68.8Al28.5Mn2.7 %,28.5,2.7
H. Sakamoto; K. Otsuka and K. Shimizu,Scripta Metallurgica,The heredity of martensitic transformations in ordered alloys,1978.0,52.0,-9.0,68.6,Cu68.6Al27.6Mn3.8 %,27.6,3.8
