Authors,Source,Title,Year,Austenite Finish Temperature - AF - (°C),Martensite Finish Temperature - MF - (°C),Ni (at.%),composition,Ti (at.%),Zr (at.%)
J. Beyer and J. H. Mulder,Materials Research Society,Recent developments in high temperature shape memory alloys,1994.0,230.0,127.0,49.5,Ni49.5Ti35.5Zr15.0 %,35.5,15.0
L. Meisner; V. Sivokha and V. Grishkov,Shape Memory Materials 94,The martensitic transformations and the shape memory effect in the Ni50Ti50−xZrxalloys,1994.0,142.0,23.0,50.0,Ni50.0Ti40.0Zr10.0 %,40.0,10.0
L. Meisner; V. Sivokha and V. Grishkov,Shape Memory Materials 94,The martensitic transformations and the shape memory effect in the Ni50Ti50−xZrxalloys,1994.0,140.0,20.0,50.0,Ni50.0Ti40.0Zr10.0 %,40.0,10.0
L. Meisner; V. Sivokha and V. Grishkov,Shape Memory Materials 94,The martensitic transformations and the shape memory effect in the Ni50Ti50−xZrxalloys,1994.0,138.0,17.0,50.0,Ni50.0Ti40.0Zr10.0 %,40.0,10.0
L. Meisner; V. Sivokha and V. Grishkov,Shape Memory Materials 94,The martensitic transformations and the shape memory effect in the Ni50Ti50−xZrxalloys,1994.0,152.0,22.0,50.0,Ni50.0Ti40.0Zr10.0 %,40.0,10.0
L. Meisner; V. Sivokha and V. Grishkov,Shape Memory Materials 94,The martensitic transformations and the shape memory effect in the Ni50Ti50−xZrxalloys,1994.0,169.0,23.0,50.0,Ni50.0Ti40.0Zr10.0 %,40.0,10.0
L. Meisner; V. Sivokha and V. Grishkov,Shape Memory Materials 94,The martensitic transformations and the shape memory effect in the Ni50Ti50−xZrxalloys,1994.0,174.0,21.0,50.0,Ni50.0Ti40.0Zr10.0 %,40.0,10.0
J. H. Mulder; J. Beyer; P. Donner and J. Peterseim,Shape Memory and Superelastic Technologies,On the High Temperature Shape Memory Capabilities of Ni-(TiZr) and Ni-(TiHf) Alloys,1994.0,125.0,48.0,48.4,Ni48.4Ti44.9Zr6.7 %,44.9,6.7
J. H. Mulder; J. Beyer; P. Donner and J. Peterseim,Shape Memory and Superelastic Technologies,On the High Temperature Shape Memory Capabilities of Ni-(TiZr) and Ni-(TiHf) Alloys,1994.0,176.0,36.0,48.4,Ni48.4Ti44.9Zr6.7 %,44.9,6.7
J. H. Mulder; J. Beyer; P. Donner and J. Peterseim,Shape Memory and Superelastic Technologies,On the High Temperature Shape Memory Capabilities of Ni-(TiZr) and Ni-(TiHf) Alloys,1994.0,182.0,29.0,48.4,Ni48.4Ti44.9Zr6.7 %,44.9,6.7
J. H. Mulder; J. Beyer; P. Donner and J. Peterseim,Shape Memory and Superelastic Technologies,On the High Temperature Shape Memory Capabilities of Ni-(TiZr) and Ni-(TiHf) Alloys,1994.0,240.0,53.0,48.4,Ni48.4Ti44.9Zr6.7 %,44.9,6.7
J. H. Mulder; J. Beyer; P. Donner and J. Peterseim,Shape Memory and Superelastic Technologies,On the High Temperature Shape Memory Capabilities of Ni-(TiZr) and Ni-(TiHf) Alloys,1994.0,155.0,86.0,49.5,Ni49.5Ti38.0Zr12.5 %,38.0,12.5
J. H. Mulder; J. Beyer; P. Donner and J. Peterseim,Shape Memory and Superelastic Technologies,On the High Temperature Shape Memory Capabilities of Ni-(TiZr) and Ni-(TiHf) Alloys,1994.0,165.0,67.0,48.0,Ni48.0Ti38.0Zr14.0 %,38.0,14.0
J. H. Mulder; J. Beyer; P. Donner and J. Peterseim,Shape Memory and Superelastic Technologies,On the High Temperature Shape Memory Capabilities of Ni-(TiZr) and Ni-(TiHf) Alloys,1994.0,210.0,147.0,49.5,Ni49.5Ti36.25Zr14.25 %,36.25,14.25
J. H. Mulder; J. Beyer; P. Donner and J. Peterseim,Shape Memory and Superelastic Technologies,On the High Temperature Shape Memory Capabilities of Ni-(TiZr) and Ni-(TiHf) Alloys,1994.0,217.0,139.0,49.5,Ni49.5Ti35.5Zr15.0 %,35.5,15.0
J. H. Mulder; J. Beyer; P. Donner and J. Peterseim,Shape Memory and Superelastic Technologies,On the High Temperature Shape Memory Capabilities of Ni-(TiZr) and Ni-(TiHf) Alloys,1994.0,197.0,92.0,43.0,Ni43.0Ti41.0Zr16.0 %,41.0,16.0
J. H. Mulder; J. Beyer; P. Donner and J. Peterseim,Shape Memory and Superelastic Technologies,On the High Temperature Shape Memory Capabilities of Ni-(TiZr) and Ni-(TiHf) Alloys,1994.0,223.0,138.0,48.7,Ni48.7Ti35.3Zr16.0 %,35.3,16.0
J. H. Mulder; J. Beyer; P. Donner and J. Peterseim,Shape Memory and Superelastic Technologies,On the High Temperature Shape Memory Capabilities of Ni-(TiZr) and Ni-(TiHf) Alloys,1994.0,237.0,80.0,48.7,Ni48.7Ti35.3Zr16.0 %,35.3,16.0
J. H. Mulder; J. Beyer; P. Donner and J. Peterseim,Shape Memory and Superelastic Technologies,On the High Temperature Shape Memory Capabilities of Ni-(TiZr) and Ni-(TiHf) Alloys,1994.0,230.0,162.0,48.7,Ni48.7Ti33.8Zr17.5 %,33.8,17.5
J. H. Mulder; J. Beyer; P. Donner and J. Peterseim,Shape Memory and Superelastic Technologies,On the High Temperature Shape Memory Capabilities of Ni-(TiZr) and Ni-(TiHf) Alloys,1994.0,219.0,85.0,48.7,Ni48.7Ti33.8Zr17.5 %,33.8,17.5
S. F. Hsieh and S. K. Wu,Materials Characterization,A Study on Ternary Ti-rich TiNiZr Shape Memory Alloys,1998.0,132.0,20.0,48.5,Ni48.5Ti46.5Zr5.0 %,46.5,5.0
S. F. Hsieh and S. K. Wu,Materials Characterization,A Study on Ternary Ti-rich TiNiZr Shape Memory Alloys,1998.0,131.0,26.0,49.5,Ni49.5Ti45.5Zr5.0 %,45.5,5.0
S. F. Hsieh and S. K. Wu,Materials Characterization,A Study on Ternary Ti-rich TiNiZr Shape Memory Alloys,1998.0,158.0,63.0,48.5,Ni48.5Ti41.5Zr10.0 %,41.5,10.0
S. F. Hsieh and S. K. Wu,Materials Characterization,A Study on Ternary Ti-rich TiNiZr Shape Memory Alloys,1998.0,155.0,58.0,49.5,Ni49.5Ti40.5Zr10.0 %,40.5,10.0
S. F. Hsieh and S. K. Wu,Materials Characterization,A Study on Ternary Ti-rich TiNiZr Shape Memory Alloys,1998.0,230.0,160.0,48.5,Ni48.5Ti36.5Zr15.0 %,36.5,15.0
S. F. Hsieh and S. K. Wu,Materials Characterization,A Study on Ternary Ti-rich TiNiZr Shape Memory Alloys,1998.0,226.0,143.0,49.5,Ni49.5Ti35.5Zr15.0 %,35.5,15.0
S. F. Hsieh and S. K. Wu,Materials Characterization,A Study on Ternary Ti-rich TiNiZr Shape Memory Alloys,1998.0,326.0,237.0,48.5,Ni48.5Ti31.5Zr20.0 %,31.5,20.0
S. F. Hsieh and S. K. Wu,Materials Characterization,A Study on Ternary Ti-rich TiNiZr Shape Memory Alloys,1998.0,314.0,219.0,49.5,Ni49.5Ti30.5Zr20.0 %,30.5,20.0
S. F. Hsieh and S. K. Wu,Materials Characterization,A Study on Ternary Ti-rich TiNiZr Shape Memory Alloys,1998.0,471.0,351.0,48.5,Ni48.5Ti26.5Zr25.0 %,26.5,25.0
S. F. Hsieh and S. K. Wu,Journal of Alloys and Compounds,Room-temperature phases observed in Ti53−xNi47Zrx high-temperature shape memory alloys,1998.0,124.0,36.0,47.0,Ni47.0Ti48.0Zr5.0 %,48.0,5.0
S. F. Hsieh and S. K. Wu,Journal of Alloys and Compounds,Room-temperature phases observed in Ti53−xNi47Zrx high-temperature shape memory alloys,1998.0,151.0,60.0,47.0,Ni47.0Ti43.0Zr10.0 %,43.0,10.0
S. F. Hsieh and S. K. Wu,Journal of Alloys and Compounds,Room-temperature phases observed in Ti53−xNi47Zrx high-temperature shape memory alloys,1998.0,208.0,133.0,47.0,Ni47.0Ti38.0Zr15.0 %,38.0,15.0
S. F. Hsieh and S. K. Wu,Journal of Alloys and Compounds,Room-temperature phases observed in Ti53−xNi47Zrx high-temperature shape memory alloys,1998.0,307.0,236.0,47.0,Ni47.0Ti33.0Zr20.0 %,33.0,20.0
E. Cesari; P. Ochin; R. Portier; V. Kolomystev; Y. Koval; A. Pasko and V. Soolshenko,Materials Science and Engineering: A,Structure and properties of Ti–Ni–Zr and Ti–Ni–Hf Melt Spun ribbons ,1999.0,43.0,-41.0,50.0,Ni50.0Ti32.0Zr18.0 %,32.0,18.0
E. Cesari; P. Ochin; R. Portier; V. Kolomystev; Y. Koval; A. Pasko and V. Soolshenko,Materials Science and Engineering: A,Structure and properties of Ti–Ni–Zr and Ti–Ni–Hf Melt Spun ribbons ,1999.0,159.0,99.0,50.0,Ni50.0Ti32.0Zr18.0 %,32.0,18.0
S. K. Wu and S. F. Hsieh,Journal of Alloys and Compounds,Martensitic transformation of a Ti-rich Ti40.5Ni49.5Zr10 shape memory alloy,2000.0,175.0,76.0,49.5,Ni49.5Ti40.5Zr10.0 %,40.5,10.0
V. P. Sivokha and L. L. Meisner,Physica B: Condensed Matter,Shape memory effect in Ti50Ni50−xZrx alloys,2001.0,140.0,68.0,50.0,Ni50.0Ti49.0Zr1.0 %,49.0,1.0
V. P. Sivokha and L. L. Meisner,Physica B: Condensed Matter,Shape memory effect in Ti50Ni50−xZrx alloys,2001.0,136.0,40.0,50.0,Ni50.0Ti44.0Zr6.0 %,44.0,6.0
F. Cuevas; M. Latroche; P. Ochin; A. Dezellus; J. F. Fernández; C. Sánchez and A. Percheron-Guégan,Journal of Alloys and Compounds,Influence of the martensitic transformation on the hydrogenation properties of Ti50−xZrxNi50 alloys,2002.0,15.0,-90.0,50.0,Ni50.0Ti44.0Zr6.0 %,44.0,6.0
F. Cuevas; M. Latroche; P. Ochin; A. Dezellus; J. F. Fernández; C. Sánchez and A. Percheron-Guégan,Journal of Alloys and Compounds,Influence of the martensitic transformation on the hydrogenation properties of Ti50−xZrxNi50 alloys,2002.0,125.0,5.0,50.0,Ni50.0Ti44.0Zr6.0 %,44.0,6.0
Z. Feng; B. Gao; J. Wang; D. Qian and Y. Liu,Materials Science Forum,Influence of Zr Additions on Shape-Memory Effect and Mechanical Properties of Ni-Rich NiTi Alloys,2002.0,37.0,-24.0,50.6,Ni50.6Ti48.4Zr1.0 %,48.4,1.0
Z. Feng; B. Gao; J. Wang; D. Qian and Y. Liu,Materials Science Forum,Influence of Zr Additions on Shape-Memory Effect and Mechanical Properties of Ni-Rich NiTi Alloys,2002.0,50.0,-5.0,50.6,Ni50.6Ti47.4Zr2.0 %,47.4,2.0
Z. Feng; B. Gao; J. Wang; D. Qian and Y. Liu,Materials Science Forum,Influence of Zr Additions on Shape-Memory Effect and Mechanical Properties of Ni-Rich NiTi Alloys,2002.0,66.0,20.0,50.6,Ni50.6Ti46.4Zr3.0 %,46.4,3.0
T. Sawaguchi; M. Sato and A. Ishida,Materials Science Forum,Sputter-Deposited TiZrNi High-Temperature Shape-Memory Thin Films,2002.0,190.0,96.0,49.7,Ni49.7Ti34.9Zr15.4 %,34.9,15.4
T. Sawaguchi; M. Sato and A. Ishida,Materials Science Forum,Sputter-Deposited TiZrNi High-Temperature Shape-Memory Thin Films,2002.0,189.0,93.0,49.7,Ni49.7Ti34.9Zr15.4 %,34.9,15.4
T. Sawaguchi; M. Sato and A. Ishida,Materials Science Forum,Sputter-Deposited TiZrNi High-Temperature Shape-Memory Thin Films,2002.0,195.0,95.0,49.7,Ni49.7Ti34.9Zr15.4 %,34.9,15.4
T. Sawaguchi; M. Sato and A. Ishida,Materials Science Forum,Sputter-Deposited TiZrNi High-Temperature Shape-Memory Thin Films,2002.0,214.0,99.0,49.7,Ni49.7Ti34.9Zr15.4 %,34.9,15.4
T. Sawaguchi; M. Sato and A. Ishida,Materials Science Forum,Sputter-Deposited TiZrNi High-Temperature Shape-Memory Thin Films,2002.0,231.0,105.0,49.7,Ni49.7Ti34.9Zr15.4 %,34.9,15.4
T. Sawaguchi; M. Sato and A. Ishida,Materials Science Forum,Sputter-Deposited TiZrNi High-Temperature Shape-Memory Thin Films,2002.0,242.0,108.0,49.7,Ni49.7Ti34.9Zr15.4 %,34.9,15.4
T. Sawaguchi; M. Sato and A. Ishida,Materials Science Forum,Sputter-Deposited TiZrNi High-Temperature Shape-Memory Thin Films,2002.0,249.0,111.0,49.7,Ni49.7Ti34.9Zr15.4 %,34.9,15.4
T. Sawaguchi; M. Sato and A. Ishida,Materials Science Forum,Sputter-Deposited TiZrNi High-Temperature Shape-Memory Thin Films,2002.0,174.0,90.0,49.7,Ni49.7Ti34.9Zr15.4 %,34.9,15.4
T. Sawaguchi; M. Sato and A. Ishida,Materials Science Forum,Sputter-Deposited TiZrNi High-Temperature Shape-Memory Thin Films,2002.0,164.0,79.0,49.7,Ni49.7Ti34.9Zr15.4 %,34.9,15.4
T. Sawaguchi; M. Sato and A. Ishida,Materials Science Forum,Sputter-Deposited TiZrNi High-Temperature Shape-Memory Thin Films,2002.0,159.0,73.0,49.7,Ni49.7Ti34.9Zr15.4 %,34.9,15.4
T. Sawaguchi; M. Sato and A. Ishida,Materials Science Forum,Sputter-Deposited TiZrNi High-Temperature Shape-Memory Thin Films,2002.0,158.0,67.0,49.7,Ni49.7Ti34.9Zr15.4 %,34.9,15.4
T. Sawaguchi; M. Sato and A. Ishida,Materials Science Forum,Sputter-Deposited TiZrNi High-Temperature Shape-Memory Thin Films,2002.0,158.0,67.0,49.7,Ni49.7Ti34.9Zr15.4 %,34.9,15.4
T. Sawaguchi; M. Sato and A. Ishida,Materials Science Forum,Sputter-Deposited TiZrNi High-Temperature Shape-Memory Thin Films,2002.0,194.0,100.0,49.7,Ni49.7Ti34.9Zr15.4 %,34.9,15.4
T. Sawaguchi; M. Sato and A. Ishida,Materials Science Forum,Sputter-Deposited TiZrNi High-Temperature Shape-Memory Thin Films,2002.0,217.0,107.0,49.7,Ni49.7Ti34.9Zr15.4 %,34.9,15.4
T. Sawaguchi; M. Sato and A. Ishida,Materials Science Forum,Sputter-Deposited TiZrNi High-Temperature Shape-Memory Thin Films,2002.0,146.0,67.0,49.7,Ni49.7Ti34.9Zr15.4 %,34.9,15.4
T. Sawaguchi; M. Sato and A. Ishida,Materials Science Forum,Sputter-Deposited TiZrNi High-Temperature Shape-Memory Thin Films,2002.0,155.0,75.0,49.7,Ni49.7Ti34.9Zr15.4 %,34.9,15.4
T. Sawaguchi; M. Sato and A. Ishida,Materials Science Forum,Sputter-Deposited TiZrNi High-Temperature Shape-Memory Thin Films,2002.0,170.0,87.0,49.7,Ni49.7Ti34.9Zr15.4 %,34.9,15.4
T. Sawaguchi; M. Sato and A. Ishida,Materials Science Forum,Sputter-Deposited TiZrNi High-Temperature Shape-Memory Thin Films,2002.0,143.0,58.0,49.7,Ni49.7Ti34.9Zr15.4 %,34.9,15.4
T. Sawaguchi; M. Sato and A. Ishida,Materials Science Forum,Sputter-Deposited TiZrNi High-Temperature Shape-Memory Thin Films,2002.0,189.0,103.0,49.7,Ni49.7Ti34.9Zr15.4 %,34.9,15.4
T. Sawaguchi; M. Sato and A. Ishida,Materials Science Forum,Sputter-Deposited TiZrNi High-Temperature Shape-Memory Thin Films,2002.0,141.0,54.0,49.7,Ni49.7Ti34.9Zr15.4 %,34.9,15.4
T. Sawaguchi; M. Sato and A. Ishida,Materials Science Forum,Sputter-Deposited TiZrNi High-Temperature Shape-Memory Thin Films,2002.0,142.0,54.0,49.7,Ni49.7Ti34.9Zr15.4 %,34.9,15.4
G. S. Firstov; J. Van Humbeeck and Y. N. Koval,Scripta Materialia,Comparison of high temperature shape memory behaviour for ZrCu-based; Ti–Ni–Zr and Ti–Ni–Hf alloys,2004.0,277.0,137.0,48.79,Ni48.79Ti33.0Zr18.21 %,33.0,18.21
T. Sawaguchi; M. Sato and A. Ishida,Metallurgical and Materials Transactions A,Grain-size effect on shape-memory behavior of Ti35.0Ni49.7Zr15.4 thin films,2004.0,162.0,87.0,49.7,Ni49.7Ti34.9Zr15.4 %,34.9,15.4
T. Sawaguchi; M. Sato and A. Ishida,Metallurgical and Materials Transactions A,Grain-size effect on shape-memory behavior of Ti35.0Ni49.7Zr15.4 thin films,2004.0,172.0,95.0,49.7,Ni49.7Ti34.9Zr15.4 %,34.9,15.4
T. Sawaguchi; M. Sato and A. Ishida,Metallurgical and Materials Transactions A,Grain-size effect on shape-memory behavior of Ti35.0Ni49.7Zr15.4 thin films,2004.0,156.0,79.0,49.7,Ni49.7Ti34.9Zr15.4 %,34.9,15.4
T. Sawaguchi; M. Sato and A. Ishida,Metallurgical and Materials Transactions A,Grain-size effect on shape-memory behavior of Ti35.0Ni49.7Zr15.4 thin films,2004.0,153.0,75.0,49.7,Ni49.7Ti34.9Zr15.4 %,34.9,15.4
T. Sawaguchi; M. Sato and A. Ishida,Metallurgical and Materials Transactions A,Grain-size effect on shape-memory behavior of Ti35.0Ni49.7Zr15.4 thin films,2004.0,157.0,77.0,49.7,Ni49.7Ti34.9Zr15.4 %,34.9,15.4
T. Sawaguchi; M. Sato and A. Ishida,Metallurgical and Materials Transactions A,Grain-size effect on shape-memory behavior of Ti35.0Ni49.7Zr15.4 thin films,2004.0,191.0,109.0,49.7,Ni49.7Ti34.9Zr15.4 %,34.9,15.4
T. Sawaguchi; M. Sato and A. Ishida,Metallurgical and Materials Transactions A,Grain-size effect on shape-memory behavior of Ti35.0Ni49.7Zr15.4 thin films,2004.0,207.0,95.0,49.7,Ni49.7Ti34.9Zr15.4 %,34.9,15.4
S. F. Hsieh and S. K. Wu,Journal of Alloys and Compounds,Damping characteristics of a Ti40.5Ni49.5Zr10 shape memory alloy,2005.0,157.0,69.0,49.5,Ni49.5Ti40.5Zr10.0 %,40.5,10.0
S. F. Hsieh and S. K. Wu,Journal of Alloys and Compounds,Damping characteristics of a Ti40.5Ni49.5Zr10 shape memory alloy,2005.0,100.0,7.0,49.5,Ni49.5Ti40.5Zr10.0 %,40.5,10.0
A. M. Sandu; K. Tsuchiya; S. Yamamoto; Y. Todaka and M. Umemoto,Scripta Materialia,Influence of isothermal ageing on mechanical behaviour in Ni-rich Ti–Zr–Ni shape memory alloy,2006.0,31.0,-86.0,52.0,Ni52.0Ti42.0Zr6.0 %,42.0,6.0
A. Sandu; K. Tsuchiya; S. Yamamoto; M. Tabuchi; Y. Todaka and M. Umemoto,Materials Science Forum,Effect of Aging on Microstructure and Martensitic Transformation in Ti-Zr-Ni Shape Memory Alloys ,2007.0,35.0,-57.0,52.0,Ni52.0Ti42.0Zr6.0 %,42.0,6.0
N. Okada; Y. Fujii; Y. Ishikawa; M. Onoda; H. Y. Kim and S. Miyazaki,Journal of the Japan Institute of Metals,Effect of Zr Content on Shape Memory Characteristics and Workability of Ti-Ni-Zr Alloy,2008.0,87.0,54.0,49.5,Ni49.5Ti49.5Zr1.0 %,49.5,1.0
N. Okada; Y. Fujii; Y. Ishikawa; M. Onoda; H. Y. Kim and S. Miyazaki,Journal of the Japan Institute of Metals,Effect of Zr Content on Shape Memory Characteristics and Workability of Ti-Ni-Zr Alloy,2008.0,85.0,47.0,49.5,Ni49.5Ti47.5Zr3.0 %,47.5,3.0
N. Okada; Y. Fujii; Y. Ishikawa; M. Onoda; H. Y. Kim and S. Miyazaki,Journal of the Japan Institute of Metals,Effect of Zr Content on Shape Memory Characteristics and Workability of Ti-Ni-Zr Alloy,2008.0,86.0,39.0,49.5,Ni49.5Ti45.5Zr5.0 %,45.5,5.0
N. Okada; Y. Fujii; Y. Ishikawa; M. Onoda; H. Y. Kim and S. Miyazaki,Journal of the Japan Institute of Metals,Effect of Zr Content on Shape Memory Characteristics and Workability of Ti-Ni-Zr Alloy,2008.0,107.0,50.0,49.5,Ni49.5Ti43.5Zr7.0 %,43.5,7.0
N. Okada; Y. Fujii; Y. Ishikawa; M. Onoda; H. Y. Kim and S. Miyazaki,Journal of the Japan Institute of Metals,Effect of Zr Content on Shape Memory Characteristics and Workability of Ti-Ni-Zr Alloy,2008.0,115.0,57.0,49.5,Ni49.5Ti41.5Zr9.0 %,41.5,9.0
N. Okada; Y. Fujii; Y. Ishikawa; M. Onoda; H. Y. Kim and S. Miyazaki,Journal of the Japan Institute of Metals,Effect of Zr Content on Shape Memory Characteristics and Workability of Ti-Ni-Zr Alloy,2008.0,132.0,75.0,49.5,Ni49.5Ti40.5Zr10.0 %,40.5,10.0
N. Okada; Y. Fujii; Y. Ishikawa; M. Onoda; H. Y. Kim and S. Miyazaki,Journal of the Japan Institute of Metals,Effect of Zr Content on Shape Memory Characteristics and Workability of Ti-Ni-Zr Alloy,2008.0,139.0,91.0,49.5,Ni49.5Ti39.5Zr11.0 %,39.5,11.0
N. Okada; Y. Fujii; Y. Ishikawa; M. Onoda; H. Y. Kim and S. Miyazaki,Journal of the Japan Institute of Metals,Effect of Zr Content on Shape Memory Characteristics and Workability of Ti-Ni-Zr Alloy,2008.0,172.0,119.0,49.5,Ni49.5Ti37.5Zr13.0 %,37.5,13.0
N. Okada; Y. Fujii; Y. Ishikawa; M. Onoda; H. Y. Kim and S. Miyazaki,Journal of the Japan Institute of Metals,Effect of Zr Content on Shape Memory Characteristics and Workability of Ti-Ni-Zr Alloy,2008.0,199.0,155.0,49.5,Ni49.5Ti35.5Zr15.0 %,35.5,15.0
S. Inoue; N. Sawada and T. Namazu,Vacuum,Effect of Zr content on mechanical properties of Ti–Ni–Zr shape memory alloy films prepared by dc magnetron sputtering,2009.0,80.0,17.0,47.7,Ni47.7Ti46.7Zr5.6 %,46.7,5.6
S. Inoue; N. Sawada and T. Namazu,Vacuum,Effect of Zr content on mechanical properties of Ti–Ni–Zr shape memory alloy films prepared by dc magnetron sputtering,2009.0,74.0,11.0,47.7,Ni47.7Ti46.7Zr5.6 %,46.7,5.6
S. Inoue; N. Sawada and T. Namazu,Vacuum,Effect of Zr content on mechanical properties of Ti–Ni–Zr shape memory alloy films prepared by dc magnetron sputtering,2009.0,106.0,25.0,48.0,Ni48.0Ti41.6Zr10.4 %,41.6,10.4
S. Inoue; N. Sawada and T. Namazu,Vacuum,Effect of Zr content on mechanical properties of Ti–Ni–Zr shape memory alloy films prepared by dc magnetron sputtering,2009.0,107.0,26.0,48.0,Ni48.0Ti41.6Zr10.4 %,41.6,10.4
S. Inoue; N. Sawada and T. Namazu,Vacuum,Effect of Zr content on mechanical properties of Ti–Ni–Zr shape memory alloy films prepared by dc magnetron sputtering,2009.0,132.0,38.0,48.6,Ni48.6Ti37.4Zr14.0 %,37.4,14.0
S. Inoue; N. Sawada and T. Namazu,Vacuum,Effect of Zr content on mechanical properties of Ti–Ni–Zr shape memory alloy films prepared by dc magnetron sputtering,2009.0,242.0,167.0,48.2,Ni48.2Ti32.3Zr19.5 %,32.3,19.5
S. Inoue; N. Sawada and T. Namazu,Vacuum,Effect of Zr content on mechanical properties of Ti–Ni–Zr shape memory alloy films prepared by dc magnetron sputtering,2009.0,184.0,13.0,48.2,Ni48.2Ti32.3Zr19.5 %,32.3,19.5
H. Y. Kim; M. Mizutani and S. Miyazaki,Acta Materialia,Crystallization process and shape memory properties of Ti–Ni–Zr thin films,2009.0,118.0,39.0,48.7,Ni48.7Ti40.5Zr10.8 %,40.5,10.8
H. Y. Kim; M. Mizutani and S. Miyazaki,Acta Materialia,Crystallization process and shape memory properties of Ti–Ni–Zr thin films,2009.0,114.0,33.0,48.7,Ni48.7Ti40.5Zr10.8 %,40.5,10.8
H. Y. Kim; M. Mizutani and S. Miyazaki,Acta Materialia,Crystallization process and shape memory properties of Ti–Ni–Zr thin films,2009.0,112.0,28.0,48.7,Ni48.7Ti40.5Zr10.8 %,40.5,10.8
H. Y. Kim; M. Mizutani and S. Miyazaki,Acta Materialia,Crystallization process and shape memory properties of Ti–Ni–Zr thin films,2009.0,115.0,31.0,48.7,Ni48.7Ti40.5Zr10.8 %,40.5,10.8
H. Y. Kim; M. Mizutani and S. Miyazaki,Acta Materialia,Crystallization process and shape memory properties of Ti–Ni–Zr thin films,2009.0,137.0,49.0,48.7,Ni48.7Ti40.5Zr10.8 %,40.5,10.8
H. Y. Kim; M. Mizutani and S. Miyazaki,Acta Materialia,Crystallization process and shape memory properties of Ti–Ni–Zr thin films,2009.0,165.0,57.0,48.7,Ni48.7Ti40.5Zr10.8 %,40.5,10.8
H. Y. Kim; M. Mizutani and S. Miyazaki,Acta Materialia,Crystallization process and shape memory properties of Ti–Ni–Zr thin films,2009.0,264.0,136.0,49.5,Ni49.5Ti30.799999999999997Zr19.7 %,30.8,19.7
H. Y. Kim; M. Mizutani and S. Miyazaki,Acta Materialia,Crystallization process and shape memory properties of Ti–Ni–Zr thin films,2009.0,260.0,131.0,49.5,Ni49.5Ti30.799999999999997Zr19.7 %,30.8,19.7
H. Y. Kim; M. Mizutani and S. Miyazaki,Acta Materialia,Crystallization process and shape memory properties of Ti–Ni–Zr thin films,2009.0,272.0,140.0,49.5,Ni49.5Ti30.799999999999997Zr19.7 %,30.8,19.7
H. Y. Kim; M. Mizutani and S. Miyazaki,Acta Materialia,Crystallization process and shape memory properties of Ti–Ni–Zr thin films,2009.0,267.0,134.0,49.5,Ni49.5Ti30.799999999999997Zr19.7 %,30.8,19.7
H. Y. Kim; M. Mizutani and S. Miyazaki,Acta Materialia,Crystallization process and shape memory properties of Ti–Ni–Zr thin films,2009.0,289.0,145.0,49.5,Ni49.5Ti30.799999999999997Zr19.7 %,30.8,19.7
H. Y. Kim; M. Mizutani and S. Miyazaki,Acta Materialia,Crystallization process and shape memory properties of Ti–Ni–Zr thin films,2009.0,307.0,149.0,49.5,Ni49.5Ti30.799999999999997Zr19.7 %,30.8,19.7
H. Y. Kim; M. Mizutani and S. Miyazaki,Acta Materialia,Crystallization process and shape memory properties of Ti–Ni–Zr thin films,2009.0,200.0,84.0,47.5,Ni47.5Ti29.4Zr23.1 %,29.4,23.1
H. Y. Kim; M. Mizutani and S. Miyazaki,Acta Materialia,Crystallization process and shape memory properties of Ti–Ni–Zr thin films,2009.0,192.0,72.0,47.5,Ni47.5Ti29.4Zr23.1 %,29.4,23.1
H. Y. Kim; M. Mizutani and S. Miyazaki,Acta Materialia,Crystallization process and shape memory properties of Ti–Ni–Zr thin films,2009.0,190.0,57.0,47.5,Ni47.5Ti29.4Zr23.1 %,29.4,23.1
H. Y. Kim; M. Mizutani and S. Miyazaki,Acta Materialia,Crystallization process and shape memory properties of Ti–Ni–Zr thin films,2009.0,191.0,47.0,47.5,Ni47.5Ti29.4Zr23.1 %,29.4,23.1
H. Y. Kim; M. Mizutani and S. Miyazaki,Acta Materialia,Crystallization process and shape memory properties of Ti–Ni–Zr thin films,2009.0,195.0,48.0,47.5,Ni47.5Ti29.400000000000006Zr23.1 %,29.4,23.1
H. Y. Kim; M. Mizutani and S. Miyazaki,Acta Materialia,Crystallization process and shape memory properties of Ti–Ni–Zr thin films,2009.0,191.0,43.0,47.5,Ni47.5Ti29.4Zr23.1 %,29.4,23.1
H. Y. Kim; M. Mizutani and S. Miyazaki,Acta Materialia,Crystallization process and shape memory properties of Ti–Ni–Zr thin films,2009.0,166.0,28.0,49.9,Ni49.9Ti20.599999999999994Zr29.5 %,20.6,29.5
H. Y. Kim; M. Mizutani and S. Miyazaki,Acta Materialia,Crystallization process and shape memory properties of Ti–Ni–Zr thin films,2009.0,163.0,24.0,49.9,Ni49.9Ti20.6Zr29.5 %,20.6,29.5
H. Y. Kim; M. Mizutani and S. Miyazaki,Acta Materialia,Crystallization process and shape memory properties of Ti–Ni–Zr thin films,2009.0,168.0,27.0,49.9,Ni49.9Ti20.599999999999994Zr29.5 %,20.6,29.5
H. Y. Kim; M. Mizutani and S. Miyazaki,Acta Materialia,Crystallization process and shape memory properties of Ti–Ni–Zr thin films,2009.0,166.0,25.0,49.9,Ni49.9Ti20.6Zr29.5 %,20.6,29.5
D. H. D. Hsu; T. T. Sasaki; G. B. Thompson and M. V. Manuel,Metallurgical and Materials Transactions A,The Effect of Aluminum Additions on the Microstructure and Thermomechanical Behavior of NiTiZr Shape-Memory Alloys,2012.0,324.0,252.0,48.5,Ni48.5Ti31.5Zr20.0 %,31.5,20.0
D. H. D. Hsu; T. T. Sasaki; G. B. Thompson and M. V. Manuel,Metallurgical and Materials Transactions A,The Effect of Aluminum Additions on the Microstructure and Thermomechanical Behavior of NiTiZr Shape-Memory Alloys,2012.0,318.0,245.0,48.5,Ni48.5Ti31.5Zr20.0 %,31.5,20.0
D. H. D. Hsu; T. T. Sasaki; G. B. Thompson and M. V. Manuel,Metallurgical and Materials Transactions A,The Effect of Aluminum Additions on the Microstructure and Thermomechanical Behavior of NiTiZr Shape-Memory Alloys,2012.0,319.0,244.0,48.5,Ni48.5Ti31.5Zr20.0 %,31.5,20.0
D. H. D. Hsu; T. T. Sasaki; G. B. Thompson and M. V. Manuel,Metallurgical and Materials Transactions A,The Effect of Aluminum Additions on the Microstructure and Thermomechanical Behavior of NiTiZr Shape-Memory Alloys,2012.0,298.0,222.0,48.5,Ni48.5Ti31.5Zr20.0 %,31.5,20.0
D. H. D. Hsu; T. T. Sasaki; G. B. Thompson and M. V. Manuel,Metallurgical and Materials Transactions A,The Effect of Aluminum Additions on the Microstructure and Thermomechanical Behavior of NiTiZr Shape-Memory Alloys,2012.0,303.0,226.0,48.5,Ni48.5Ti31.5Zr20.0 %,31.5,20.0
D. H. D. Hsu; T. T. Sasaki; G. B. Thompson and M. V. Manuel,Metallurgical and Materials Transactions A,The Effect of Aluminum Additions on the Microstructure and Thermomechanical Behavior of NiTiZr Shape-Memory Alloys,2012.0,301.0,223.0,48.5,Ni48.5Ti31.5Zr20.0 %,31.5,20.0
D. H. D. Hsu; T. T. Sasaki; G. B. Thompson and M. V. Manuel,Metallurgical and Materials Transactions A,The Effect of Aluminum Additions on the Microstructure and Thermomechanical Behavior of NiTiZr Shape-Memory Alloys,2012.0,313.0,234.0,48.5,Ni48.5Ti31.5Zr20.0 %,31.5,20.0
D. H. D. Hsu; T. T. Sasaki; G. B. Thompson and M. V. Manuel,Metallurgical and Materials Transactions A,The Effect of Aluminum Additions on the Microstructure and Thermomechanical Behavior of NiTiZr Shape-Memory Alloys,2012.0,306.0,226.0,48.5,Ni48.5Ti31.5Zr20.0 %,31.5,20.0
D. H. D. Hsu; T. T. Sasaki; G. B. Thompson and M. V. Manuel,Metallurgical and Materials Transactions A,The Effect of Aluminum Additions on the Microstructure and Thermomechanical Behavior of NiTiZr Shape-Memory Alloys,2012.0,310.0,229.0,48.5,Ni48.5Ti31.5Zr20.0 %,31.5,20.0
D. H. D. Hsu; T. T. Sasaki; G. B. Thompson and M. V. Manuel,Metallurgical and Materials Transactions A,The Effect of Aluminum Additions on the Microstructure and Thermomechanical Behavior of NiTiZr Shape-Memory Alloys,2012.0,72.0,-37.0,48.5,Ni48.5Ti31.5Zr20.0 %,31.5,20.0
D. H. D. Hsu; T. T. Sasaki; G. B. Thompson and M. V. Manuel,Metallurgical and Materials Transactions A,The Effect of Aluminum Additions on the Microstructure and Thermomechanical Behavior of NiTiZr Shape-Memory Alloys,2012.0,82.0,-31.0,48.5,Ni48.5Ti31.5Zr20.0 %,31.5,20.0
D. H. D. Hsu; T. T. Sasaki; G. B. Thompson and M. V. Manuel,Metallurgical and Materials Transactions A,The Effect of Aluminum Additions on the Microstructure and Thermomechanical Behavior of NiTiZr Shape-Memory Alloys,2012.0,96.0,-22.0,48.5,Ni48.5Ti31.5Zr20.0 %,31.5,20.0
D. H. D. Hsu; T. T. Sasaki; G. B. Thompson and M. V. Manuel,Metallurgical and Materials Transactions A,The Effect of Aluminum Additions on the Microstructure and Thermomechanical Behavior of NiTiZr Shape-Memory Alloys,2012.0,114.0,-5.0,48.5,Ni48.5Ti31.5Zr20.0 %,31.5,20.0
D. H. D. Hsu; T. T. Sasaki; G. B. Thompson and M. V. Manuel,Metallurgical and Materials Transactions A,The Effect of Aluminum Additions on the Microstructure and Thermomechanical Behavior of NiTiZr Shape-Memory Alloys,2012.0,149.0,10.0,48.5,Ni48.5Ti31.5Zr20.0 %,31.5,20.0
D. H. D. Hsu; T. T. Sasaki; G. B. Thompson and M. V. Manuel,Metallurgical and Materials Transactions A,The Effect of Aluminum Additions on the Microstructure and Thermomechanical Behavior of NiTiZr Shape-Memory Alloys,2012.0,168.0,24.0,48.5,Ni48.5Ti31.5Zr20.0 %,31.5,20.0
D. H. D. Hsu; T. T. Sasaki; G. B. Thompson and M. V. Manuel,Metallurgical and Materials Transactions A,The Effect of Aluminum Additions on the Microstructure and Thermomechanical Behavior of NiTiZr Shape-Memory Alloys,2012.0,185.0,37.0,48.5,Ni48.5Ti31.5Zr20.0 %,31.5,20.0
D. H. D. Hsu; T. T. Sasaki; G. B. Thompson and M. V. Manuel,Metallurgical and Materials Transactions A,The Effect of Aluminum Additions on the Microstructure and Thermomechanical Behavior of NiTiZr Shape-Memory Alloys,2012.0,186.0,33.0,48.5,Ni48.5Ti31.5Zr20.0 %,31.5,20.0
D. H. D. Hsu; T. T. Sasaki; G. B. Thompson and M. V. Manuel,Metallurgical and Materials Transactions A,The Effect of Aluminum Additions on the Microstructure and Thermomechanical Behavior of NiTiZr Shape-Memory Alloys,2012.0,192.0,34.0,48.5,Ni48.5Ti31.5Zr20.0 %,31.5,20.0
J. Sakurai and S. Hata,Materials Science and Engineering: A,Search for Ti–Ni–Zr thin film metallic glasses exhibiting a shape memory effect after crystallization,2012.0,43.0,-46.0,50.0,Ni50.0Ti39.0Zr11.0 %,39.0,11.0
J. Sakurai and S. Hata,Materials Science and Engineering: A,Search for Ti–Ni–Zr thin film metallic glasses exhibiting a shape memory effect after crystallization,2012.0,68.0,-24.0,50.0,Ni50.0Ti39.0Zr11.0 %,39.0,11.0
J. Sakurai and S. Hata,Materials Science and Engineering: A,Search for Ti–Ni–Zr thin film metallic glasses exhibiting a shape memory effect after crystallization,2012.0,93.0,15.0,50.0,Ni50.0Ti39.0Zr11.0 %,39.0,11.0
J. Sakurai and S. Hata,Materials Science and Engineering: A,Search for Ti–Ni–Zr thin film metallic glasses exhibiting a shape memory effect after crystallization,2012.0,111.0,32.0,50.0,Ni50.0Ti39.0Zr11.0 %,39.0,11.0
J. Sakurai and S. Hata,Materials Science and Engineering: A,Search for Ti–Ni–Zr thin film metallic glasses exhibiting a shape memory effect after crystallization,2012.0,116.0,35.0,50.0,Ni50.0Ti39.0Zr11.0 %,39.0,11.0
J. Sakurai and S. Hata,Materials Science and Engineering: A,Search for Ti–Ni–Zr thin film metallic glasses exhibiting a shape memory effect after crystallization,2012.0,128.0,46.0,50.0,Ni50.0Ti39.0Zr11.0 %,39.0,11.0
J. Sakurai and S. Hata,Materials Science and Engineering: A,Search for Ti–Ni–Zr thin film metallic glasses exhibiting a shape memory effect after crystallization,2012.0,156.0,50.0,50.0,Ni50.0Ti39.0Zr11.0 %,39.0,11.0
J. Sakurai and S. Hata,Materials Science and Engineering: A,Search for Ti–Ni–Zr thin film metallic glasses exhibiting a shape memory effect after crystallization,2012.0,160.0,51.0,50.0,Ni50.0Ti39.0Zr11.0 %,39.0,11.0
J. Sakurai and S. Hata,Materials Science and Engineering: A,Search for Ti–Ni–Zr thin film metallic glasses exhibiting a shape memory effect after crystallization,2012.0,115.0,33.0,50.0,Ni50.0Ti35.0Zr15.0 %,35.0,15.0
J. Sakurai and S. Hata,Materials Science and Engineering: A,Search for Ti–Ni–Zr thin film metallic glasses exhibiting a shape memory effect after crystallization,2012.0,119.0,34.0,50.0,Ni50.0Ti35.0Zr15.0 %,35.0,15.0
J. Sakurai and S. Hata,Materials Science and Engineering: A,Search for Ti–Ni–Zr thin film metallic glasses exhibiting a shape memory effect after crystallization,2012.0,127.0,40.0,50.0,Ni50.0Ti35.0Zr15.0 %,35.0,15.0
J. Sakurai and S. Hata,Materials Science and Engineering: A,Search for Ti–Ni–Zr thin film metallic glasses exhibiting a shape memory effect after crystallization,2012.0,143.0,49.0,51.0,Ni51.0Ti32.0Zr17.0 %,32.0,17.0
J. Sakurai and S. Hata,Materials Science and Engineering: A,Search for Ti–Ni–Zr thin film metallic glasses exhibiting a shape memory effect after crystallization,2012.0,141.0,44.0,51.0,Ni51.0Ti32.0Zr17.0 %,32.0,17.0
J. Sakurai and S. Hata,Materials Science and Engineering: A,Search for Ti–Ni–Zr thin film metallic glasses exhibiting a shape memory effect after crystallization,2012.0,154.0,56.0,51.0,Ni51.0Ti32.0Zr17.0 %,32.0,17.0
A. Evirgen; I. Karaman; R. D. Noebe; R. Santamarta and J. Pons,Scripta Materialia,Effect of precipitation on the microstructure and the shape memory response of the Ni50.3Ti29.7Zr20 high temperature shape memory alloy,2013.0,170.0,125.0,50.3,Ni50.3Ti29.7Zr20.0 %,29.7,20.0
A. Evirgen; I. Karaman; R. D. Noebe; R. Santamarta and J. Pons,Scripta Materialia,Effect of precipitation on the microstructure and the shape memory response of the Ni50.3Ti29.7Zr20 high temperature shape memory alloy,2013.0,170.0,119.0,50.3,Ni50.3Ti29.7Zr20.0 %,29.7,20.0
A. Evirgen; I. Karaman; R. D. Noebe; R. Santamarta and J. Pons,Scripta Materialia,Effect of precipitation on the microstructure and the shape memory response of the Ni50.3Ti29.7Zr20 high temperature shape memory alloy,2013.0,168.0,116.0,50.3,Ni50.3Ti29.7Zr20.0 %,29.7,20.0
A. Evirgen; I. Karaman; R. D. Noebe; R. Santamarta and J. Pons,Scripta Materialia,Effect of precipitation on the microstructure and the shape memory response of the Ni50.3Ti29.7Zr20 high temperature shape memory alloy,2013.0,169.0,113.0,50.3,Ni50.3Ti29.7Zr20.0 %,29.7,20.0
A. Evirgen; I. Karaman; R. D. Noebe; R. Santamarta and J. Pons,Scripta Materialia,Effect of precipitation on the microstructure and the shape memory response of the Ni50.3Ti29.7Zr20 high temperature shape memory alloy,2013.0,176.0,114.0,50.3,Ni50.3Ti29.7Zr20.0 %,29.7,20.0
A. Evirgen; I. Karaman; R. D. Noebe; R. Santamarta and J. Pons,Scripta Materialia,Effect of precipitation on the microstructure and the shape memory response of the Ni50.3Ti29.7Zr20 high temperature shape memory alloy,2013.0,175.0,88.0,50.3,Ni50.3Ti29.7Zr20.0 %,29.7,20.0
A. Evirgen; I. Karaman; R. D. Noebe; R. Santamarta and J. Pons,Scripta Materialia,Effect of precipitation on the microstructure and the shape memory response of the Ni50.3Ti29.7Zr20 high temperature shape memory alloy,2013.0,185.0,89.0,50.3,Ni50.3Ti29.7Zr20.0 %,29.7,20.0
A. Evirgen; I. Karaman; R. D. Noebe; R. Santamarta and J. Pons,Scripta Materialia,Effect of precipitation on the microstructure and the shape memory response of the Ni50.3Ti29.7Zr20 high temperature shape memory alloy,2013.0,192.0,88.0,50.3,Ni50.3Ti29.7Zr20.0 %,29.7,20.0
A. Evirgen; I. Karaman; R. D. Noebe; R. Santamarta and J. Pons,Scripta Materialia,Effect of precipitation on the microstructure and the shape memory response of the Ni50.3Ti29.7Zr20 high temperature shape memory alloy,2013.0,205.0,98.0,50.3,Ni50.3Ti29.7Zr20.0 %,29.7,20.0
A. Evirgen; I. Karaman; R. D. Noebe; R. Santamarta and J. Pons,Scripta Materialia,Effect of precipitation on the microstructure and the shape memory response of the Ni50.3Ti29.7Zr20 high temperature shape memory alloy,2013.0,200.0,93.0,50.3,Ni50.3Ti29.7Zr20.0 %,29.7,20.0
M. A. Azeem and D. Dye,Intermetallics,In situ evaluation of the transformation behaviour of NiTi-based high temperature shape memory alloys,2014.0,238.0,125.0,50.0,Ni50.0Ti35.0Zr15.0 %,35.0,15.0
M. A. Azeem and D. Dye,Intermetallics,In situ evaluation of the transformation behaviour of NiTi-based high temperature shape memory alloys,2014.0,251.0,122.0,50.0,Ni50.0Ti35.0Zr15.0 %,35.0,15.0
M. A. Azeem and D. Dye,Intermetallics,In situ evaluation of the transformation behaviour of NiTi-based high temperature shape memory alloys,2014.0,248.0,102.0,50.0,Ni50.0Ti35.0Zr15.0 %,35.0,15.0
M. A. Azeem and D. Dye,Intermetallics,In situ evaluation of the transformation behaviour of NiTi-based high temperature shape memory alloys,2014.0,249.0,100.0,50.0,Ni50.0Ti35.0Zr15.0 %,35.0,15.0
M. A. Azeem and D. Dye,Intermetallics,In situ evaluation of the transformation behaviour of NiTi-based high temperature shape memory alloys,2014.0,242.0,92.0,50.0,Ni50.0Ti35.0Zr15.0 %,35.0,15.0
M. A. Azeem and D. Dye,Intermetallics,In situ evaluation of the transformation behaviour of NiTi-based high temperature shape memory alloys,2014.0,243.0,88.0,50.0,Ni50.0Ti35.0Zr15.0 %,35.0,15.0
J. Frenzel; A. Wieczorek; I. Opahle; B. Maaß; R. Drautz and G. Eggeler,Acta Materialia,On the effect of alloy composition on martensite start temperatures and latent heats in Ni–Ti-based shape memory alloys,2015.0,116.0,49.0,49.5,Ni49.5Ti49.5Zr1.0 %,49.5,1.0
J. Frenzel; A. Wieczorek; I. Opahle; B. Maaß; R. Drautz and G. Eggeler,Acta Materialia,On the effect of alloy composition on martensite start temperatures and latent heats in Ni–Ti-based shape memory alloys,2015.0,123.0,40.0,49.5,Ni49.5Ti47.5Zr3.0 %,47.5,3.0
J. Frenzel; A. Wieczorek; I. Opahle; B. Maaß; R. Drautz and G. Eggeler,Acta Materialia,On the effect of alloy composition on martensite start temperatures and latent heats in Ni–Ti-based shape memory alloys,2015.0,129.0,31.0,49.5,Ni49.5Ti45.5Zr5.0 %,45.5,5.0
J. Frenzel; A. Wieczorek; I. Opahle; B. Maaß; R. Drautz and G. Eggeler,Acta Materialia,On the effect of alloy composition on martensite start temperatures and latent heats in Ni–Ti-based shape memory alloys,2015.0,155.0,72.0,49.5,Ni49.5Ti40.5Zr10.0 %,40.5,10.0
J. Frenzel; A. Wieczorek; I. Opahle; B. Maaß; R. Drautz and G. Eggeler,Acta Materialia,On the effect of alloy composition on martensite start temperatures and latent heats in Ni–Ti-based shape memory alloys,2015.0,233.0,162.0,49.5,Ni49.5Ti35.5Zr15.0 %,35.5,15.0
J. Frenzel; A. Wieczorek; I. Opahle; B. Maaß; R. Drautz and G. Eggeler,Acta Materialia,On the effect of alloy composition on martensite start temperatures and latent heats in Ni–Ti-based shape memory alloys,2015.0,333.0,263.0,49.5,Ni49.5Ti30.5Zr20.0 %,30.5,20.0
A. Evirgen; I. Karaman; J. Pons; R. Santamarta and R. D. Noebe,Materials Science and Engineering: A,Role of nano-precipitation on the microstructure and shape memory characteristics of a new Ni50.3Ti34.7Zr15 shape memory alloy,2016.0,94.0,37.0,50.3,Ni50.3Ti34.7Zr15.0 %,34.7,15.0
A. Evirgen; I. Karaman; J. Pons; R. Santamarta and R. D. Noebe,Materials Science and Engineering: A,Role of nano-precipitation on the microstructure and shape memory characteristics of a new Ni50.3Ti34.7Zr15 shape memory alloy,2016.0,61.0,27.0,50.3,Ni50.3Ti34.7Zr15.0 %,34.7,15.0
A. Evirgen; I. Karaman; J. Pons; R. Santamarta and R. D. Noebe,Materials Science and Engineering: A,Role of nano-precipitation on the microstructure and shape memory characteristics of a new Ni50.3Ti34.7Zr15 shape memory alloy,2016.0,79.0,30.0,50.3,Ni50.3Ti34.7Zr15.0 %,34.7,15.0
A. Evirgen; I. Karaman; J. Pons; R. Santamarta and R. D. Noebe,Materials Science and Engineering: A,Role of nano-precipitation on the microstructure and shape memory characteristics of a new Ni50.3Ti34.7Zr15 shape memory alloy,2016.0,91.0,40.0,50.3,Ni50.3Ti34.7Zr15.0 %,34.7,15.0
A. Evirgen; I. Karaman; J. Pons; R. Santamarta and R. D. Noebe,Materials Science and Engineering: A,Role of nano-precipitation on the microstructure and shape memory characteristics of a new Ni50.3Ti34.7Zr15 shape memory alloy,2016.0,88.0,37.0,50.3,Ni50.3Ti34.7Zr15.0 %,34.7,15.0
A. Evirgen; I. Karaman; J. Pons; R. Santamarta and R. D. Noebe,Materials Science and Engineering: A,Role of nano-precipitation on the microstructure and shape memory characteristics of a new Ni50.3Ti34.7Zr15 shape memory alloy,2016.0,84.0,33.0,50.3,Ni50.3Ti34.7Zr15.0 %,34.7,15.0
A. Evirgen; I. Karaman; J. Pons; R. Santamarta and R. D. Noebe,Materials Science and Engineering: A,Role of nano-precipitation on the microstructure and shape memory characteristics of a new Ni50.3Ti34.7Zr15 shape memory alloy,2016.0,79.0,25.0,50.3,Ni50.3Ti34.7Zr15.0 %,34.7,15.0
A. Evirgen; I. Karaman; J. Pons; R. Santamarta and R. D. Noebe,Materials Science and Engineering: A,Role of nano-precipitation on the microstructure and shape memory characteristics of a new Ni50.3Ti34.7Zr15 shape memory alloy,2016.0,76.0,20.0,50.3,Ni50.3Ti34.7Zr15.0 %,34.7,15.0
A. Evirgen; I. Karaman; J. Pons; R. Santamarta and R. D. Noebe,Materials Science and Engineering: A,Role of nano-precipitation on the microstructure and shape memory characteristics of a new Ni50.3Ti34.7Zr15 shape memory alloy,2016.0,83.0,45.0,50.3,Ni50.3Ti34.7Zr15.0 %,34.7,15.0
A. Evirgen; I. Karaman; J. Pons; R. Santamarta and R. D. Noebe,Materials Science and Engineering: A,Role of nano-precipitation on the microstructure and shape memory characteristics of a new Ni50.3Ti34.7Zr15 shape memory alloy,2016.0,103.0,44.0,50.3,Ni50.3Ti34.7Zr15.0 %,34.7,15.0
A. Evirgen; I. Karaman; J. Pons; R. Santamarta and R. D. Noebe,Materials Science and Engineering: A,Role of nano-precipitation on the microstructure and shape memory characteristics of a new Ni50.3Ti34.7Zr15 shape memory alloy,2016.0,97.0,36.0,50.3,Ni50.3Ti34.7Zr15.0 %,34.7,15.0
A. Evirgen; I. Karaman; J. Pons; R. Santamarta and R. D. Noebe,Materials Science and Engineering: A,Role of nano-precipitation on the microstructure and shape memory characteristics of a new Ni50.3Ti34.7Zr15 shape memory alloy,2016.0,111.0,50.0,50.3,Ni50.3Ti34.7Zr15.0 %,34.7,15.0
A. Evirgen; I. Karaman; J. Pons; R. Santamarta and R. D. Noebe,Materials Science and Engineering: A,Role of nano-precipitation on the microstructure and shape memory characteristics of a new Ni50.3Ti34.7Zr15 shape memory alloy,2016.0,94.0,32.0,50.3,Ni50.3Ti34.7Zr15.0 %,34.7,15.0
A. Evirgen; I. Karaman; J. Pons; R. Santamarta and R. D. Noebe,Materials Science and Engineering: A,Role of nano-precipitation on the microstructure and shape memory characteristics of a new Ni50.3Ti34.7Zr15 shape memory alloy,2016.0,96.0,33.0,50.3,Ni50.3Ti34.7Zr15.0 %,34.7,15.0
A. Evirgen; I. Karaman; J. Pons; R. Santamarta and R. D. Noebe,Materials Science and Engineering: A,Role of nano-precipitation on the microstructure and shape memory characteristics of a new Ni50.3Ti34.7Zr15 shape memory alloy,2016.0,108.0,30.0,50.3,Ni50.3Ti34.7Zr15.0 %,34.7,15.0
A. Evirgen; I. Karaman; J. Pons; R. Santamarta and R. D. Noebe,Materials Science and Engineering: A,Role of nano-precipitation on the microstructure and shape memory characteristics of a new Ni50.3Ti34.7Zr15 shape memory alloy,2016.0,80.0,-8.0,50.3,Ni50.3Ti34.7Zr15.0 %,34.7,15.0
A. Evirgen; I. Karaman; J. Pons; R. Santamarta and R. D. Noebe,Materials Science and Engineering: A,Role of nano-precipitation on the microstructure and shape memory characteristics of a new Ni50.3Ti34.7Zr15 shape memory alloy,2016.0,42.0,-45.0,50.3,Ni50.3Ti34.7Zr15.0 %,34.7,15.0
A. Evirgen; I. Karaman; J. Pons; R. Santamarta and R. D. Noebe,Materials Science and Engineering: A,Role of nano-precipitation on the microstructure and shape memory characteristics of a new Ni50.3Ti34.7Zr15 shape memory alloy,2016.0,116.0,37.0,50.3,Ni50.3Ti34.7Zr15.0 %,34.7,15.0
A. Evirgen; I. Karaman; J. Pons; R. Santamarta and R. D. Noebe,Materials Science and Engineering: A,Role of nano-precipitation on the microstructure and shape memory characteristics of a new Ni50.3Ti34.7Zr15 shape memory alloy,2016.0,85.0,36.0,50.3,Ni50.3Ti34.7Zr15.0 %,34.7,15.0
A. Evirgen; I. Karaman; J. Pons; R. Santamarta and R. D. Noebe,Materials Science and Engineering: A,Role of nano-precipitation on the microstructure and shape memory characteristics of a new Ni50.3Ti34.7Zr15 shape memory alloy,2016.0,74.0,24.0,50.3,Ni50.3Ti34.7Zr15.0 %,34.7,15.0
A. Evirgen; I. Karaman; J. Pons; R. Santamarta and R. D. Noebe,Materials Science and Engineering: A,Role of nano-precipitation on the microstructure and shape memory characteristics of a new Ni50.3Ti34.7Zr15 shape memory alloy,2016.0,91.0,38.0,50.3,Ni50.3Ti34.7Zr15.0 %,34.7,15.0
A. Evirgen; I. Karaman; J. Pons; R. Santamarta and R. D. Noebe,Materials Science and Engineering: A,Role of nano-precipitation on the microstructure and shape memory characteristics of a new Ni50.3Ti34.7Zr15 shape memory alloy,2016.0,98.0,45.0,50.3,Ni50.3Ti34.7Zr15.0 %,34.7,15.0
A. Evirgen; I. Karaman; J. Pons; R. Santamarta and R. D. Noebe,Materials Science and Engineering: A,Role of nano-precipitation on the microstructure and shape memory characteristics of a new Ni50.3Ti34.7Zr15 shape memory alloy,2016.0,77.0,21.0,50.3,Ni50.3Ti34.7Zr15.0 %,34.7,15.0
A. Evirgen; I. Karaman; J. Pons; R. Santamarta and R. D. Noebe,Materials Science and Engineering: A,Role of nano-precipitation on the microstructure and shape memory characteristics of a new Ni50.3Ti34.7Zr15 shape memory alloy,2016.0,81.0,25.0,50.3,Ni50.3Ti34.7Zr15.0 %,34.7,15.0
A. Evirgen; I. Karaman; J. Pons; R. Santamarta and R. D. Noebe,Materials Science and Engineering: A,Role of nano-precipitation on the microstructure and shape memory characteristics of a new Ni50.3Ti34.7Zr15 shape memory alloy,2016.0,76.0,17.0,50.3,Ni50.3Ti34.7Zr15.0 %,34.7,15.0
A. Evirgen; I. Karaman; J. Pons; R. Santamarta and R. D. Noebe,Materials Science and Engineering: A,Role of nano-precipitation on the microstructure and shape memory characteristics of a new Ni50.3Ti34.7Zr15 shape memory alloy,2016.0,83.0,5.0,50.3,Ni50.3Ti34.7Zr15.0 %,34.7,15.0
A. Evirgen; I. Karaman; J. Pons; R. Santamarta and R. D. Noebe,Materials Science and Engineering: A,Role of nano-precipitation on the microstructure and shape memory characteristics of a new Ni50.3Ti34.7Zr15 shape memory alloy,2016.0,62.0,-17.0,50.3,Ni50.3Ti34.7Zr15.0 %,34.7,15.0
A. Evirgen; I. Karaman; J. Pons; R. Santamarta and R. D. Noebe,Materials Science and Engineering: A,Role of nano-precipitation on the microstructure and shape memory characteristics of a new Ni50.3Ti34.7Zr15 shape memory alloy,2016.0,98.0,19.0,50.3,Ni50.3Ti34.7Zr15.0 %,34.7,15.0
A. Evirgen; I. Karaman; J. Pons; R. Santamarta and R. D. Noebe,Materials Science and Engineering: A,Role of nano-precipitation on the microstructure and shape memory characteristics of a new Ni50.3Ti34.7Zr15 shape memory alloy,2016.0,102.0,25.0,50.3,Ni50.3Ti34.7Zr15.0 %,34.7,15.0
A. Evirgen; I. Karaman; J. Pons; R. Santamarta and R. D. Noebe,Materials Science and Engineering: A,Role of nano-precipitation on the microstructure and shape memory characteristics of a new Ni50.3Ti34.7Zr15 shape memory alloy,2016.0,122.0,66.0,50.3,Ni50.3Ti34.7Zr15.0 %,34.7,15.0
A. Evirgen; I. Karaman; J. Pons; R. Santamarta and R. D. Noebe,Materials Science and Engineering: A,Role of nano-precipitation on the microstructure and shape memory characteristics of a new Ni50.3Ti34.7Zr15 shape memory alloy,2016.0,120.0,57.0,50.3,Ni50.3Ti34.7Zr15.0 %,34.7,15.0
A. Evirgen; I. Karaman; J. Pons; R. Santamarta and R. D. Noebe,Materials Science and Engineering: A,Role of nano-precipitation on the microstructure and shape memory characteristics of a new Ni50.3Ti34.7Zr15 shape memory alloy,2016.0,118.0,53.0,50.3,Ni50.3Ti34.7Zr15.0 %,34.7,15.0
A. Evirgen; I. Karaman; J. Pons; R. Santamarta and R. D. Noebe,Materials Science and Engineering: A,Role of nano-precipitation on the microstructure and shape memory characteristics of a new Ni50.3Ti34.7Zr15 shape memory alloy,2016.0,118.0,51.0,50.3,Ni50.3Ti34.7Zr15.0 %,34.7,15.0
A. Evirgen; I. Karaman; J. Pons; R. Santamarta and R. D. Noebe,Materials Science and Engineering: A,Role of nano-precipitation on the microstructure and shape memory characteristics of a new Ni50.3Ti34.7Zr15 shape memory alloy,2016.0,124.0,53.0,50.3,Ni50.3Ti34.7Zr15.0 %,34.7,15.0
A. Evirgen; I. Karaman; J. Pons; R. Santamarta and R. D. Noebe,Materials Science and Engineering: A,Role of nano-precipitation on the microstructure and shape memory characteristics of a new Ni50.3Ti34.7Zr15 shape memory alloy,2016.0,132.0,55.0,50.3,Ni50.3Ti34.7Zr15.0 %,34.7,15.0
A. Evirgen; I. Karaman; R. Santamarta; J. Pons; C. Hayrettin and R. D. Noebe,Acta Materialia,Relationship between crystallographic compatibility and thermal hysteresis in Ni-rich NiTiHf and NiTiZr high temperature shape memory alloys,2016.0,76.0,21.0,50.3,Ni50.3Ti29.7Zr20.0 %,29.7,20.0
A. Evirgen; I. Karaman; R. Santamarta; J. Pons; C. Hayrettin and R. D. Noebe,Acta Materialia,Relationship between crystallographic compatibility and thermal hysteresis in Ni-rich NiTiHf and NiTiZr high temperature shape memory alloys,2016.0,176.0,123.0,50.3,Ni50.3Ti29.7Zr20.0 %,29.7,20.0
A. Evirgen; I. Karaman; R. Santamarta; J. Pons; C. Hayrettin and R. D. Noebe,Acta Materialia,Relationship between crystallographic compatibility and thermal hysteresis in Ni-rich NiTiHf and NiTiZr high temperature shape memory alloys,2016.0,175.0,116.0,50.3,Ni50.3Ti29.7Zr20.0 %,29.7,20.0
A. Evirgen; I. Karaman; R. Santamarta; J. Pons; C. Hayrettin and R. D. Noebe,Acta Materialia,Relationship between crystallographic compatibility and thermal hysteresis in Ni-rich NiTiHf and NiTiZr high temperature shape memory alloys,2016.0,176.0,88.0,50.3,Ni50.3Ti29.7Zr20.0 %,29.7,20.0
S. M. Kornegay,,Influence of zirconium additions on nitinol shape memory phase stability; transformation temperatures; and thermo-mechanical properties,2016.0,6.0,-70.0,50.3,Ni50.3Ti48.7Zr1.0 %,48.7,1.0
S. M. Kornegay,,Influence of zirconium additions on nitinol shape memory phase stability; transformation temperatures; and thermo-mechanical properties,2016.0,6.0,-70.0,50.3,Ni50.3Ti48.7Zr1.0 %,48.7,1.0
S. M. Kornegay,,Influence of zirconium additions on nitinol shape memory phase stability; transformation temperatures; and thermo-mechanical properties,2016.0,48.0,-65.0,50.3,Ni50.3Ti48.7Zr1.0 %,48.7,1.0
S. M. Kornegay,,Influence of zirconium additions on nitinol shape memory phase stability; transformation temperatures; and thermo-mechanical properties,2016.0,64.0,23.0,50.3,Ni50.3Ti48.7Zr1.0 %,48.7,1.0
S. M. Kornegay,,Influence of zirconium additions on nitinol shape memory phase stability; transformation temperatures; and thermo-mechanical properties,2016.0,56.0,14.0,50.3,Ni50.3Ti48.7Zr1.0 %,48.7,1.0
S. M. Kornegay,,Influence of zirconium additions on nitinol shape memory phase stability; transformation temperatures; and thermo-mechanical properties,2016.0,55.0,12.0,50.3,Ni50.3Ti48.7Zr1.0 %,48.7,1.0
S. M. Kornegay,,Influence of zirconium additions on nitinol shape memory phase stability; transformation temperatures; and thermo-mechanical properties,2016.0,47.0,-1.0,50.3,Ni50.3Ti48.7Zr1.0 %,48.7,1.0
S. M. Kornegay,,Influence of zirconium additions on nitinol shape memory phase stability; transformation temperatures; and thermo-mechanical properties,2016.0,67.0,19.0,50.3,Ni50.3Ti48.7Zr1.0 %,48.7,1.0
S. M. Kornegay,,Influence of zirconium additions on nitinol shape memory phase stability; transformation temperatures; and thermo-mechanical properties,2016.0,47.0,-4.0,50.3,Ni50.3Ti48.7Zr1.0 %,48.7,1.0
S. M. Kornegay,,Influence of zirconium additions on nitinol shape memory phase stability; transformation temperatures; and thermo-mechanical properties,2016.0,37.0,-18.0,50.3,Ni50.3Ti48.7Zr1.0 %,48.7,1.0
S. M. Kornegay,,Influence of zirconium additions on nitinol shape memory phase stability; transformation temperatures; and thermo-mechanical properties,2016.0,41.0,-15.0,50.3,Ni50.3Ti48.7Zr1.0 %,48.7,1.0
S. M. Kornegay,,Influence of zirconium additions on nitinol shape memory phase stability; transformation temperatures; and thermo-mechanical properties,2016.0,83.0,27.0,50.3,Ni50.3Ti48.7Zr1.0 %,48.7,1.0
S. M. Kornegay,,Influence of zirconium additions on nitinol shape memory phase stability; transformation temperatures; and thermo-mechanical properties,2016.0,31.0,-26.0,50.3,Ni50.3Ti48.7Zr1.0 %,48.7,1.0
S. M. Kornegay,,Influence of zirconium additions on nitinol shape memory phase stability; transformation temperatures; and thermo-mechanical properties,2016.0,40.0,-22.0,50.3,Ni50.3Ti48.7Zr1.0 %,48.7,1.0
S. M. Kornegay,,Influence of zirconium additions on nitinol shape memory phase stability; transformation temperatures; and thermo-mechanical properties,2016.0,35.0,3.0,50.3,Ni50.3Ti48.7Zr1.0 %,48.7,1.0
S. M. Kornegay,,Influence of zirconium additions on nitinol shape memory phase stability; transformation temperatures; and thermo-mechanical properties,2016.0,41.0,2.0,50.3,Ni50.3Ti48.7Zr1.0 %,48.7,1.0
S. M. Kornegay,,Influence of zirconium additions on nitinol shape memory phase stability; transformation temperatures; and thermo-mechanical properties,2016.0,29.0,-12.0,50.3,Ni50.3Ti48.7Zr1.0 %,48.7,1.0
S. M. Kornegay,,Influence of zirconium additions on nitinol shape memory phase stability; transformation temperatures; and thermo-mechanical properties,2016.0,46.0,5.0,50.3,Ni50.3Ti48.7Zr1.0 %,48.7,1.0
S. M. Kornegay,,Influence of zirconium additions on nitinol shape memory phase stability; transformation temperatures; and thermo-mechanical properties,2016.0,37.0,-5.0,50.3,Ni50.3Ti48.7Zr1.0 %,48.7,1.0
S. M. Kornegay,,Influence of zirconium additions on nitinol shape memory phase stability; transformation temperatures; and thermo-mechanical properties,2016.0,58.0,15.0,50.3,Ni50.3Ti48.7Zr1.0 %,48.7,1.0
S. M. Kornegay,,Influence of zirconium additions on nitinol shape memory phase stability; transformation temperatures; and thermo-mechanical properties,2016.0,29.0,-15.0,50.3,Ni50.3Ti48.7Zr1.0 %,48.7,1.0
S. M. Kornegay,,Influence of zirconium additions on nitinol shape memory phase stability; transformation temperatures; and thermo-mechanical properties,2016.0,23.0,-23.0,50.3,Ni50.3Ti48.7Zr1.0 %,48.7,1.0
S. M. Kornegay,,Influence of zirconium additions on nitinol shape memory phase stability; transformation temperatures; and thermo-mechanical properties,2016.0,22.0,-27.0,50.3,Ni50.3Ti48.7Zr1.0 %,48.7,1.0
S. M. Kornegay,,Influence of zirconium additions on nitinol shape memory phase stability; transformation temperatures; and thermo-mechanical properties,2016.0,76.0,24.0,50.3,Ni50.3Ti48.7Zr1.0 %,48.7,1.0
S. M. Kornegay,,Influence of zirconium additions on nitinol shape memory phase stability; transformation temperatures; and thermo-mechanical properties,2016.0,18.0,-42.0,50.3,Ni50.3Ti48.7Zr1.0 %,48.7,1.0
S. M. Kornegay,,Influence of zirconium additions on nitinol shape memory phase stability; transformation temperatures; and thermo-mechanical properties,2016.0,14.0,-48.0,50.3,Ni50.3Ti48.7Zr1.0 %,48.7,1.0
S. M. Kornegay,,Influence of zirconium additions on nitinol shape memory phase stability; transformation temperatures; and thermo-mechanical properties,2016.0,46.0,0.0,50.3,Ni50.3Ti48.7Zr1.0 %,48.7,1.0
S. M. Kornegay,,Influence of zirconium additions on nitinol shape memory phase stability; transformation temperatures; and thermo-mechanical properties,2016.0,-5.0,-62.0,50.3,Ni50.3Ti48.7Zr1.0 %,48.7,1.0
S. M. Kornegay,,Influence of zirconium additions on nitinol shape memory phase stability; transformation temperatures; and thermo-mechanical properties,2016.0,-13.0,-62.0,50.3,Ni50.3Ti48.7Zr1.0 %,48.7,1.0
S. M. Kornegay,,Influence of zirconium additions on nitinol shape memory phase stability; transformation temperatures; and thermo-mechanical properties,2016.0,0.0,-70.0,50.3,Ni50.3Ti48.7Zr1.0 %,48.7,1.0
S. M. Kornegay,,Influence of zirconium additions on nitinol shape memory phase stability; transformation temperatures; and thermo-mechanical properties,2016.0,115.0,-60.0,50.3,Ni50.3Ti32.2Zr17.5 %,32.2,17.5
S. M. Kornegay,,Influence of zirconium additions on nitinol shape memory phase stability; transformation temperatures; and thermo-mechanical properties,2016.0,129.0,70.0,50.3,Ni50.3Ti32.2Zr17.5 %,32.2,17.5
S. M. Kornegay,,Influence of zirconium additions on nitinol shape memory phase stability; transformation temperatures; and thermo-mechanical properties,2016.0,135.0,75.0,50.3,Ni50.3Ti32.2Zr17.5 %,32.2,17.5
S. M. Kornegay,,Influence of zirconium additions on nitinol shape memory phase stability; transformation temperatures; and thermo-mechanical properties,2016.0,112.0,49.0,50.3,Ni50.3Ti32.2Zr17.5 %,32.2,17.5
S. M. Kornegay,,Influence of zirconium additions on nitinol shape memory phase stability; transformation temperatures; and thermo-mechanical properties,2016.0,109.0,43.0,50.3,Ni50.3Ti32.2Zr17.5 %,32.2,17.5
S. M. Kornegay,,Influence of zirconium additions on nitinol shape memory phase stability; transformation temperatures; and thermo-mechanical properties,2016.0,137.0,71.0,50.3,Ni50.3Ti32.2Zr17.5 %,32.2,17.5
S. M. Kornegay,,Influence of zirconium additions on nitinol shape memory phase stability; transformation temperatures; and thermo-mechanical properties,2016.0,139.0,72.0,50.3,Ni50.3Ti32.2Zr17.5 %,32.2,17.5
S. M. Kornegay,,Influence of zirconium additions on nitinol shape memory phase stability; transformation temperatures; and thermo-mechanical properties,2016.0,112.0,45.0,50.3,Ni50.3Ti32.2Zr17.5 %,32.2,17.5
S. M. Kornegay,,Influence of zirconium additions on nitinol shape memory phase stability; transformation temperatures; and thermo-mechanical properties,2016.0,115.0,45.0,50.3,Ni50.3Ti32.2Zr17.5 %,32.2,17.5
S. M. Kornegay,,Influence of zirconium additions on nitinol shape memory phase stability; transformation temperatures; and thermo-mechanical properties,2016.0,148.0,77.0,50.3,Ni50.3Ti32.2Zr17.5 %,32.2,17.5
S. M. Kornegay,,Influence of zirconium additions on nitinol shape memory phase stability; transformation temperatures; and thermo-mechanical properties,2016.0,120.0,48.0,50.3,Ni50.3Ti32.2Zr17.5 %,32.2,17.5
S. M. Kornegay,,Influence of zirconium additions on nitinol shape memory phase stability; transformation temperatures; and thermo-mechanical properties,2016.0,126.0,50.0,50.3,Ni50.3Ti32.2Zr17.5 %,32.2,17.5
S. M. Kornegay,,Influence of zirconium additions on nitinol shape memory phase stability; transformation temperatures; and thermo-mechanical properties,2016.0,165.0,84.0,50.3,Ni50.3Ti32.2Zr17.5 %,32.2,17.5
S. M. Kornegay,,Influence of zirconium additions on nitinol shape memory phase stability; transformation temperatures; and thermo-mechanical properties,2016.0,58.0,-60.0,50.3,Ni50.3Ti32.2Zr17.5 %,32.2,17.5
S. M. Kornegay,,Influence of zirconium additions on nitinol shape memory phase stability; transformation temperatures; and thermo-mechanical properties,2016.0,135.0,10.0,50.3,Ni50.3Ti32.2Zr17.5 %,32.2,17.5
S. M. Kornegay,,Influence of zirconium additions on nitinol shape memory phase stability; transformation temperatures; and thermo-mechanical properties,2016.0,74.0,32.0,50.3,Ni50.3Ti32.2Zr17.5 %,32.2,17.5
S. M. Kornegay,,Influence of zirconium additions on nitinol shape memory phase stability; transformation temperatures; and thermo-mechanical properties,2016.0,74.0,27.0,50.3,Ni50.3Ti32.2Zr17.5 %,32.2,17.5
S. M. Kornegay,,Influence of zirconium additions on nitinol shape memory phase stability; transformation temperatures; and thermo-mechanical properties,2016.0,76.0,26.0,50.3,Ni50.3Ti32.2Zr17.5 %,32.2,17.5
S. M. Kornegay,,Influence of zirconium additions on nitinol shape memory phase stability; transformation temperatures; and thermo-mechanical properties,2016.0,54.0,4.0,50.3,Ni50.3Ti32.2Zr17.5 %,32.2,17.5
S. M. Kornegay,,Influence of zirconium additions on nitinol shape memory phase stability; transformation temperatures; and thermo-mechanical properties,2016.0,60.0,10.0,50.3,Ni50.3Ti32.2Zr17.5 %,32.2,17.5
S. M. Kornegay,,Influence of zirconium additions on nitinol shape memory phase stability; transformation temperatures; and thermo-mechanical properties,2016.0,85.0,34.0,50.3,Ni50.3Ti32.2Zr17.5 %,32.2,17.5
S. M. Kornegay,,Influence of zirconium additions on nitinol shape memory phase stability; transformation temperatures; and thermo-mechanical properties,2016.0,56.0,4.0,50.3,Ni50.3Ti32.2Zr17.5 %,32.2,17.5
S. M. Kornegay,,Influence of zirconium additions on nitinol shape memory phase stability; transformation temperatures; and thermo-mechanical properties,2016.0,61.0,3.0,50.3,Ni50.3Ti32.2Zr17.5 %,32.2,17.5
S. M. Kornegay,,Influence of zirconium additions on nitinol shape memory phase stability; transformation temperatures; and thermo-mechanical properties,2016.0,98.0,38.0,50.3,Ni50.3Ti32.2Zr17.5 %,32.2,17.5
S. M. Kornegay,,Influence of zirconium additions on nitinol shape memory phase stability; transformation temperatures; and thermo-mechanical properties,2016.0,68.0,4.0,50.3,Ni50.3Ti32.2Zr17.5 %,32.2,17.5
S. M. Kornegay,,Influence of zirconium additions on nitinol shape memory phase stability; transformation temperatures; and thermo-mechanical properties,2016.0,77.0,6.0,50.3,Ni50.3Ti32.2Zr17.5 %,32.2,17.5
S. M. Kornegay,,Influence of zirconium additions on nitinol shape memory phase stability; transformation temperatures; and thermo-mechanical properties,2016.0,115.0,41.0,50.3,Ni50.3Ti32.2Zr17.5 %,32.2,17.5
A. M. Pérez-Sierra; J. Pons; R. Santamarta; I. Karaman and R. D. Noebe,Scripta Materialia,Stability of a Ni-rich Ni-Ti-Zr high temperature shape memory alloy upon low temperature aging and thermal cycling,2016.0,74.0,1.0,50.3,Ni50.3Ti29.7Zr20.0 %,29.7,20.0
A. M. Pérez-Sierra; J. Pons; R. Santamarta; I. Karaman and R. D. Noebe,Scripta Materialia,Stability of a Ni-rich Ni-Ti-Zr high temperature shape memory alloy upon low temperature aging and thermal cycling,2016.0,163.0,110.0,50.3,Ni50.3Ti29.7Zr20.0 %,29.7,20.0
A. M. Pérez-Sierra; J. Pons; R. Santamarta; I. Karaman and R. D. Noebe,Scripta Materialia,Stability of a Ni-rich Ni-Ti-Zr high temperature shape memory alloy upon low temperature aging and thermal cycling,2016.0,186.0,91.0,50.3,Ni50.3Ti29.7Zr20.0 %,29.7,20.0
P. Olier; J. C. Brachet; J. L. Bechade; C. Foucher and G. Guenin,Journal de Physique IV,Investigation of Transformation Temperatures Microstructure and Shape Memory Properties of NiTi; NiTiZr and NiTiHf Alloys,1995.0,175.0,92.0,48.5,Ni48.5Ti39.5Zr12.0 %,39.5,12.0
P. Olier; J. C. Brachet; J. L. Bechade; C. Foucher and G. Guenin,Journal de Physique IV,Investigation of Transformation Temperatures Microstructure and Shape Memory Properties of NiTi; NiTiZr and NiTiHf Alloys,1995.0,218.0,130.0,48.5,Ni48.5Ti36.5Zr15.0 %,36.5,15.0
Z. Pu; H. Tseng and K. Wu,International Society for Optical Engineering,Martensite transformation and shape memory effect of NiTi-Zr high-temperature shape memory alloys,1995.0,152.0,55.0,50.0,Ni50.0Ti45.0Zr5.0 %,45.0,5.0
Z. Pu; H. Tseng and K. Wu,International Society for Optical Engineering,Martensite transformation and shape memory effect of NiTi-Zr high-temperature shape memory alloys,1995.0,95.0,23.0,50.0,Ni50.0Ti40.0Zr10.0 %,40.0,10.0
Z. Pu; H. Tseng and K. Wu,International Society for Optical Engineering,Martensite transformation and shape memory effect of NiTi-Zr high-temperature shape memory alloys,1995.0,250.0,167.0,50.0,Ni50.0Ti35.0Zr15.0 %,35.0,15.0
Z. Pu; H. Tseng and K. Wu,International Society for Optical Engineering,Martensite transformation and shape memory effect of NiTi-Zr high-temperature shape memory alloys,1995.0,320.0,255.0,50.0,Ni50.0Ti30.0Zr20.0 %,30.0,20.0
