Authors,Source,Title,Year,Austenite Finish Temperature - AF - (°C),Martensite Finish Temperature - MF - (°C),Ni (at.%),composition,Ti (at.%)
Y. F. Zheng; B. B. Zhang; B. L. Wang; Y. B. Wang; L. Li; Q. B. Yang and L. S. Cui,Acta Biomaterialia,Introduction of antibacterial function into biomedical TiNi shape memory alloy by the addition of element Ag,2011.0,96.0,45.0,50.0,Ni50.0Ti50.0 %,50.0
M. Bitzer; M. Bram; H. Buchkremer and D. Stöver,Journal of materials engineering and performance,Phase transformation behavior of hot isostatically pressed NiTi-X (X= Ag; Nb; W) alloys for functional engineering applications,2012.0,28.0,-26.0,50.8,Ni50.8Ti49.2 %,49.2
O. Mercier; E. Torok and B. Tirbonod,International Conference on Martensitic Transformations,Internal friction peaks associated with the martensitic phase transformation of NiTi and NiTiCu alloys,1979.0,62.0,18.0,49.9,Ni49.9Ti50.1 %,50.1
Y. Furuya; M. Matsumoto; H. S. Kimura and T. Masumoto,Materials Science and Engineering: A,Thermoelastic phase transformation of Melt Spun Ti50Ni50−xCux (x = 0–20 at.%) ribbons,1991.0,82.0,32.0,50.0,Ni50.0Ti50.0 %,50.0
T. Hashinaga; S. Miyazaki; T. Ueki and H. Horikawa,Journal de Physique IV,Transformation and deformation behavior in sputter-deposited Ti-Ni-Cu thin films,1995.0,89.0,55.0,48.7,Ni48.7Ti51.3 %,51.3
T. Hashinaga; S. Miyazaki; T. Ueki and H. Horikawa,Journal de Physique IV,Transformation and deformation behavior in sputter-deposited Ti-Ni-Cu thin films,1995.0,120.0,53.0,48.7,Ni48.7Ti51.3 %,51.3
T. Hashinaga; S. Miyazaki; T. Ueki and H. Horikawa,Journal de Physique IV,Transformation and deformation behavior in sputter-deposited Ti-Ni-Cu thin films,1995.0,107.0,51.0,48.7,Ni48.7Ti51.3 %,51.3
T. Hashinaga; S. Miyazaki; T. Ueki and H. Horikawa,Journal de Physique IV,Transformation and deformation behavior in sputter-deposited Ti-Ni-Cu thin films,1995.0,107.0,50.0,48.7,Ni48.7Ti51.3 %,51.3
B. Strnadel; S. Ohashi; H. Ohtsuka; T. Ishihara and S. Miyazaki,Materials Science and Engineering: A,Cyclic stress-strain characteristics of TiNi and TiNiCu shape memory alloys,1995.0,78.0,-28.0,50.0,Ni50.0Ti50.0 %,50.0
B. Strnadel; S. Ohashi; H. Ohtsuka; T. Ishihara and S. Miyazaki,Materials Science and Engineering: A,Cyclic stress-strain characteristics of TiNi and TiNiCu shape memory alloys,1995.0,53.0,-78.0,50.5,Ni50.5Ti49.5 %,49.5
B. Strnadel; S. Ohashi; H. Ohtsuka; T. Ishihara and S. Miyazaki,Materials Science and Engineering: A,Cyclic stress-strain characteristics of TiNi and TiNiCu shape memory alloys,1995.0,45.0,-116.0,50.9,Ni50.9Ti49.1 %,49.1
S. Miyazaki; T. Hashinaga and A. Ishida,Thin Solid Films,Martensitic transformations in sputter-deposited Ti−Ni−Cu shape memory alloy thin films,1996.0,95.0,54.0,48.7,Ni48.7Ti51.3 %,51.3
S. F. Hsieh and S. K. Wu,Materials Characterization,A Study on Ternary Ti-rich TiNiZr Shape Memory Alloys,1998.0,107.0,37.0,48.5,Ni48.5Ti51.5 %,51.5
F. Gil and J. Planell,Journal of Biomedical Materials ReseVARh Part A,Effect of copper addition on the superelastic behavior of Ni‐Ti shape memory alloys for orthodontic applications,1999.0,32.0,16.0,55.8,Ni55.8Ti44.2 %,44.2
F. Gil and J. Planell,Journal of Biomedical Materials ReseVARh Part A,Effect of copper addition on the superelastic behavior of Ni‐Ti shape memory alloys for orthodontic applications,1999.0,28.0,-1.0,62.4,Ni62.4Ti37.6 %,37.6
F. Gil and J. Planell,Journal of Biomedical Materials ReseVARh Part A,Effect of copper addition on the superelastic behavior of Ni‐Ti shape memory alloys for orthodontic applications,1999.0,16.0,-13.0,63.0,Ni63.0Ti37.0 %,37.0
F. Gil and J. Planell,Journal of Biomedical Materials ReseVARh Part A,Effect of copper addition on the superelastic behavior of Ni‐Ti shape memory alloys for orthodontic applications,1999.0,15.0,-9.0,64.6,Ni64.6Ti35.4 %,35.4
F. Gil and J. Planell,Journal of Biomedical Materials ReseVARh Part A,Effect of copper addition on the superelastic behavior of Ni‐Ti shape memory alloys for orthodontic applications,1999.0,28.0,1.0,69.3,Ni69.3Ti30.7 %,30.7
F. Gil and J. Planell,Journal of Biomedical Materials ReseVARh Part A,Effect of copper addition on the superelastic behavior of Ni‐Ti shape memory alloys for orthodontic applications,1999.0,27.0,14.0,69.4,Ni69.4Ti30.6 %,30.6
F. Gil and J. Planell,Journal of Biomedical Materials ReseVARh Part A,Effect of copper addition on the superelastic behavior of Ni‐Ti shape memory alloys for orthodontic applications,1999.0,26.0,-5.0,69.6,Ni69.6Ti30.4 %,30.4
S. Miyazaki and A. Ishida,Materials Science and Engineering: A,Martensitic transformation and shape memory behavior in sputter-deposited TiNi-base thin films,1999.0,118.0,51.0,48.7,Ni48.7Ti51.3 %,51.3
S. Miyazaki and A. Ishida,Materials Science and Engineering: A,Martensitic transformation and shape memory behavior in sputter-deposited TiNi-base thin films,1999.0,111.0,50.0,48.7,Ni48.7Ti51.3 %,51.3
S. Miyazaki and A. Ishida,Materials Science and Engineering: A,Martensitic transformation and shape memory behavior in sputter-deposited TiNi-base thin films,1999.0,107.0,50.0,48.7,Ni48.7Ti51.3 %,51.3
B. Winzek and E. Quandt,Zeitschrift für Metallkunde,Shape-memory Ti-Ni-X-films (X = Cu;Pd) under constraint,1999.0,75.0,-3.0,47.8,Ni47.8Ti52.2 %,52.2
M. Es-Souni; M. Es-Souni and H. F. Brandies,Biomaterials,On the transformation behaviour; mechanical properties and biocompatibility of two NiTi-based shape memory alloys,2001.0,33.0,-59.0,53.0,Ni53.0Ti47.0 %,47.0
J. Uchil; K. K. Mahesh and K. Ganesh Kumara,Journal of Materials Science,Dilatometric study of martensitic transformation in NiTiCu and NiTi shape memory alloys,2001.0,112.0,59.0,50.03,Ni50.03Ti49.97 %,49.97
J. Uchil; K. K. Mahesh and K. Ganesh Kumara,Journal of Materials Science,Dilatometric study of martensitic transformation in NiTiCu and NiTi shape memory alloys,2001.0,110.0,53.0,50.03,Ni50.03Ti49.97 %,49.97
J. Uchil; K. K. Mahesh and K. Ganesh Kumara,Journal of Materials Science,Dilatometric study of martensitic transformation in NiTiCu and NiTi shape memory alloys,2001.0,80.0,52.0,50.03,Ni50.03Ti49.97 %,49.97
J. Uchil; K. K. Mahesh and K. Ganesh Kumara,Journal of Materials Science,Dilatometric study of martensitic transformation in NiTiCu and NiTi shape memory alloys,2001.0,105.0,48.0,50.03,Ni50.03Ti49.97 %,49.97
J. Uchil; K. K. Mahesh and K. Ganesh Kumara,Journal of Materials Science,Dilatometric study of martensitic transformation in NiTiCu and NiTi shape memory alloys,2001.0,98.0,46.0,50.03,Ni50.03Ti49.97 %,49.97
M. Iijima; H. Ohno; I. Kawashima; K. Endo and I. Mizoguchi,Dental Materials,Mechanical behavior at different temperatures and stresses for superelastic nickel–titanium orthodontic wires having different transformation temperatures,2002.0,23.0,0.0,50.7,Ni50.7Ti49.3 %,49.3
Z. Feng; B. Gao; J. Wang; D. Qian and Y. Liu,Materials Science Forum,Influence of Zr Additions on Shape-Memory Effect and Mechanical Properties of Ni-Rich NiTi Alloys,2002.0,57.0,4.0,50.6,Ni50.6Ti49.4 %,49.4
H. Du and Y. Fu,Surface and Coatings Technology,Deposition and characterization of Ti1−x(Ni;Cu)x shape memory alloy thin films,2004.0,82.0,60.0,49.7,Ni49.7Ti50.3 %,50.3
L.L. Meisner; V.P. Sivokha,Physica B: Condensed Matter,The effect of applied stress on the shape memory behavior of TiNi-based alloys with different consequences of martensitic transformations,2004.0,48.0,44.0,50.5,Ni50.5Ti49.5 %,49.5
L.L. Meisner; V.P. Sivokha,Physica B: Condensed Matter,The effect of applied stress on the shape memory behavior of TiNi-based alloys with different consequences of martensitic transformations,2004.0,48.0,35.0,50.5,Ni50.5Ti49.5 %,49.5
L.L. Meisner; V.P. Sivokha,Physica B: Condensed Matter,The effect of applied stress on the shape memory behavior of TiNi-based alloys with different consequences of martensitic transformations,2004.0,45.0,28.0,50.5,Ni50.5Ti49.5 %,49.5
L.L. Meisner; V.P. Sivokha,Physica B: Condensed Matter,The effect of applied stress on the shape memory behavior of TiNi-based alloys with different consequences of martensitic transformations,2004.0,43.0,18.0,50.5,Ni50.5Ti49.5 %,49.5
L.L. Meisner; V.P. Sivokha,Physica B: Condensed Matter,The effect of applied stress on the shape memory behavior of TiNi-based alloys with different consequences of martensitic transformations,2004.0,40.0,6.0,50.5,Ni50.5Ti49.5 %,49.5
L.L. Meisner; V.P. Sivokha,Physica B: Condensed Matter,The effect of applied stress on the shape memory behavior of TiNi-based alloys with different consequences of martensitic transformations,2004.0,38.0,6.0,50.5,Ni50.5Ti49.5 %,49.5
L.L. Meisner; V.P. Sivokha,Physica B: Condensed Matter,The effect of applied stress on the shape memory behavior of TiNi-based alloys with different consequences of martensitic transformations,2004.0,31.0,6.0,50.5,Ni50.5Ti49.5 %,49.5
L.L. Meisner; V.P. Sivokha,Physica B: Condensed Matter,The effect of applied stress on the shape memory behavior of TiNi-based alloys with different consequences of martensitic transformations,2004.0,34.0,5.0,50.5,Ni50.5Ti49.5 %,49.5
L.L. Meisner; V.P. Sivokha,Physica B: Condensed Matter,The effect of applied stress on the shape memory behavior of TiNi-based alloys with different consequences of martensitic transformations,2004.0,30.0,5.0,50.5,Ni50.5Ti49.5 %,49.5
L.L. Meisner; V.P. Sivokha,Physica B: Condensed Matter,The effect of applied stress on the shape memory behavior of TiNi-based alloys with different consequences of martensitic transformations,2004.0,27.0,5.0,50.5,Ni50.5Ti49.5 %,49.5
R. Santamarta; E. Cesari; J. Pons and T. Goryczka,Metallurgical and Materials Transactions A,Shape memory properties of Ni-Ti based Melt Spun ribbons,2004.0,34.0,-7.0,50.0,Ni50.0Ti50.0 %,50.0
R. Santamarta; E. Cesari; J. Pons and T. Goryczka,Metallurgical and Materials Transactions A,Shape memory properties of Ni-Ti based Melt Spun ribbons,2004.0,22.0,-7.0,50.0,Ni50.0Ti50.0 %,50.0
R. Santamarta; E. Cesari; J. Pons and T. Goryczka,Metallurgical and Materials Transactions A,Shape memory properties of Ni-Ti based Melt Spun ribbons,2004.0,30.0,-9.0,50.0,Ni50.0Ti50.0 %,50.0
R. Santamarta; E. Cesari; J. Pons and T. Goryczka,Metallurgical and Materials Transactions A,Shape memory properties of Ni-Ti based Melt Spun ribbons,2004.0,27.0,-11.0,50.0,Ni50.0Ti50.0 %,50.0
A. Ishida; M. Sato and K. Ogawa,Philosophical Magazine Letters,Microstructure and shape-memory behavior of annealed Ti51.5Ni33.1Cu15.4 thin films,2006.0,136.0,65.0,48.5,Ni48.5Ti51.5 %,51.5
A. Ishida; M. Sato and K. Ogawa,Philosophical Magazine Letters,Microstructure and shape-memory behavior of annealed Ti51.5Ni33.1Cu15.4 thin films,2006.0,117.0,61.0,48.5,Ni48.5Ti51.5 %,51.5
A. Ishida; M. Sato and K. Ogawa,Philosophical Magazine Letters,Microstructure and shape-memory behavior of annealed Ti51.5Ni33.1Cu15.4 thin films,2006.0,81.0,21.0,48.5,Ni48.5Ti51.5 %,51.5
Y.-W. Kim; S.-H. Lee and T.-H. Nam,Physica Scripta,Microstructure modifications of Ti–Ni–Cu shape memory alloy strips fabricated by VAR melt overflow process,2007.0,62.0,5.0,50.0,Ni50.0Ti50.0 %,50.0
T.-h. Nam; J.-h. Lee; D.-w. Jung; C.-a. Yu; Y. Liu and Y.-w. Kim,Materials Science and Engineering: A,Transformation behaviour of Ti–Ni and Ti–Ni–Cu alloy ribbons with nano Ti2Ni particles,2007.0,62.0,3.0,49.0,Ni49.0Ti51.0 %,51.0
T.-h. Nam; J.-h. Lee; D.-w. Jung; C.-a. Yu; Y. Liu and Y.-w. Kim,Materials Science and Engineering: A,Transformation behaviour of Ti–Ni and Ti–Ni–Cu alloy ribbons with nano Ti2Ni particles,2007.0,67.0,12.0,50.0,Ni50.0Ti50.0 %,50.0
C. Grossmann; J. Frenzel; V. Sampath; T. Depka; A. Oppenkowski; C. Somsen; K. Neuking; W. Theisen and G. Eggeler,Materialwissenschaft und Werkstofftechnik,Processing and property assessment of NiTi and NiTiCu shape memory actuator springs,2008.0,106.0,45.0,50.0,Ni50.0Ti50.0 %,50.0
C. Grossmann; J. Frenzel; V. Sampath; T. Depka; A. Oppenkowski; C. Somsen; K. Neuking; W. Theisen and G. Eggeler,Materialwissenschaft und Werkstofftechnik,Processing and property assessment of NiTi and NiTiCu shape memory actuator springs,2008.0,109.0,42.0,50.0,Ni50.0Ti50.0 %,50.0
C. Grossmann; J. Frenzel; V. Sampath; T. Depka; A. Oppenkowski; C. Somsen; K. Neuking; W. Theisen and G. Eggeler,Materialwissenschaft und Werkstofftechnik,Processing and property assessment of NiTi and NiTiCu shape memory actuator springs,2008.0,105.0,41.0,50.0,Ni50.0Ti50.0 %,50.0
C. Grossmann; J. Frenzel; V. Sampath; T. Depka; A. Oppenkowski; C. Somsen; K. Neuking; W. Theisen and G. Eggeler,Materialwissenschaft und Werkstofftechnik,Processing and property assessment of NiTi and NiTiCu shape memory actuator springs,2008.0,103.0,40.0,50.0,Ni50.0Ti50.0 %,50.0
C. Grossmann; J. Frenzel; V. Sampath; T. Depka; A. Oppenkowski; C. Somsen; K. Neuking; W. Theisen and G. Eggeler,Materialwissenschaft und Werkstofftechnik,Processing and property assessment of NiTi and NiTiCu shape memory actuator springs,2008.0,100.0,38.0,50.0,Ni50.0Ti50.0 %,50.0
C. Grossmann; J. Frenzel; V. Sampath; T. Depka; A. Oppenkowski; C. Somsen; K. Neuking; W. Theisen and G. Eggeler,Materialwissenschaft und Werkstofftechnik,Processing and property assessment of NiTi and NiTiCu shape memory actuator springs,2008.0,104.0,31.0,50.0,Ni50.0Ti50.0 %,50.0
A. J. Muir Wood; S. Sanjabi; Y. Q. Fu; Z. H. Barber and T. W. Clyne,Surface and Coatings Technology,Nanoindentation of binary and ternary Ni–Ti-based shape memory alloy thin films,2008.0,70.0,35.0,47.2,Ni47.2Ti52.8 %,52.8
A. J. Muir Wood; S. Sanjabi; Y. Q. Fu; Z. H. Barber and T. W. Clyne,Surface and Coatings Technology,Nanoindentation of binary and ternary Ni–Ti-based shape memory alloy thin films,2008.0,85.0,20.0,49.4,Ni49.4Ti50.6 %,50.6
A. J. Muir Wood; S. Sanjabi; Y. Q. Fu; Z. H. Barber and T. W. Clyne,Surface and Coatings Technology,Nanoindentation of binary and ternary Ni–Ti-based shape memory alloy thin films,2008.0,20.0,-50.0,51.2,Ni51.2Ti48.8 %,48.8
C. Grossmann; J. Frenzel; V. Sampath; T. Depka and G. Eggeler,Metallurgical and Materials Transactions A,Elementary Transformation and Deformation Processes and the Cyclic Stability of NiTi and NiTiCu Shape Memory Spring Actuators,2009.0,101.0,39.0,50.0,Ni50.0Ti50.0 %,50.0
C. Grossmann; J. Frenzel; V. Sampath; T. Depka and G. Eggeler,Metallurgical and Materials Transactions A,Elementary Transformation and Deformation Processes and the Cyclic Stability of NiTi and NiTiCu Shape Memory Spring Actuators,2009.0,97.0,22.0,50.0,Ni50.0Ti50.0 %,50.0
C. Grossmann; J. Frenzel; V. Sampath; T. Depka and G. Eggeler,Metallurgical and Materials Transactions A,Elementary Transformation and Deformation Processes and the Cyclic Stability of NiTi and NiTiCu Shape Memory Spring Actuators,2009.0,95.0,12.0,50.0,Ni50.0Ti50.0 %,50.0
N. Okada; Y. Fujii; Y. Ishikawa; M. Onoda; H. Y. Kim and S. Miyazaki,Journal of the Japan Institute of Metals,Effect of Zr Content on Shape Memory Characteristics and Workability of Ti-Ni-Zr Alloy,2008.0,86.0,61.0,49.5,Ni49.5Ti50.5 %,50.5
C. J. Araújo; N. J. Silva; M. M. Silva and C. H. Gonzalez,Materials & Design,A comparative study of Ni–Ti and Ni–Ti–Cu shape memory alloy processed by plasma melting and injection molding,2011.0,70.0,5.0,50.0,Ni50.0Ti50.0 %,50.0
B. Ingale; W. Wei; P. Chang; Y. Kuo and S. Wu,Journal of Applied Physics,Anomalous transport and thermal properties of NiTi and with Cu and Fe-doped shape memory alloys near the martensitic transition,2011.0,71.0,-33.0,50.0,Ni50.0Ti50.0 %,50.0
S. Inoue; N. Sawada and T. Namazu,Vacuum,Effect of Zr content on mechanical properties of Ti–Ni–Zr shape memory alloy films prepared by dc magnetron sputtering,2009.0,75.0,16.0,49.4,Ni49.4Ti50.6 %,50.6
S. Inoue; N. Sawada and T. Namazu,Vacuum,Effect of Zr content on mechanical properties of Ti–Ni–Zr shape memory alloy films prepared by dc magnetron sputtering,2009.0,81.0,19.0,49.4,Ni49.4Ti50.6 %,50.6
A. Phukaoluan; A. Khantachawana; P. Kaewtathip; S. Dechkunakorn; N. Anuwongnukroh; P. Santiwong and J. Kajornchaiyakul,Applied Mechanics and Materials,Property improvement of TiNi by Cu addition for orthodontics applications,2011.0,32.0,-31.0,50.6,Ni50.6Ti49.4 %,49.4
A. Ishida; M. Sato and Z. Y. Gao,Journal of Alloys and Compounds,Properties and applications of TiNiCu shape-memory-alloy thin films,2013.0,99.0,71.0,48.3,Ni48.3Ti51.7 %,51.7
A. Ishida; M. Sato and Z. Y. Gao,Journal of Alloys and Compounds,Properties and applications of TiNiCu shape-memory-alloy thin films,2013.0,88.0,63.0,48.3,Ni48.3Ti51.7 %,51.7
A. Ishida; M. Sato and Z. Y. Gao,Journal of Alloys and Compounds,Properties and applications of TiNiCu shape-memory-alloy thin films,2013.0,80.0,48.0,48.3,Ni48.3Ti51.7 %,51.7
H.-j. Jiang; C.-b. Ke; S.-s. Cao; X. Ma and X.-p. Zhang,Transactions of Nonferrous Metals Society of China,Phase transformation and damping behavior of lightweight porous TiNiCu alloys fabricated by powder metallurgy process,2013.0,42.0,-17.0,50.0,Ni50.0Ti50.0 %,50.0
B. Ramachandran; R. Tang; P. Chang; Y. Kuo; C. Chien and S. Wu,Journal of Applied Physics,Cu-substitution effect on thermoelectric properties of the TiNi-based shape memory alloys,2013.0,69.0,-28.0,50.0,Ni50.0Ti50.0 %,50.0
Y.-w. Kim and E. Choi,Materials ReseVARh Bulletin,Effect of Cu addition on the martensitic transformation of powder metallurgy processed Ti–Ni alloys,2014.0,87.0,21.0,50.0,Ni50.0Ti50.0 %,50.0
Y.-w. Kim and E. Choi,Materials ReseVARh Bulletin,Effect of Cu addition on the martensitic transformation of powder metallurgy processed Ti–Ni alloys,2014.0,53.0,10.0,50.0,Ni50.0Ti50.0 %,50.0
M. Thomasová; H. Seiner; P. Sedlák; M. Frost; M. Ševčík; I. Szurman; R. Kocich; J. Drahokoupil; P. Šittner and M. Landa,Acta Materialia,Evolution of macroscopic elastic moduli of martensitic polycrystalline NiTi and NiTiCu shape memory alloys with pseudoplastic straining,2017.0,71.0,25.0,50.5,Ni50.5Ti49.5 %,49.5
Z. Pu; H. K. Tseng and K. Wu,International Society for Optical Engineering,Innovative system of high-temperature shape memory alloys,1994.0,20.0,-50.0,48.5,Ni48.5Ti51.5 %,51.5
Z. Pu; H. K. Tseng and K. Wu,International Society for Optical Engineering,Innovative system of high-temperature shape memory alloys,1994.0,88.0,38.0,48.5,Ni48.5Ti51.5 %,51.5
D. Angst; P. Thoma and M. Kao,Journal de Physique IV,The Effect of Hafnium Content on the Transformation Temperatures of Ni49Ti51-xHfx. Shape Memory Alloys,1995.0,47.0,9.0,49.0,Ni49.0Ti51.0 %,51.0
P. Olier; J. C. Brachet; J. L. Bechade; C. Foucher and G. Guenin,Journal de Physique IV,Investigation of Transformation Temperatures Microstructure and Shape Memory Properties of NiTi; NiTiZr and NiTiHf Alloys,1995.0,100.0,45.0,50.0,Ni50.0Ti50.0 %,50.0
K. H. Wu; Z. Pu; H. Tseng and F. S. Biancaniello,Shape Memory and Superelastic Technologies,The Shape Memory Effect of the NiTi-Hf High Temperature Shape Memory Alloy,1995.0,86.0,26.0,48.6,Ni48.6Ti51.4 %,51.4
K. H. Wu; Z. Pu; H. Tseng and F. S. Biancaniello,Shape Memory and Superelastic Technologies,The Shape Memory Effect of the NiTi-Hf High Temperature Shape Memory Alloy,1995.0,85.0,20.0,48.6,Ni48.6Ti51.4 %,51.4
S. M. Kornegay,,Influence of zirconium additions on nitinol shape memory phase stability; transformation temperatures; and thermo-mechanical properties,2016.0,65.0,64.0,50.3,Ni50.3Ti49.7 %,49.7
S. M. Kornegay,,Influence of zirconium additions on nitinol shape memory phase stability; transformation temperatures; and thermo-mechanical properties,2016.0,60.0,42.0,50.3,Ni50.3Ti49.7 %,49.7
S. M. Kornegay,,Influence of zirconium additions on nitinol shape memory phase stability; transformation temperatures; and thermo-mechanical properties,2016.0,58.0,38.0,50.3,Ni50.3Ti49.7 %,49.7
S. M. Kornegay,,Influence of zirconium additions on nitinol shape memory phase stability; transformation temperatures; and thermo-mechanical properties,2016.0,75.0,20.0,50.3,Ni50.3Ti49.7 %,49.7
S. M. Kornegay,,Influence of zirconium additions on nitinol shape memory phase stability; transformation temperatures; and thermo-mechanical properties,2016.0,38.0,-20.0,50.3,Ni50.3Ti49.7 %,49.7
S. M. Kornegay,,Influence of zirconium additions on nitinol shape memory phase stability; transformation temperatures; and thermo-mechanical properties,2016.0,30.0,-22.0,50.3,Ni50.3Ti49.7 %,49.7
S. M. Kornegay,,Influence of zirconium additions on nitinol shape memory phase stability; transformation temperatures; and thermo-mechanical properties,2016.0,-10.0,-70.0,50.3,Ni50.3Ti49.7 %,49.7
P. Olier; J. C. Brachet; J. L. Bechade; C. Foucher and G. Guenin,Journal de Physique IV,Investigation of Transformation Temperatures Microstructure and Shape Memory Properties of NiTi; NiTiZr and NiTiHf Alloys,1995.0,88.0,38.0,50.0,Ni50.0Ti50.0 %,50.0
P. E. Thoma; C. Zhang; J. J. Boehm and R. H. Zee,Journal de Physique IV ,The Effect of Hafnium Content and Cycling under an Applied Axial Stress on the Creep and Martensite Strain of NiTi Based Shape Memory Alloy Wires ,1997.0,146.0,48.0,49.0,Ni49.0Ti51.0 %,51.0
Z. Pu; H. Tseng and K. Wu,International Society for Optical Engineering,Martensite transformation and shape memory effect of NiTi-Zr high-temperature shape memory alloys,1995.0,146.0,62.0,50.0,Ni50.0Ti50.0 %,50.0
S. Kang; H.-J. Im and T.-H. Nam,Journal of the Korean Institute of Metals and Materials(South Korea),Effect of Hf-content on phase transformation behavior and microstructures of Ti-Ni-Hf shape memory alloys,1999.0,146.0,48.0,50.0,Ni50.0Ti50.0 %,50.0
T. Umale; D. Salas; B. Tomes; R. Arroyave and I. Karaman,Scripta Materialia,The effects of wide range of compositional changes on the martensitic transformation characteristics of NiTiHf shape memory alloys,2019.0,70.0,35.0,49.8,Ni49.8Ti50.2 %,50.2
Y. Xu; S. Shimizu; Y. Suzuki; K. Otsuka; T. Ueki; K. Mitose,Acta Materialia,Recovery and Recrystallization Processes in Ti-Pd-Ni High Temperature Shape Memory Alloys,1997.0,185.0,54.0,50.0,Ni50.0Ti50.0 %,50.0
K.C. Atli; I. Karaman; R.D. Noebe; D. Gaydosh ,Materials Science and Engineering A,The effect of training on two-way shape memory effect of binary NiTi and NiTi based ternary high temperature shape memory alloys,2013.0,121.0,71.0,49.9,Ni49.9Ti50.1 %,50.1
K.C. Atli; I. Karaman; R.D. Noebe; D. Gaydosh ,Materials Science and Engineering A,The effect of training on two-way shape memory effect of binary NiTi and NiTi based ternary high temperature shape memory alloys,2013.0,126.0,69.0,49.9,Ni49.9Ti50.1 %,50.1
K.C. Atli; I. Karaman; R.D. Noebe; D. Gaydosh ,Materials Science and Engineering A,The effect of training on two-way shape memory effect of binary NiTi and NiTi based ternary high temperature shape memory alloys,2013.0,125.0,67.0,49.9,Ni49.9Ti50.1 %,50.1
K.C. Atli; I. Karaman; R.D. Noebe; D. Gaydosh ,Materials Science and Engineering A,The effect of training on two-way shape memory effect of binary NiTi and NiTi based ternary high temperature shape memory alloys,2013.0,116.0,64.0,49.9,Ni49.9Ti50.1 %,50.1
K.C. Atli; I. Karaman; R.D. Noebe; D. Gaydosh ,Materials Science and Engineering A,The effect of training on two-way shape memory effect of binary NiTi and NiTi based ternary high temperature shape memory alloys,2013.0,108.0,59.0,49.9,Ni49.9Ti50.1 %,50.1
K.C. Atli; I. Karaman; R.D. Noebe; D. Gaydosh ,Materials Science and Engineering A,The effect of training on two-way shape memory effect of binary NiTi and NiTi based ternary high temperature shape memory alloys,2013.0,107.0,59.0,49.9,Ni49.9Ti50.1 %,50.1
P.G. Lindquist,PhD Thesis,Structure and transformation behavior of martensitic Ti - (Ni;Pd) and Ti - (Ni;Pt) alloys,1988.0,89.0,15.0,50.0,Ni50.0Ti50.0 %,50.0
K. M. Ibrahim; N. Elbagoury and Y. Fouad,Journal of Alloys and Compounds,Microstructure and martensitic transformation of cast TiNiSi shape memory alloys,2011.0,98.0,43.0,49.0,Ni49.0Ti51.0 %,51.0
V.V. Shastry; V.D. Divya; M.A. Azeem; A. Paul; D. Dye; U. Ramamurty,Acta Materialia,Combining indentation and diffusion couple techniques for combinatorial discovery of high temperature shape memory alloys,2013.0,106.0,29.0,50.0,Ni50.0Ti50.0 %,50.0
A. Liu; X. Meng; W. Cai and L. C. Zhao,Materials Science Forum,Effect of Ce addition on martensitic transformation behavior of TiNi shape memory alloys,2005.0,16.0,-50.0,50.0,Ni50.0Ti50.0 %,50.0
W. Cai; A. Liu; J. Sui and L. Zhao,Materials transactions,Effects of cerium addition on martensitic transformation and microstructure of Ti49. 3Ni50. 7 alloy,2006.0,-24.0,-66.0,50.7,Ni50.7Ti49.3 %,49.3
B. Winzek and E. Quandt,Zeitschrift für Metallkunde,Shape-memory Ti-Ni-X-films (X = Cu;Pd) under constraint,1999.0,75.0,-3.0,47.8,Ni47.8Ti52.2 %,52.2
B. Lin; K. Gall; H.J. Maier; R. Waldron,Acta Biomaterialia,Structure and thermomechanical behavior of NiTiPt shape memory alloy wires,2009.0,39.0,25.0,51.0,Ni51.0Ti49.0 %,49.0
B. Lin; K. Gall; H.J. Maier; R. Waldron,Acta Biomaterialia,Structure and thermomechanical behavior of NiTiPt shape memory alloy wires,2009.0,29.0,15.0,51.0,Ni51.0Ti49.0 %,49.0
B. Lin; K. Gall; H.J. Maier; R. Waldron,Acta Biomaterialia,Structure and thermomechanical behavior of NiTiPt shape memory alloy wires,2009.0,60.0,-5.0,51.0,Ni51.0Ti49.0 %,49.0
B. Lin; K. Gall; H.J. Maier; R. Waldron,Acta Biomaterialia,Structure and thermomechanical behavior of NiTiPt shape memory alloy wires,2009.0,37.0,-9.0,51.0,Ni51.0Ti49.0 %,49.0
A. L. Liu; N. N. Mao; J. W. Xu and W. Cai,Materials Science Forum,Investigation on Ce Addition on Microstructure and Martensitic Transformation of a Ti51Ni49 Shape Memory Alloy,2016.0,112.0,60.0,49.0,Ni49.0Ti51.0 %,51.0
A. L. Liu; Z. Y. Gao; L. Gao; W. Cai and Y. Wu,Journal of Alloys and Compounds,Effect of Dy addition on the microstructure and martensitic transformation of a Ni-rich TiNi shape memory alloy,2007.0,-24.0,-66.0,50.7,Ni50.7Ti49.3 %,49.3
O. Rios; R.D. Noebe; T. Biles; A. Garg; A. Palczer; D. Scheiman; H.J. Seifert; M. Kaufman,SPIE Proceedings,Characterization of Ternary NiTiPt High-Temperature Shape Memory Alloys,2005.0,86.0,35.0,50.0,Ni50.0Ti50.0 %,50.0
J. W. Xu; A. L. Liu; B. Y. Qian and W. Cai,Advanced Materials Research,Investigation on Microstructure and Phase Transformation of La Added Ti49. 3Ni50. 7 Shape Memory Alloy,2012.0,-24.0,-66.0,50.7,Ni50.7Ti49.3 %,49.3
C. Zhao; W. Li; S. Zhao; Y. Jin; X. Meng and Q. Hou,Vacuum,Effect of La addition on the microstructure and martensitic transformation of Ni-Ti-La alloys,2017.0,123.0,47.0,50.0,Ni50.0Ti50.0 %,50.0
P.G. Lindquist,PhD Thesis,Structure and transformation behavior of martensitic Ti - (Ni;Pd) and Ti - (Ni;Pt) alloys,1988.0,89.0,15.0,50.0,Ni50.0Ti50.0 %,50.0
M. Dovchinvanchig; C. Zhao; S. Zhao; X. Meng; Y. Jin and Y. Xing,Advances in Materials Science and Engineering,Effect of Nd addition on the microstructure and Martensitic transformation of Ni-Ti shape memory alloys,2014.0,106.0,57.0,50.0,Ni50.0Ti50.0 %,50.0
L.L. Meisner; V.P. Sivokha,Physica B: Condensed Matter,The effect of applied stress on the shape memory behavior of TiNi-based alloys with different consequences of martensitic transformations,2004.0,49.0,-12.0,50.5,Ni50.5Ti49.5 %,49.5
L.L. Meisner; V.P. Sivokha,Physica B: Condensed Matter,The effect of applied stress on the shape memory behavior of TiNi-based alloys with different consequences of martensitic transformations,2004.0,48.0,44.0,50.5,Ni50.5Ti49.5 %,49.5
L.L. Meisner; V.P. Sivokha,Physica B: Condensed Matter,The effect of applied stress on the shape memory behavior of TiNi-based alloys with different consequences of martensitic transformations,2004.0,48.0,35.0,50.5,Ni50.5Ti49.5 %,49.5
L.L. Meisner; V.P. Sivokha,Physica B: Condensed Matter,The effect of applied stress on the shape memory behavior of TiNi-based alloys with different consequences of martensitic transformations,2004.0,45.0,28.0,50.5,Ni50.5Ti49.5 %,49.5
L.L. Meisner; V.P. Sivokha,Physica B: Condensed Matter,The effect of applied stress on the shape memory behavior of TiNi-based alloys with different consequences of martensitic transformations,2004.0,43.0,18.0,50.5,Ni50.5Ti49.5 %,49.5
L.L. Meisner; V.P. Sivokha,Physica B: Condensed Matter,The effect of applied stress on the shape memory behavior of TiNi-based alloys with different consequences of martensitic transformations,2004.0,40.0,6.0,50.5,Ni50.5Ti49.5 %,49.5
L.L. Meisner; V.P. Sivokha,Physica B: Condensed Matter,The effect of applied stress on the shape memory behavior of TiNi-based alloys with different consequences of martensitic transformations,2004.0,38.0,6.0,50.5,Ni50.5Ti49.5 %,49.5
L.L. Meisner; V.P. Sivokha,Physica B: Condensed Matter,The effect of applied stress on the shape memory behavior of TiNi-based alloys with different consequences of martensitic transformations,2004.0,31.0,6.0,50.5,Ni50.5Ti49.5 %,49.5
L.L. Meisner; V.P. Sivokha,Physica B: Condensed Matter,The effect of applied stress on the shape memory behavior of TiNi-based alloys with different consequences of martensitic transformations,2004.0,34.0,5.0,50.5,Ni50.5Ti49.5 %,49.5
L.L. Meisner; V.P. Sivokha,Physica B: Condensed Matter,The effect of applied stress on the shape memory behavior of TiNi-based alloys with different consequences of martensitic transformations,2004.0,30.0,5.0,50.5,Ni50.5Ti49.5 %,49.5
L.L. Meisner; V.P. Sivokha,Physica B: Condensed Matter,The effect of applied stress on the shape memory behavior of TiNi-based alloys with different consequences of martensitic transformations,2004.0,27.0,5.0,50.5,Ni50.5Ti49.5 %,49.5
D. Maashaa; U.-O. Dorj; M. Lee; M. H. Lee; C. Zhao; M. Dashjav and S.-M. Woo,Modern Physics Letters B,Investigation on microstructure and martensitic transformation of neodymium-added NiTi shape memory alloys,2016.0,105.0,58.0,50.0,Ni50.0Ti50.0 %,50.0
"Liu; Fushun
Ding; Zhen
Li; Yan
Xu; Huibin",Intermatallics ,Phase transformation behaviors and mechanical properties of TiNiMo shape memory alloys,2005.0,99.0,35.0,50.0,Ni50.0Ti50.0 %,50.0
"Jiang; Hai Chang
Rong; Li Jian",Materials Science Forum,Microstructures and Mechanical Properties of Porous Ti<sub>51</sub>Ni<sub>(49-x)</sub>Mo<sub>x</sub> Shape Memory Alloys,2007.0,103.0,60.0,49.0,Ni49.0Ti51.0 %,51.0
J. Ma; F. Yang; J. I. Subirana; Z. J. Pu and K.-H. Wu,5th Annual International Symposium on Smart Structures and Materials,Study of NiTi-Ta shape memory alloys,1998.0,-46.0,-116.0,51.0,Ni51.0Ti49.0 %,49.0
J. Ma; K. Wu and Z. Pu,Materials science forum,Microstructure and transformation behavior of Ni50Ti50-xTax alloys,2000.0,98.0,27.0,50.0,Ni50.0Ti50.0 %,50.0
J.J Wang; T. Omori; Y. Sutou; R. Kainuma and K. Ishida,Scripta Materialia,Two-way shape memory effect induced by cold-rolling in Ti-Ni and Ti-Ni-Fe alloys,2005.0,-22.63100464,-89.57780859,51.0,Ni51.0Ti49.0 %,49.0
S.K. Wu; H.C. Lin and T.Y. Lin,Materials Science and Engineering:A,Electrical resistivity of Ti–Ni binary and Ti–Ni–X (X=Fe; Cu) ternary shape memory alloys,2006.0,77.07,0.64,50.0,Ni50.0Ti50.0 %,50.0
S.K. Wu; H.C. Lin and T.Y. Lin,Materials Science and Engineering:A,Electrical resistivity of Ti–Ni binary and Ti–Ni–X (X=Fe; Cu) ternary shape memory alloys,2006.0,43.54046768,-84.27822946,51.0,Ni51.0Ti49.0 %,49.0
S. Gururaja; M. Yaya and Y.S. Kang,Journal of Applied Physics,Design of ferromagnetic shape memory alloy composite made of Fe and TiNi particles,2007.0,40.0,15.0,50.9,Ni50.9Ti49.1 %,49.1
M. Bitzer; M. Bram; H. Buchkremer and D. Stöver,Journal of materials engineering and performance,Phase transformation behavior of hot isostatically pressed NiTi-X (X= Ag; Nb; W) alloys for functional engineering applications,2012.0,28.0,-26.0,50.8,Ni50.8Ti49.2 %,49.2
A. L. Liu; J. H. Sui; Y. C. Lei; W. Cai; Z. Y. Gao and L. C. Zhao,Journal of Materials Science,Effect of Y addition on microstructure and martensitic transformation of a Ni-rich Ti–Ni shape memory alloy,2007.0,-24.0,-66.0,50.7,Ni50.7Ti49.3 %,49.3
R.M. Manjeri,Department of Mechanical; Materials and Aerospace Engineering; University of Central Florida,Low temperature and reduced length scale behavior of shape memory and superelastic NiTi and NiTiFe alloys,2009.0,112.85,60.85,50.0,Ni50.0Ti50.0 %,50.0
R.M. Manjeri,Department of Mechanical; Materials and Aerospace Engineering; University of Central Florida,Low temperature and reduced length scale behavior of shape memory and superelastic NiTi and NiTiFe alloys,2009.0,9.85,-60.15,50.0,Ni50.0Ti50.0 %,50.0
T. Nishiura and M. Nishida,Materials Transactions,Internal defects of B19' martensite vi R-phase in Ti-Ni-Fe and thermally cycled Ti-Ni alloys,2009.0,81.61609347,25.6206155,50.0,Ni50.0Ti50.0 %,50.0
T. Nishiura and M. Nishida,Materials Transactions,Internal defects of B19' martensite vi R-phase in Ti-Ni-Fe and thermally cycled Ti-Ni alloys,2009.0,63.10477541,6.900262052,50.0,Ni50.0Ti50.0 %,50.0
T. Nishiura and M. Nishida,Materials Transactions,Internal defects of B19' martensite vi R-phase in Ti-Ni-Fe and thermally cycled Ti-Ni alloys,2009.0,59.44056612,-0.894288994,50.0,Ni50.0Ti50.0 %,50.0
Y. V. Kudryavtsev and E. Semenova,Powder Metallurgy and Metal Ceramics,Effect of scandium and yttrium on martensitic transformations in TiNi-based alloys,2009.0,122.0,45.0,50.0,Ni50.0Ti50.0 %,50.0
Y. V. Kudryavtsev and E. Semenova,Powder Metallurgy and Metal Ceramics,Effect of scandium and yttrium on martensitic transformations in TiNi-based alloys,2009.0,120.0,42.0,50.0,Ni50.0Ti50.0 %,50.0
D. König; P. Frowein; A. Wieczorek; J. Frenzel; S. Hamann; G. Eggeler and A. Ludwig,Shape Memory and Superelasticity,Composition; Constitution and Phase Transformation Behavior in Thin-Film and Bulk Ti–Ni–Y,2017.0,118.0,56.0,50.0,Ni50.0Ti50.0 %,50.0
B.D. Ingale; W.C. Wei; P.C. Chang; Y.K. Kuo and S.K. Wu,Journal of Applied Physics,Anomalous transport and thermal properties of NiTi and with Cu and Fe-doped shape memory alloys near the martensitic transition,2011.0,70.32881551,-33.25360683,50.0,Ni50.0Ti50.0 %,50.0
C-Y. Nien; H-K. Wang; C-H. Chen; S. Li; S-K Wu and C-H Hsueh,Journals of Materials Research: Cambridge University Press,Superelasticity of TiNi-based shape memory alloys at micro/nanoscale,2014.0,95.1,34.5,50.07,Ni50.07Ti49.93 %,49.93
C-Y. Nien; H-K. Wang; C-H. Chen; S. Li; S-K Wu and C-H Hsueh,Journals of Materials Research: Cambridge University Press,Superelasticity of TiNi-based shape memory alloys at micro/nanoscale,2014.0,-29.2,-101.1,50.95,Ni50.95Ti49.05 %,49.05
G.K. Gupta; K. K. Patel; R. Purohit and P. Bhagoria,Materials Today: Proceedings,Effect Of Rolling On Ni-Ti-Fe Shape Memory Alloys Prepared Through Novel Powder Metallurgy Route,2017.0,102.9452726,57.11711712,50.0,Ni50.0Ti50.0 %,50.0
Y-Q. Zhang; S-Y. Jiang; X-M. Zhu; Y-N. Zhao; Y-L. Liang and D. Sun,Transactions of Nonferrous Metals Society of China,Influence of Fe addition on phase transformation behavior of NiTi shape memory alloy,2017.0,68.3,13.4,50.0,Ni50.0Ti50.0 %,50.0
Y-N. Zhao; S-Y. Jiang; Y-Q. Zhang and Y-L. Liang,Acta Metallurgica Sinica (English Letters),Influence of Fe Addition on Phase Transformation; Microstructure and Mechanical Property of Equiatomic NiTi Shape Memory Alloy,2017.0,71.72413793,1.83908046,50.0,Ni50.0Ti50.0 %,50.0
"Kök; Mediha
Zardawi; Hanaa Shahab Ahmed
Qader; Ibrahim Nazem
Sait Kanca; M.",The European Physical Journal Plus,The effects of cobalt elements addition on Ti2Ni phases; thermodynamics parameters; crystal structure and transformation temperature of NiTi shape memory alloys,2019.0,52.0,-29.0,49.0,Ni49.0Ti51.0 %,51.0
El-Bagoury; N.,Materials Science and Technology,Microstructure and martensitic transformation and mechanical properties of cast Ni rich NiTiCo shape memory alloy,2014.0,35.0,-12.0,51.0,Ni51.0Ti49.0 %,49.0
A. L. Liu; W. Cai; Z. Y. Gao and L. C. Zhao,Materials Science and Engineering: A,The microstructure and martensitic transformation of (Ti49.3Ni50.7)1−xGdx shape memory alloys,2006.0,-24.0,-66.0,50.7,Ni50.7Ti49.3 %,49.3
P. Li; H. E. Karaca and Y.-T. Cheng,Journal of Alloys and Compounds,Spherical indentation of NiTi-based shape memory alloys,2015.0,122.0,45.0,50.1,Ni50.1Ti49.9 %,49.9
P. Li; H. E. Karaca and Y.-T. Cheng,Journal of Alloys and Compounds,Spherical indentation of NiTi-based shape memory alloys,2015.0,10.0,-34.0,50.8,Ni50.8Ti49.2 %,49.2
T. Sakuma; Y. Mihara; Y. Ochi; M. Ozawa; K. Okita and N. Okabe,Materials Science Forum,Effects of Pre-Strain and Nb Content on Transformation Temperatures in Ti-Ni-Nb Shape Memory Alloy,2005.0,90.0,43.0,50.0,Ni50.0Ti50.0 %,50.0
K. Uchida; N. Shigenaka; T. Sakuma; Y. Sutou and K. Yamauchi,Materials transactions,Effect of Nb content on martensitic transformation temperatures and mechanical properties of Ti-Ni-Nb shape memory alloys for pipe joint applications,2007.0,104.0,38.0,50.36,Ni50.36Ti49.64 %,49.64
N. El-Bagoury and A. A. Nofal,Materials Science and Technology,Phase transformation and microstructure and mechanical properties of as cast NiTiRe shape memory alloys,2014.0,37.0,25.0,52.0,Ni52.0Ti48.0 %,48.0
